_Collision Id,Borough Name,Borough Number,Easting,Northing,_Vehicle Id,Vehicle Type Banded,Vehicle Type,Vehicle Manoeuvres,Vehicle Skidding and Overturning,Vehicle Restricted Lane,Location of Vehicle at First Impact,Vehicle Hit Object in Carriageway,Vehicle Leaving Carriageway,Vehicle Hit Object Off Carriageway,First Point of Impact,Journey Purpose,Driver Gender,Driver Age,Driver age (Banded)
1210291408,Greenwich,6,544554,177816,1,Goods Vehicle,GDS =< 3.5T,Turning Right,No Skidding/Overturn,On Main CW - Not Rest.,Jct Cleared,None,Did Not Leave,None,Front Hit First,Comm To/From Work,Male,57,35-64
1210291414,Ealing,27,517986,182717,2,Car,Car,Going Ahead Other,No Skidding/Overturn,On Main CW - Not Rest.,Not At Jct,None,Did Not Leave,None,Front Hit First,Comm To/From Work,Female,60,35-64
1210291446,Brent,28,518071,185050,1,Car,Car,Moving Off,No Skidding/Overturn,On Main CW - Not Rest.,Jct App,None,Did Not Leave,None,Front Hit First,Other/Not Known,Male,17,17-24
1210291454,Redbridge,14,543396,186996,2,Car,Car,Going Ahead Other,Unknown (S/R),Unknown (S/R),Unknown (S/R),Unknown (S/R),Unknown (S/R),Unknown (S/R),Front Hit First,Unknown,Male,61,35-64
1210291458,Tower Hamlets,5,534085,182546,1,Car,Car,Turning Left,No Skidding/Overturn,On Main CW - Not Rest.,Not At Jct,Hit Parked Veh,Did Not Leave,None,Front Hit First,Unknown,Male,51,35-64
1210291471,Newham,17,540518,185671,1,Car,Car,Going Ahead Other,No Skidding/Overturn,On Main CW - Not Rest.,Jct Mid,None,Did Not Leave,None,Front Hit First,Taking Pupil To/From Sch,Female,45,35-64
1210291508,Ealing,27,520462,181485,1,Car,Car,Waiting To Turn Left,No Skidding/Overturn,On Main CW - Not Rest.,Entering R'about,None,Did Not Leave,None,Front Hit First,Comm To/From Work,Male,25,25-34
1210291512,Hammersmith & Fulham,11,522950,181715,1,Car,Car,Going Ahead Other,No Skidding/Overturn,On Main CW - Not Rest.,Jct Cleared,None,Did Not Leave,None,Front Hit First,Unknown,Male,56,35-64
1210291520,Hounslow,25,517813,178274,1,Car,Car,Going Ahead Other,No Skidding/Overturn,On Main CW - Not Rest.,Leaving R'about,None,Left Cwy Onto Central Res,Wall Or Fence,Front Hit First,Other/Not Known,Female,30,25-34
1210291522,Barnet,30,522552,191376,2,Car,Car,Going Ahead Other,No Skidding/Overturn,On Main CW - Not Rest.,Not At Jct,None,Did Not Leave,None,Front Hit First,Unknown,Male,33,25-34
1210291529,Harrow,29,516934,192208,1,Car,Car,Slowing Or Stopping,No Skidding/Overturn,On Main CW - Not Rest.,Jct App,None,Did Not Leave,None,Front Hit First,Unknown,Female,62,35-64
1210291534,Lambeth,9,531181,175947,2,Goods Vehicle,GDS =< 3.5T,Going Ahead Other,No Skidding/Overturn,On Main CW - Not Rest.,Jct Cleared,None,Did Not Leave,None,Front Hit First,Unknown,Male,47,35-64
1210291538,Lambeth,9,531274,177519,1,Goods Vehicle,GDS =< 3.5T,Turning Right,No Skidding/Overturn,On Main CW - Not Rest.,Jct Mid,None,Did Not Leave,None,Front Hit First,Jny Part Of Work,Male,43,35-64
1210291545,Haringey,31,530242,190595,1,Car,Car,Going Ahead Left Bend,No Skidding/Overturn,On Main CW - Not Rest.,Jct App,None,Did Not Leave,None,Front Hit First,Other/Not Known,Female,50,35-64
1210291549,Bromley,19,538648,168566,2,Car,Car,Going Ahead Right Bend,Skidded,On Main CW - Not Rest.,Jct Mid,None,Did Not Leave,None,Front Hit First,Other/Not Known,Female,45,35-64
1210291555,Camden,2,529536,184640,1,Car,Car,Turning Right,No Skidding/Overturn,On Main CW - Not Rest.,Leaving Main Rd,None,Did Not Leave,None,Front Hit First,Jny Part Of Work,Male,52,35-64
1210291572,Enfield,32,535161,197208,1,Car,Car,Turning Right,No Skidding/Overturn,On Main CW - Not Rest.,Leaving Main Rd,None,Did Not Leave,None,Front Hit First,Other/Not Known,Female,64,35-64
1210291578,Lewisham,7,537089,171820,2,Car,Car,Going Ahead Other,No Skidding/Overturn,On Main CW - Not Rest.,Jct Cleared,None,Did Not Leave,None,Front Hit First,Unknown,Male,31,25-34
1210291587,Tower Hamlets,5,537938,179484,1,Car,Car,Going Ahead Other,No Skidding/Overturn,On Main CW - Not Rest.,Leaving Main Rd,None,Did Not Leave,None,Front Hit First,Comm To/From Work,Male,23,17-24
1210291625,Hackney,4,536071,184210,1,Car,Car,Going Ahead Other,No Skidding/Overturn,On Main CW - Not Rest.,Jct App,None,Did Not Leave,None,Front Hit First,Jny Part Of Work,Male,35,35-64
1210291636,Southwark,8,534075,177161,1,Car,Car,Going Ahead Other,No Skidding/Overturn,On Main CW - Not Rest.,Jct App,Hit Parked Veh,Did Not Leave,None,Front Hit First,Comm To/From Work,Male,38,35-64
1210291639,Redbridge,14,539890,191543,2,Car,Car,Going Ahead Other,Unknown (S/R),Unknown (S/R),Jct Mid,None,Did Not Leave,None,Front Hit First,Unknown,Not Traced,40,35-64
1210291640,Croydon,20,533165,168404,1,Car,Car,Going Ahead Other,No Skidding/Overturn,On Main CW - Not Rest.,Jct App,None,Did Not Leave,None,Front Hit First,Other/Not Known,Female,37,35-64
1210291650,Barnet,30,523037,189517,2,Car,Car,Going Ahead Other,No Skidding/Overturn,On Main CW - Not Rest.,Not At Jct,None,Did Not Leave,None,Front Hit First,Unknown,Male,55,35-64
1210291652,Hounslow,25,512437,176889,1,Car,Car,Unknown (S/R),Unknown (S/R),Unknown (S/R),Unknown (S/R),Unknown (S/R),Unknown (S/R),Unknown (S/R),Front Hit First,Other/Not Known,Female,37,35-64
1210291654,Kensington & Chelsea,12,526934,177490,1,Car,Car,Moving Off,No Skidding/Overturn,On Main CW - Not Rest.,Jct Cleared,None,Did Not Leave,None,Front Hit First,Unknown,Male,52,35-64
1210291657,Ealing,27,521371,180743,1,Car,Car,Going Ahead Held Up,No Skidding/Overturn,On Main CW - Not Rest.,Entering R'about,None,Did Not Leave,None,Front Hit First,Jny Part Of Work,Male,40,35-64
1210291658,Hillingdon,26,507462,178728,2,Goods Vehicle,GDS =< 3.5T,Going Ahead Other,No Skidding/Overturn,On Main CW - Not Rest.,Entering R'about,None,Did Not Leave,None,Front Hit First,Unknown,Male,32,25-34
1210291659,Ealing,27,521077,180065,2,Car,Car,Turning Right,No Skidding/Overturn,On Main CW - Not Rest.,Leaving Main Rd,None,Did Not Leave,None,Front Hit First,Unknown,Male,19,17-24
1210291660,Hackney,4,534138,183723,2,Car,Car,Going Ahead Other,No Skidding/Overturn,On Main CW - Not Rest.,Jct App,Hit Parked Veh,Did Not Leave,None,Front Hit First,Unknown,Male,56,35-64
1210291665,Lambeth,9,532027,175892,1,Car,Car,Moving Off,No Skidding/Overturn,On Main CW - Not Rest.,Entering Main Rd,None,Did Not Leave,None,Front Hit First,Jny Part Of Work,Male,53,35-64
1210291666,Barnet,30,520450,190052,1,Taxi,Taxi,Unknown (S/R),Unknown (S/R),Unknown (S/R),Unknown (S/R),Unknown (S/R),Unknown (S/R),Unknown (S/R),Front Hit First,Other/Not Known,Male,28,25-34
1210291674,Croydon,20,533560,166241,1,Car,Car,U-turning,No Skidding/Overturn,On Main CW - Not Rest.,Not At Jct,None,Did Not Leave,None,Front Hit First,Other/Not Known,Male,53,35-64
1210291684,Barnet,30,521773,191509,2,Car,Car,Going Ahead Other,No Skidding/Overturn,On Main CW - Not Rest.,Jct App,None,Did Not Leave,None,Front Hit First,Other/Not Known,Female,41,35-64
1210291687,Havering,15,553383,190713,1,Car,Car,Going Ahead Other,No Skidding/Overturn,On Main CW - Not Rest.,Jct App,None,Did Not Leave,None,Front Hit First,Other/Not Known,Male,39,35-64
1210291702,Kingston-Upon-Thames,23,518941,169276,1,Car,Car,Going Ahead Right Bend,No Skidding/Overturn,Footway,Jct Mid,None,Left Cwy Nearside,Hit Oth Object,Front Hit First,Other/Not Known,Female,27,25-34
1210291704,Bromley,19,542744,169661,1,Car,Car,Going Ahead Other,No Skidding/Overturn,On Main CW - Not Rest.,Jct App,None,Did Not Leave,None,Front Hit First,Unknown,Male,28,25-34
1210291706,Bexley,18,551139,174901,1,Car,Car,Going Ahead Right Bend,Skidded,On Main CW - Not Rest.,Jct App,Hit Kerb,Left Cwy Ahead At Junctn,Wall Or Fence,Front Hit First,Unknown,Male,39,35-64
1210291709,Brent,28,521844,185393,2,Goods Vehicle,GDS =< 3.5T,Going Ahead Other,No Skidding/Overturn,On Main CW - Not Rest.,Not At Jct,None,Did Not Leave,None,Front Hit First,Jny Part Of Work,Male,22,17-24
1210291711,Southwark,8,533090,177210,1,Taxi,Taxi,Unknown (S/R),Unknown (S/R),Unknown (S/R),Not At Jct,Unknown (S/R),Unknown (S/R),Unknown (S/R),Front Hit First,Unknown,Male,29,25-34
1210291722,Lambeth,9,530701,171035,1,Car,Car,Moving Off,No Skidding/Overturn,On Main CW - Not Rest.,Leaving Main Rd,None,Did Not Leave,None,Front Hit First,Other/Not Known,Male,55,35-64
1210291730,Kensington & Chelsea,12,526763,177744,1,Car,Car,Going Ahead Other,No Skidding/Overturn,On Main CW - Not Rest.,Jct Mid,None,Did Not Leave,None,Front Hit First,Unknown,Male,76,65+
1210291733,Richmond-Upon-Thames,24,514209,173630,2,Car,Car,Going Ahead Other,No Skidding/Overturn,On Main CW - Not Rest.,Jct App,None,Did Not Leave,None,Front Hit First,Comm To/From Work,Male,27,25-34
1210291734,Harrow,29,512994,191263,1,Bus Or Coach,Bus/Coach,Unknown (S/R),Unknown (S/R),Unknown (S/R),Unknown (S/R),Unknown (S/R),Unknown (S/R),Unknown (S/R),Front Hit First,Unknown,Male,31,25-34
1210291736,Lambeth,9,530089,171057,1,Car,Car,Turning Right,No Skidding/Overturn,On Main CW - Not Rest.,Jct App,None,Did Not Leave,None,Front Hit First,Other/Not Known,Male,48,35-64
1210291740,Brent,28,524618,183275,1,Car,Car,Turning Right,No Skidding/Overturn,On Main CW - Not Rest.,Jct Mid,None,Did Not Leave,None,Front Hit First,Other/Not Known,Female,53,35-64
1210291749,Enfield,32,531922,196987,2,Car,Car,Going Ahead Other,Overturn,On Main CW - Not Rest.,Jct Cleared,Hit Parked Veh,Left Cwy Offside,None,Front Hit First,Other/Not Known,Female,44,35-64
1210291769,Bromley,19,544155,164492,1,Goods Vehicle,GDS =< 3.5T,Going Ahead Other,Skidded,On Main CW - Not Rest.,Not At Jct,Hit Bollard,Left Cwy Offside,None,Front Hit First,Other/Not Known,Male,44,35-64
1210291772,Bromley,19,539647,170403,1,Car,Car,Turning Right,No Skidding/Overturn,On Main CW - Not Rest.,Jct Mid,None,Did Not Leave,None,Front Hit First,Unknown,Male,63,35-64
1210291776,Greenwich,6,546872,178493,1,Goods Vehicle,GDS =< 3.5T,Unknown (S/R),Unknown (S/R),Unknown (S/R),Unknown (S/R),Unknown (S/R),Unknown (S/R),Unknown (S/R),Front Hit First,Unknown,Not Traced,25,25-34
1210291784,Hackney,4,533283,184792,1,Car,Car,Unknown (S/R),Unknown (S/R),Unknown (S/R),Unknown (S/R),Unknown (S/R),Unknown (S/R),Unknown (S/R),Front Hit First,Other/Not Known,Male,22,17-24
1210291799,Sutton,21,528885,163629,1,Car,Car,Going Ahead Other,No Skidding/Overturn,Footway,Not At Jct,None,Did Not Leave,None,Front Hit First,Unknown,Male,36,35-64
1210291800,Barking & Dagenham,16,547334,185732,1,Car,Car,Going Ahead Other,No Skidding/Overturn,Footway,Jct App,None,Left Cwy Nearside,Hit Lamp Post,Front Hit First,Other/Not Known,Male,18,17-24
1210291801,Westminster,1,528207,181059,1,Private Hire,Private Hire - Licensed,Going Ahead Other,No Skidding/Overturn,On Main CW - Not Rest.,Jct Mid,None,Did Not Leave,None,Front Hit First,Jny Part Of Work,Male,44,35-64
1210291807,Merton,22,524919,170893,1,Car,Car,Moving Off,Overturn,On Main CW - Not Rest.,Jct App,None,Did Not Leave,None,Front Hit First,Other/Not Known,Female,85,65+
1210291808,Haringey,31,531021,189478,1,Goods Vehicle,GDS =< 3.5T,Turning Right,No Skidding/Overturn,On Main CW - Not Rest.,Jct Mid,None,Did Not Leave,None,Front Hit First,Other/Not Known,Male,39,35-64
1210291818,Hillingdon,26,508186,183813,2,Car,Car,Going Ahead Other,No Skidding/Overturn,On Main CW - Not Rest.,Jct Mid,None,Did Not Leave,None,Front Hit First,Unknown,Male,30,25-34
1210291827,Haringey,31,532063,191375,1,Car,Car,Going Ahead Other,No Skidding/Overturn,On Main CW - Not Rest.,Not At Jct,None,Did Not Leave,None,Front Hit First,Unknown,Male,25,25-34
1210291842,Waltham Forest,13,538925,193970,2,Private Hire,Private Hire - Licensed,Going Ahead Other,No Skidding/Overturn,On Main CW - Not Rest.,Jct App,None,Did Not Leave,None,Front Hit First,Jny Part Of Work,Male,29,25-34
1210291844,Bromley,19,545463,157997,1,Car,Car,Going Ahead Right Bend,No Skidding/Overturn,On Main CW - Not Rest.,Not At Jct,None,Left Cwy Nearside/Rebound,Hit Tree,Front Hit First,Other/Not Known,Male,17,17-24
1210291855,Brent,28,517137,186209,1,Car,Car,Unknown (S/R),Unknown (S/R),Unknown (S/R),Unknown (S/R),Unknown (S/R),Unknown (S/R),Unknown (S/R),Front Hit First,Other/Not Known,Male,28,25-34
1210291867,Croydon,20,537960,162729,1,Car,Car,Turning Left,Skidded,On Main CW - Not Rest.,Leaving R'about,Hit Kerb,Left Cwy Offside,Hit Rd Sign/Ats,Front Hit First,Jny Part Of Work,Female,23,17-24
1210291871,Harrow,29,514689,191432,1,Car,Car,Change Lane To Right,No Skidding/Overturn,On Main CW - Not Rest.,Jct Mid,None,Did Not Leave,None,Front Hit First,Other/Not Known,Male,37,35-64
1210291882,Croydon,20,530877,157933,1,Car,Car,Going Ahead Other,No Skidding/Overturn,On Main CW - Not Rest.,Jct Cleared,None,Did Not Leave,None,Front Hit First,Unknown,Male,40,35-64
1210291885,Bromley,19,543511,171197,1,Bus Or Coach,London Bus,Going Ahead Other,No Skidding/Overturn,On Main CW - Not Rest.,Jct Mid,None,Did Not Leave,None,Front Hit First,Jny Part Of Work,Male,28,25-34
1210291886,Tower Hamlets,5,537321,181839,1,Car,Car,Turning Right,No Skidding/Overturn,On Main CW - Not Rest.,Jct Mid,None,Did Not Leave,None,Front Hit First,Jny Part Of Work,Male,40,35-64
1210291888,Westminster,1,526228,181415,1,Car,Car,Moving Off,No Skidding/Overturn,On Main CW - Not Rest.,Jct App,Hit Bollard,Did Not Leave,None,Front Hit First,Other/Not Known,Male,27,25-34
1210291896,Westminster,1,529937,180479,1,Car,Car,Turning Right,No Skidding/Overturn,Footway,Entering Main Rd,Hit Kerb,Left Cwy Offside,Wall Or Fence,Front Hit First,Unknown,Male,39,35-64
1210291910,Waltham Forest,13,537364,189706,1,Car,Car,U-turning,No Skidding/Overturn,On Main CW - Not Rest.,Jct App,None,Did Not Leave,None,Front Hit First,Other/Not Known,Female,33,25-34
1210291917,Hounslow,25,511938,176782,1,Car,Car,Turning Right,Skidded,On Main CW - Not Rest.,Leaving Main Rd,None,Did Not Leave,None,Front Hit First,Comm To/From Work,Male,35,35-64
1210291927,Redbridge,14,544347,187127,1,Car,Car,Going Ahead Other,Unknown (S/R),Unknown (S/R),Entering R'about,Unknown (S/R),Unknown (S/R),Unknown (S/R),Front Hit First,Comm To/From Work,Male,25,25-34
1210291937,Tower Hamlets,5,535709,183006,2,Goods Vehicle,GDS =< 3.5T,Slowing Or Stopping,Skidded,On Main CW - Not Rest.,Jct Mid,None,Did Not Leave,None,Front Hit First,Unknown,Male,56,35-64
1210291951,Ealing,27,518625,180550,1,Car,Car,Going Ahead Other,No Skidding/Overturn,On Main CW - Not Rest.,Jct Mid,None,Did Not Leave,None,Front Hit First,Other/Not Known,Male,18,17-24
1210291957,Bexley,18,549462,175659,1,Car,Car,Slowing Or Stopping,No Skidding/Overturn,On Main CW - Not Rest.,Jct Cleared,None,Did Not Leave,None,Front Hit First,Other/Not Known,Male,28,25-34
1210291964,Bexley,18,550231,173995,2,Goods Vehicle,GDS =< 3.5T,Slowing Or Stopping,Skidded,On Main CW - Not Rest.,Not At Jct,None,Did Not Leave,None,Front Hit First,Jny Part Of Work,Male,34,25-34
1210292002,Lambeth,9,529995,171485,1,Bus Or Coach,London Bus,Moving Off,No Skidding/Overturn,On Main CW - Not Rest.,Jct Cleared,None,Did Not Leave,None,Front Hit First,Jny Part Of Work,Male,55,35-64
1210292005,Brent,28,519784,184461,1,Goods Vehicle,GDS =< 3.5T,Slowing Or Stopping,Skidded,On Main CW - Not Rest.,Jct App,None,Did Not Leave,None,Front Hit First,Jny Part Of Work,Male,28,25-34
1210292016,Greenwich,6,543048,175600,1,Car,Car,Unknown (S/R),Unknown (S/R),Unknown (S/R),Unknown (S/R),Unknown (S/R),Unknown (S/R),Unknown (S/R),Front Hit First,Other/Not Known,Male,31,25-34
1210292026,Lambeth,9,530425,173475,2,Car,Car,Moving Off,No Skidding/Overturn,On Main CW - Not Rest.,Jct App,None,Did Not Leave,None,Front Hit First,Comm To/From Work,Male,50,35-64
1210292038,Merton,22,527772,168979,1,Car,Car,Turning Right,Skidded,Footway,Jct App,Hit Bollard,Left Cwy Ahead At Junctn,Hit Rd Sign/Ats,Front Hit First,Unknown,Female,47,35-64
1210292043,Bromley,19,541614,169520,1,Car,Car,Slowing Or Stopping,Skidded,On Main CW - Not Rest.,Jct Cleared,Hit Parked Veh,Did Not Leave,None,Front Hit First,Other/Not Known,Male,24,17-24
1210292064,Merton,22,528211,168225,1,Car,Car,Slowing Or Stopping,Skidded,Footway,Jct App,Hit Kerb,Left Cwy Nearside,Hit Lamp Post,Front Hit First,Taking Pupil To/From Sch,Female,28,25-34
1210292065,Bromley,19,540652,168544,1,Car,Car,Moving Off,Skidded,On Main CW - Not Rest.,Jct Cleared,Hit Kerb,Left Cwy Nearside,Hit Lamp Post,Front Hit First,Comm To/From Work,Female,51,35-64
1210292066,Greenwich,6,542877,178491,1,Car,Car,Moving Off,No Skidding/Overturn,On Main CW - Not Rest.,Jct Mid,None,Did Not Leave,None,Front Hit First,Other/Not Known,Male,55,35-64
1210292074,Redbridge,14,540869,189311,1,Car,Car,Moving Off,No Skidding/Overturn,On Main CW - Not Rest.,Entering Main Rd,None,Did Not Leave,None,Front Hit First,Jny Part Of Work,Female,41,35-64
1210292088,Redbridge,14,541545,188312,2,Other Vehicle,Other Vehicle,Going Ahead Other,Unknown (S/R),Unknown (S/R),Not At Jct,Unknown (S/R),Unknown (S/R),Unknown (S/R),Front Hit First,Unknown,Male,40,35-64
1210292095,Hillingdon,26,508110,191241,1,Goods Vehicle,GDS =< 3.5T,Unknown (S/R),Unknown (S/R),Unknown (S/R),Unknown (S/R),Unknown (S/R),Unknown (S/R),Unknown (S/R),Front Hit First,Unknown,Male,28,25-34
1210292102,Barking & Dagenham,16,545865,184313,1,Car,Car,Going Ahead Other,Unknown (S/R),Unknown (S/R),Not At Jct,Unknown (S/R),Unknown (S/R),Unknown (S/R),Front Hit First,Comm To/From Work,Male,40,35-64
1210292131,Hackney,4,534237,187132,1,Car,Car,Going Ahead Other,No Skidding/Overturn,On Main CW - Not Rest.,Not At Jct,None,Did Not Leave,None,Front Hit First,Other/Not Known,Male,21,17-24
1210292134,Waltham Forest,13,538075,187941,1,Goods Vehicle,GDS =< 3.5T,Going Ahead Other,No Skidding/Overturn,On Main CW - Not Rest.,Jct App,None,Did Not Leave,None,Front Hit First,Comm To/From Work,Male,51,35-64
1210292149,Greenwich,6,542043,175149,1,Car,Car,Going Ahead Held Up,No Skidding/Overturn,On Main CW - Not Rest.,Jct App,None,Did Not Leave,None,Front Hit First,Jny Part Of Work,Female,36,35-64
1210292153,Tower Hamlets,5,534949,180768,1,Car,Car,Going Ahead Other,No Skidding/Overturn,Footway,Not At Jct,None,Did Not Leave,None,Front Hit First,Other/Not Known,Male,29,25-34
1210292171,Newham,17,542305,185665,1,Car,Car,Going Ahead Other,No Skidding/Overturn,On Main CW - Not Rest.,Jct App,None,Did Not Leave,None,Front Hit First,Other/Not Known,Male,23,17-24
1210292218,Havering,15,550942,188624,2,Bus Or Coach,London Bus,Going Ahead Other,No Skidding/Overturn,On Main CW - Not Rest.,Jct App,None,Did Not Leave,None,Front Hit First,Jny Part Of Work,Male,59,35-64
1210292219,Haringey,31,529933,191163,1,Car,Car,Going Ahead Left Bend,No Skidding/Overturn,Footway,Jct App,Hit Bollard,Left Cwy Nearside,Wall Or Fence,Front Hit First,Other/Not Known,Female,73,65+
1210292220,Merton,22,523270,170531,1,Car,Car,Going Ahead Other,No Skidding/Overturn,On Main CW - Not Rest.,Jct Cleared,None,Left Cwy Nearside,Hit Oth Object,Front Hit First,Comm To/From Work,Female,75,65+
1210292231,Tower Hamlets,5,538245,180775,2,Car,Car,Unknown (S/R),Unknown (S/R),Unknown (S/R),Unknown (S/R),Unknown (S/R),Unknown (S/R),Unknown (S/R),Front Hit First,Unknown,Not Traced,27,25-34
1210292233,Greenwich,6,543140,179195,1,Goods Vehicle,GDS =< 3.5T,Going Ahead Other,No Skidding/Overturn,On Main CW - Not Rest.,Jct App,Hit Parked Veh,Did Not Leave,None,Front Hit First,Jny Part Of Work,Female,49,35-64
1210292249,Harrow,29,519038,189073,1,Bus Or Coach,London Bus,Going Ahead Other,No Skidding/Overturn,On Main CW - Not Rest.,Not At Jct,None,Did Not Leave,None,Front Hit First,Jny Part Of Work,Male,27,25-34
1210292250,Waltham Forest,13,538651,194197,2,Bus Or Coach,Bus/Coach,Unknown (S/R),Unknown (S/R),Unknown (S/R),Not At Jct,Unknown (S/R),Unknown (S/R),Unknown (S/R),Front Hit First,Unknown,Not Traced,44,35-64
1210292251,Camden,2,526018,186268,1,Car,Car,Turning Right,No Skidding/Overturn,On Main CW - Not Rest.,Jct App,None,Did Not Leave,None,Front Hit First,Comm To/From Work,Female,55,35-64
1210292252,Islington,3,531139,186540,1,Car,Car,Going Ahead Other,No Skidding/Overturn,On Main CW - Not Rest.,Not At Jct,None,Did Not Leave,None,Front Hit First,Comm To/From Work,Male,30,25-34
1210292264,Westminster,1,526862,181702,1,Car,Car,Going Ahead Held Up,No Skidding/Overturn,On Main CW - Not Rest.,Entering Main Rd,None,Did Not Leave,None,Front Hit First,Jny Part Of Work,Male,70,65+
1210292279,Lambeth,9,532105,175737,1,Car,Car,Going Ahead Other,No Skidding/Overturn,On Main CW - Not Rest.,Jct App,None,Did Not Leave,None,Front Hit First,Other/Not Known,Male,47,35-64
1210292281,Barnet,30,520915,192939,2,Goods Vehicle,GDS =< 3.5T,Going Ahead Other,No Skidding/Overturn,On Main CW - Not Rest.,Jct App,None,Did Not Leave,None,Front Hit First,Comm To/From Work,Male,45,35-64
1210292286,Greenwich,6,546319,177554,1,Goods Vehicle,GDS =< 3.5T,Moving Off,No Skidding/Overturn,On Main CW - Not Rest.,Jct Cleared,None,Did Not Leave,None,Front Hit First,Unknown,Male,27,25-34
1210292292,Tower Hamlets,5,538363,180767,1,Car,Car,Unknown (S/R),Unknown (S/R),Unknown (S/R),Unknown (S/R),Unknown (S/R),Unknown (S/R),Unknown (S/R),Front Hit First,Unknown,Male,44,35-64
1210292293,Greenwich,6,541123,174285,1,Car,Car,Going Ahead Right Bend,Skidded,On Main CW - Not Rest.,Jct Mid,Hit Bollard,Left Cwy Onto Central Res,Hit Rd Sign/Ats,Front Hit First,Jny Part Of Work,Male,59,35-64
1210292297,Greenwich,6,541191,177086,1,Car,Car,Going Ahead Other,No Skidding/Overturn,On Main CW - Not Rest.,Not At Jct,None,Did Not Leave,None,Front Hit First,Jny Part Of Work,Male,39,35-64
1210292299,Kingston-Upon-Thames,23,518370,167872,1,Car,Car,Going Ahead Other,Skidded,On Main CW - Not Rest.,Jct App,None,Left Cwy Nearside,Hit Lamp Post,Front Hit First,Comm To/From Work,Male,30,25-34
1210292308,Camden,2,530031,182225,1,Goods Vehicle,GDS =< 3.5T,Overtake Stat Veh O/S,Skidded,On Main CW - Not Rest.,Jct Cleared,None,Left Cwy Offside,None,Front Hit First,Jny Part Of Work,Male,26,25-34
1210292321,Enfield,32,532896,197076,1,Car,Car,Going Ahead Other,Skidded,On Main CW - Not Rest.,Jct App,None,Did Not Leave,None,Front Hit First,Other/Not Known,Male,32,25-34
1210292334,Westminster,1,526044,182883,1,Car,Car,Turning Right,No Skidding/Overturn,Leaving Lay-by/Hard Shldr,Jct App,None,Left Cwy Onto Central Res,Hit Oth Object,Front Hit First,Jny Part Of Work,Male,42,35-64
1210292337,Waltham Forest,13,539800,187386,1,Car,Car,Going Ahead Other,No Skidding/Overturn,On Main CW - Not Rest.,Jct Cleared,None,Did Not Leave,None,Front Hit First,Other/Not Known,Female,39,35-64
1210292338,Camden,2,528725,186525,1,Car,Car,Going Ahead Other,Skidded,On Main CW - Not Rest.,Jct Mid,Hit Parked Veh,Did Not Leave,None,Front Hit First,Other/Not Known,Female,44,35-64
1210292351,Hammersmith & Fulham,11,523491,179220,2,Car,Car,Unknown (S/R),Unknown (S/R),Unknown (S/R),Unknown (S/R),Unknown (S/R),Unknown (S/R),Unknown (S/R),Front Hit First,Unknown,Not Traced,37,35-64
1210292355,Southwark,8,534399,177985,1,Other Vehicle,Minibus,Going Ahead Other,No Skidding/Overturn,On Main CW - Not Rest.,Jct App,None,Did Not Leave,None,Front Hit First,Jny Part Of Work,Male,51,35-64
1210292356,Brent,28,518159,184387,2,Car,Car,Unknown (S/R),Unknown (S/R),Unknown (S/R),Unknown (S/R),Unknown (S/R),Unknown (S/R),Unknown (S/R),Front Hit First,Unknown,Male,64,35-64
1210292358,Havering,15,551281,188026,1,Car,Car,Going Ahead Other,No Skidding/Overturn,On Main CW - Not Rest.,Not At Jct,Hit Kerb,Left Cwy Nearside/Rebound,Hit Oth Object,Front Hit First,Unknown,Male,57,35-64
1210292359,Barnet,30,526412,195434,1,Car,Car,Going Ahead Other,No Skidding/Overturn,On Main CW - Not Rest.,Not At Jct,Hit Parked Veh,Left Cwy Nearside,None,Front Hit First,Other/Not Known,Male,64,35-64
1210292371,Waltham Forest,13,536453,187237,1,Car,Car,Turning Right,No Skidding/Overturn,On Main CW - Not Rest.,Leaving Main Rd,None,Did Not Leave,None,Front Hit First,Jny Part Of Work,Male,37,35-64
1210292376,Brent,28,524629,184679,1,Car,Car,Turning Right,No Skidding/Overturn,On Main CW - Not Rest.,Jct Mid,None,Did Not Leave,None,Front Hit First,Other/Not Known,Male,30,25-34
1210292386,Haringey,31,533890,190449,1,Car,Car,Turning Right,No Skidding/Overturn,On Main CW - Not Rest.,Entering Main Rd,None,Did Not Leave,None,Front Hit First,Other/Not Known,Male,66,65+
1210292391,Hackney,4,533848,186422,1,Car,Car,Moving Off,No Skidding/Overturn,On Main CW - Not Rest.,Jct App,None,Did Not Leave,None,Front Hit First,Other/Not Known,Male,45,35-64
1210292398,Lewisham,7,534881,171321,1,Car,Car,Going Ahead Other,No Skidding/Overturn,On Main CW - Not Rest.,Jct App,None,Left Cwy Nearside,None,Front Hit First,Other/Not Known,Male,23,17-24
1210292428,Islington,3,531660,184733,1,Car,Car,Going Ahead Other,Skidded,On Main CW - Not Rest.,Jct Cleared,Hit Parked Veh,Left Cwy Nearside,None,Front Hit First,Other/Not Known,Female,27,25-34
1210292436,Kingston-Upon-Thames,23,517158,161355,1,Car,Car,Moving Off,No Skidding/Overturn,On Main CW - Not Rest.,Entering Main Rd,None,Left Cwy Offside,None,Front Hit First,Jny Part Of Work,Male,59,35-64
1210292456,Wandsworth,10,527207,171041,2,Car,Car,Unknown (S/R),Unknown (S/R),Unknown (S/R),Unknown (S/R),Unknown (S/R),Unknown (S/R),Unknown (S/R),Front Hit First,Unknown,Not Traced,29,25-34