_Collision Id,Borough Name,Borough Number,Easting,Northing,_Vehicle Id,Vehicle Type Banded,Vehicle Type,Vehicle Manoeuvres,Vehicle Skidding and Overturning,Vehicle Restricted Lane,Location of Vehicle at First Impact,Vehicle Hit Object in Carriageway,Vehicle Leaving Carriageway,Vehicle Hit Object Off Carriageway,First Point of Impact,Journey Purpose,Driver Gender,Driver Age,Driver age (Banded)
1210302338,Westminster,1,526754,183102,1,Car,Car,Turning Right,No Skidding/Overturn,On Main CW - Not Rest.,Jct Mid,None,Did Not Leave,None,Front Hit First,Comm To/From Work,Female,58,35-64
1210302345,Bromley,19,544099,164357,1,Car,Car,Going Ahead Other,No Skidding/Overturn,On Main CW - Not Rest.,Not At Jct,Hit Parked Veh,Did Not Leave,None,Front Hit First,Other/Not Known,Female,81,65+
1210302353,Kingston-Upon-Thames,23,517426,162087,2,Car,Car,Going Ahead Other,No Skidding/Overturn,On Main CW - Not Rest.,Not At Jct,None,Did Not Leave,None,Front Hit First,Unknown,Female,56,35-64
1210302369,Brent,28,518319,183671,1,Car,Car,Going Ahead Other,Skid/Over,On Main CW - Not Rest.,Not At Jct,Hit Parked Veh,Did Not Leave,None,Front Hit First,Unknown,Male,22,17-24
1210302378,Hounslow,25,513125,178126,1,Goods Vehicle,GDS =< 3.5T,Turning Left,No Skidding/Overturn,On Main CW - Not Rest.,Entering Main Rd,None,Did Not Leave,None,Front Hit First,Comm To/From Work,Male,42,35-64
1210302382,Redbridge,14,546215,192080,2,Car,Car,Going Ahead Other,No Skidding/Overturn,On Main CW - Not Rest.,Jct App,None,Did Not Leave,None,Front Hit First,Comm To/From Work,Male,32,25-34
1210302383,Hackney,4,531592,186906,2,Car,Car,Unknown (S/R),Unknown (S/R),Unknown (S/R),Not At Jct,Unknown (S/R),Unknown (S/R),Unknown (S/R),Front Hit First,Unknown,Female,32,25-34
1210302389,Bexley,18,545775,175805,2,Car,Car,Turning Right,No Skidding/Overturn,On Main CW - Not Rest.,Entering Main Rd,None,Did Not Leave,None,Front Hit First,Taking Pupil To/From Sch,Female,36,35-64
1210302397,Wandsworth,10,527483,177239,2,Taxi,Taxi,Unknown (S/R),Unknown (S/R),Unknown (S/R),Unknown (S/R),Unknown (S/R),Unknown (S/R),Unknown (S/R),Front Hit First,Unknown,Not Traced,52,35-64
1210302399,Barnet,30,521627,190114,2,Car,Car,Going Ahead Other,Skidded,On Main CW - Not Rest.,Jct App,None,Did Not Leave,None,Front Hit First,Comm To/From Work,Male,34,25-34
1210302409,Haringey,31,533850,190262,2,Taxi,Taxi,Unknown (S/R),Unknown (S/R),Unknown (S/R),Unknown (S/R),Unknown (S/R),Unknown (S/R),Unknown (S/R),Front Hit First,Unknown,Male,35,35-64
1210302418,Camden,2,526594,184593,1,Private Hire,Private Hire - Licensed,Turning Right,No Skidding/Overturn,On Main CW - Not Rest.,Jct Mid,None,Left Cwy Offside,Wall Or Fence,Front Hit First,Jny Part Of Work,Male,65,65+
1210302458,Greenwich,6,544073,173060,1,Car,Car,Unknown (S/R),Unknown (S/R),Unknown (S/R),Not At Jct,Unknown (S/R),Unknown (S/R),Unknown (S/R),Front Hit First,Other/Not Known,Female,27,25-34
1210302464,Lambeth,9,532032,172899,2,Goods Vehicle,GDS =< 3.5T,Going Ahead Other,No Skidding/Overturn,On Main CW - Not Rest.,Jct App,None,Did Not Leave,None,Front Hit First,Comm To/From Work,Male,47,35-64
1210302494,Croydon,20,530696,169502,1,Car,Car,Moving Off,No Skidding/Overturn,On Main CW - Not Rest.,Jct App,None,Did Not Leave,None,Front Hit First,Unknown,Male,51,35-64
1210302502,Tower Hamlets,5,534268,182595,1,Car,Car,Unknown (S/R),Unknown (S/R),Unknown (S/R),Unknown (S/R),Unknown (S/R),Unknown (S/R),Unknown (S/R),Front Hit First,Other/Not Known,Male,34,25-34
1210302511,Westminster,1,529976,178983,1,Car,Car,Moving Off,No Skidding/Overturn,On Main CW - Not Rest.,Jct App,None,Did Not Leave,None,Front Hit First,Jny Part Of Work,Male,58,35-64
1210302514,Bexley,18,550295,177268,1,Car,Car,Going Ahead Other,No Skidding/Overturn,On Main CW - Not Rest.,Jct Mid,None,Did Not Leave,None,Front Hit First,Other/Not Known,Male,45,35-64
1210302518,Ealing,27,519102,179430,1,Car,Car,Unknown (S/R),Unknown (S/R),Unknown (S/R),Unknown (S/R),Unknown (S/R),Unknown (S/R),Unknown (S/R),Front Hit First,Comm To/From Work,Male,28,25-34
1210302530,Havering,15,549759,188386,2,Car,Car,Unknown (S/R),No Skidding/Overturn,On Main CW - Not Rest.,Entering R'about,None,Did Not Leave,None,Front Hit First,Unknown,Female,41,35-64
1210302531,Westminster,1,529306,180137,1,Car,Car,Going Ahead Other,No Skidding/Overturn,On Main CW - Not Rest.,Entering Main Rd,Hit Oth Object,Did Not Leave,None,Front Hit First,Other/Not Known,Female,32,25-34
1210302533,Hillingdon,26,508288,183978,1,Car,Car,Going Ahead Other,No Skidding/Overturn,On Main CW - Not Rest.,Jct App,None,Did Not Leave,None,Front Hit First,Unknown,Male,20,17-24
1210302535,Kensington & Chelsea,12,526502,178804,2,Bus Or Coach,London Bus,Turning Right,No Skidding/Overturn,On Main CW - Not Rest.,Jct App,None,Left Cwy Nearside,None,Front Hit First,Jny Part Of Work,Male,34,25-34
1210302544,Haringey,31,531008,190406,2,Car,Car,Unknown (S/R),Unknown (S/R),Unknown (S/R),Unknown (S/R),Unknown (S/R),Unknown (S/R),Unknown (S/R),Front Hit First,Unknown,Not Traced,53,35-64
1210302546,Hounslow,25,508720,173680,2,Goods Vehicle,GDS =< 3.5T,Going Ahead Other,No Skidding/Overturn,On Main CW - Not Rest.,Jct App,None,Did Not Leave,None,Front Hit First,Jny Part Of Work,Male,55,35-64
1210302549,Westminster,1,527420,182083,1,Car,Car,Going Ahead Other,No Skidding/Overturn,On Main CW - Not Rest.,Jct App,None,Did Not Leave,None,Front Hit First,Other/Not Known,Male,26,25-34
1210302550,Camden,2,529546,182471,2,Car,Car,Slowing Or Stopping,No Skidding/Overturn,On Main CW - Not Rest.,Jct App,None,Did Not Leave,None,Front Hit First,Other/Not Known,Male,36,35-64
1210302568,Islington,3,533281,185362,1,Car,Car,Going Ahead Right Bend,No Skidding/Overturn,Footway,Jct App,Hit Kerb,Left Cwy Offside/Rebound,Wall Or Fence,Front Hit First,Unknown,Male,40,35-64
1210302570,Islington,3,529972,187247,1,Car,Car,Going Ahead Other,No Skidding/Overturn,On Main CW - Not Rest.,Jct App,Hit Bollard,Did Not Leave,None,Front Hit First,Other/Not Known,Male,33,25-34
1210302572,Redbridge,14,542311,187445,1,Car,Car,Going Ahead Other,No Skidding/Overturn,On Main CW - Not Rest.,Not At Jct,None,Left Cwy Nearside,Hit Tree,Front Hit First,Other/Not Known,Male,44,35-64
1210302576,Haringey,31,534273,190494,1,Car,Car,Turning Right,No Skidding/Overturn,On Main CW - Not Rest.,Jct Mid,None,Did Not Leave,None,Front Hit First,Other/Not Known,Female,50,35-64
1210302587,Lambeth,9,529191,175521,2,Car,Car,Going Ahead Other,No Skidding/Overturn,On Main CW - Not Rest.,Jct Cleared,None,Did Not Leave,None,Front Hit First,Comm To/From Work,Male,43,35-64
1210302605,Greenwich,6,541142,178507,1,Bus Or Coach,Bus/Coach,Unknown (S/R),Unknown (S/R),Unknown (S/R),Unknown (S/R),Unknown (S/R),Unknown (S/R),Unknown (S/R),Front Hit First,Unknown,Male,48,35-64
1210302607,Sutton,21,524509,163735,2,Car,Car,Going Ahead Other,No Skidding/Overturn,On Main CW - Not Rest.,Jct Cleared,None,Did Not Leave,None,Front Hit First,Jny Part Of Work,Male,53,35-64
1210302613,Barking & Dagenham,16,549523,186742,1,Car,Car,Overtake Move Veh O/S,No Skidding/Overturn,On Main CW - Not Rest.,Entering Main Rd,None,Did Not Leave,None,Front Hit First,Unknown,Female,64,35-64
1210302614,Sutton,21,526097,166509,2,Car,Car,Going Ahead Left Bend,No Skidding/Overturn,On Main CW - Not Rest.,Not At Jct,Hit Parked Veh,Left Cwy Nearside,Hit Oth Object,Front Hit First,Unknown,Female,40,35-64
1210302621,Bexley,18,547148,173458,1,Car,Car,Going Ahead Other,No Skidding/Overturn,On Main CW - Not Rest.,Not At Jct,None,Did Not Leave,None,Front Hit First,Unknown,Male,88,65+
1210302625,Southwark,8,536415,180102,1,Bus Or Coach,London Bus,Going Ahead Other,No Skidding/Overturn,On Main CW - Not Rest.,Jct App,None,Did Not Leave,None,Front Hit First,Jny Part Of Work,Male,53,35-64
1210302632,Bexley,18,551952,176112,1,Car,Car,Going Ahead Held Up,No Skidding/Overturn,On Main CW - Not Rest.,Not At Jct,None,Did Not Leave,None,Front Hit First,Unknown,Female,69,65+
1210302634,Greenwich,6,538964,177264,1,Car,Car,Going Ahead Other,No Skidding/Overturn,Footway,Not At Jct,None,Left Cwy Offside,Wall Or Fence,Front Hit First,Other/Not Known,Male,76,65+
1210302643,Ealing,27,514571,180201,1,Private Hire,Private Hire - Licensed,Moving Off,No Skidding/Overturn,On Main CW - Not Rest.,Entering Main Rd,None,Did Not Leave,None,Front Hit First,Jny Part Of Work,Male,50,35-64
1210302678,Richmond-Upon-Thames,24,520034,175326,1,Car,Car,Turning Right,No Skidding/Overturn,On Main CW - Not Rest.,Leaving Main Rd,None,Did Not Leave,None,Front Hit First,Comm To/From Work,Male,57,35-64
1210302684,Hackney,4,534462,187016,1,Car,Car,Going Ahead Other,No Skidding/Overturn,On Main CW - Not Rest.,Not At Jct,None,Did Not Leave,None,Front Hit First,Unknown,Male,31,25-34
1210302689,Ealing,27,519025,182356,1,Car,Car,Unknown (S/R),Unknown (S/R),Unknown (S/R),Unknown (S/R),Unknown (S/R),Unknown (S/R),Unknown (S/R),Front Hit First,Other/Not Known,Male,23,17-24
1210302699,Ealing,27,518544,182842,1,Car,Car,Unknown (S/R),Unknown (S/R),Unknown (S/R),Unknown (S/R),Unknown (S/R),Unknown (S/R),Unknown (S/R),Front Hit First,Comm To/From Work,Male,29,25-34
1210302710,Lewisham,7,539793,176516,2,Taxi,Taxi,Going Ahead Other,Unknown (S/R),Unknown (S/R),Not At Jct,Unknown (S/R),Did Not Leave,None,Front Hit First,Unknown,Male,30,25-34
1210302719,Newham,17,543194,181967,1,Car,Car,Slowing Or Stopping,No Skidding/Overturn,On Main CW - Not Rest.,Not At Jct,None,Did Not Leave,None,Front Hit First,Other/Not Known,Male,37,35-64
1210302726,Tower Hamlets,5,536188,181143,2,Other Vehicle,Other Vehicle,Turning Left,No Skidding/Overturn,On Main CW - Not Rest.,Jct Mid,None,Did Not Leave,None,Front Hit First,Unknown,Male,55,35-64
1210302744,Southwark,8,533626,176776,1,Car,Car,Turning Right,No Skidding/Overturn,On Main CW - Not Rest.,Jct App,None,Did Not Leave,None,Front Hit First,Comm To/From Work,Male,55,35-64
1210302759,Kensington & Chelsea,12,524797,180299,1,Car,Car,Turning Right,Skidded,On Main CW - Not Rest.,Jct App,Hit Kerb,Left Cwy Nearside,Wall Or Fence,Front Hit First,Jny Part Of Work,Male,33,25-34
1210302762,Redbridge,14,545587,188677,1,Private Hire,Private Hire - Licensed,Unknown (S/R),Unknown (S/R),Unknown (S/R),Jct App,Unknown (S/R),Unknown (S/R),Unknown (S/R),Front Hit First,Comm To/From Work,Male,31,25-34
1210302777,Waltham Forest,13,539313,192837,1,Car,Car,Turning Right,No Skidding/Overturn,On Main CW - Not Rest.,Leaving R'about,None,Did Not Leave,None,Front Hit First,Comm To/From Work,Male,50,35-64
1210302778,Enfield,32,531964,200707,2,Other Vehicle,Other Vehicle,Change Lane To Left,No Skidding/Overturn,On Main CW - Not Rest.,Not At Jct,None,Did Not Leave,None,Front Hit First,Jny Part Of Work,Male,47,35-64
1210302797,Wandsworth,10,526401,174802,1,Car,Car,Slowing Or Stopping,No Skidding/Overturn,On Main CW - Not Rest.,Jct App,None,Did Not Leave,None,Front Hit First,Comm To/From Work,Male,70,65+
1210302802,Newham,17,540422,184990,2,Car,Car,Unknown (S/R),No Skidding/Overturn,On Main CW - Not Rest.,Leaving Main Rd,None,Did Not Leave,None,Front Hit First,Unknown,Female,53,35-64
1210302806,Wandsworth,10,525368,173084,1,Car,Car,Turning Right,No Skidding/Overturn,On Main CW - Not Rest.,Entering Main Rd,None,Did Not Leave,None,Front Hit First,Comm To/From Work,Male,48,35-64
1210302808,Wandsworth,10,527459,171487,2,Car,Car,Waiting To Turn Right,No Skidding/Overturn,On Main CW - Not Rest.,Jct App,None,Did Not Leave,None,Front Hit First,Comm To/From Work,Female,53,35-64
1210302815,Lambeth,9,531807,170991,1,Car,Car,Waiting To Turn Right,No Skidding/Overturn,On Main CW - Not Rest.,Jct App,Unknown (S/R),Did Not Leave,None,Front Hit First,Unknown,Female,20,17-24
1210302847,Croydon,20,531289,167748,2,Car,Car,Unknown (S/R),Unknown (S/R),Unknown (S/R),Unknown (S/R),Unknown (S/R),Unknown (S/R),Unknown (S/R),Front Hit First,Unknown,Female,27,25-34
1210302868,Southwark,8,533531,179909,2,Car,Car,Unknown (S/R),Unknown (S/R),Unknown (S/R),Unknown (S/R),Unknown (S/R),Unknown (S/R),Unknown (S/R),Front Hit First,Unknown,Male,18,17-24
1210302882,Barnet,30,522057,187747,1,Car,Car,Turning Right,No Skidding/Overturn,On Main CW - Not Rest.,Entering Main Rd,None,Did Not Leave,None,Front Hit First,Other/Not Known,Female,31,25-34
1210302897,Hammersmith & Fulham,11,524676,176680,1,Private Hire,Private Hire - Licensed,Turning Right,No Skidding/Overturn,On Main CW - Not Rest.,Jct App,None,Did Not Leave,None,Front Hit First,Jny Part Of Work,Male,56,35-64
1210302901,Sutton,21,528916,163941,1,Car,Car,Turning Right,No Skidding/Overturn,On Main CW - Not Rest.,Entering Main Rd,None,Did Not Leave,None,Front Hit First,Other/Not Known,Male,55,35-64
1210302911,Greenwich,6,542199,172982,1,Goods Vehicle,GDS =< 3.5T,Reversing,No Skidding/Overturn,On Main CW - Not Rest.,Jct Cleared,None,Did Not Leave,None,Front Hit First,Comm To/From Work,Male,46,35-64
1210302917,Barking & Dagenham,16,548307,188076,2,Car,Car,Turning Right,No Skidding/Overturn,On Main CW - Not Rest.,Jct Mid,None,Did Not Leave,None,Front Hit First,Other/Not Known,Male,29,25-34
1210302922,Enfield,32,536095,199989,1,Car,Car,Going Ahead Other,No Skidding/Overturn,On Main CW - Not Rest.,Not At Jct,None,Did Not Leave,None,Front Hit First,Unknown,Female,25,25-34
1210302923,Hammersmith & Fulham,11,523704,179865,1,Bus Or Coach,London Bus,Turning Right,No Skidding/Overturn,Bus Lane,Entering Main Rd,None,Did Not Leave,None,Front Hit First,Jny Part Of Work,Male,50,35-64
1210302924,Waltham Forest,13,538982,194749,1,Car,Car,Going Ahead Other,No Skidding/Overturn,On Main CW - Not Rest.,Jct App,None,Did Not Leave,None,Front Hit First,Unknown,Female,32,25-34
1210302933,Hackney,4,533543,185007,1,Car,Car,Going Ahead Other,No Skidding/Overturn,On Main CW - Not Rest.,Jct Mid,None,Did Not Leave,None,Front Hit First,Other/Not Known,Male,51,35-64
1210302934,Bexley,18,549751,174163,1,Car,Car,Moving Off,No Skidding/Overturn,On Main CW - Not Rest.,Entering Main Rd,None,Did Not Leave,None,Front Hit First,Jny Part Of Work,Male,32,25-34
1210302952,Brent,28,519136,186177,1,Car,Car,Going Ahead Left Bend,No Skidding/Overturn,On Main CW - Not Rest.,Leaving R'about,None,Did Not Leave,None,Front Hit First,Unknown,Male,63,35-64
1210302955,Hounslow,25,520338,177767,1,Car,Car,Unknown (S/R),Unknown (S/R),Unknown (S/R),Unknown (S/R),Unknown (S/R),Unknown (S/R),Unknown (S/R),Front Hit First,Comm To/From Work,Female,30,25-34
1210302957,Lambeth,9,531834,175814,1,Car,Car,Going Ahead Other,No Skidding/Overturn,On Main CW - Not Rest.,Jct App,None,Did Not Leave,None,Front Hit First,Other/Not Known,Male,24,17-24
1210302959,Greenwich,6,540460,178344,1,Car,Car,Slowing Or Stopping,No Skidding/Overturn,On Main CW - Not Rest.,Jct Mid,None,Did Not Leave,None,Front Hit First,Other/Not Known,Female,49,35-64
1210302961,Lewisham,7,536146,173286,1,Car,Car,Going Ahead Other,No Skidding/Overturn,On Main CW - Not Rest.,Jct App,Hit Oth Object,Left Cwy Onto Central Res,Hit Rd Sign/Ats,Front Hit First,Other/Not Known,Female,32,25-34
1210302969,Barking & Dagenham,16,545226,183440,2,Car,Car,Unknown (S/R),Unknown (S/R),Unknown (S/R),Unknown (S/R),Unknown (S/R),Unknown (S/R),Unknown (S/R),Front Hit First,Unknown,Male,55,35-64
1210302973,Camden,2,529837,182640,1,Private Hire,Private Hire - Licensed,Turning Right,No Skidding/Overturn,On Main CW - Not Rest.,Jct App,None,Did Not Leave,None,Front Hit First,Jny Part Of Work,Male,60,35-64
1210302975,Lambeth,9,529666,175510,2,Car,Car,Unknown (S/R),Unknown (S/R),Unknown (S/R),Jct App,Unknown (S/R),Unknown (S/R),Unknown (S/R),Front Hit First,Unknown,Male,21,17-24
1210302981,Havering,15,550637,190324,1,Car,Car,Going Ahead Left Bend,Skidded,On Main CW - Not Rest.,Leaving R'about,Hit Oth Object,Left Cwy Offside,Wall Or Fence,Front Hit First,Unknown,Male,30,25-34
1210302983,Camden,2,528082,183667,2,Car,Car,Going Ahead Other,No Skidding/Overturn,On Main CW - Not Rest.,Jct Mid,None,Did Not Leave,None,Front Hit First,Jny Part Of Work,Male,39,35-64
1210302984,Richmond-Upon-Thames,24,512462,173463,1,Car,Car,Turning Left,No Skidding/Overturn,On Main CW - Not Rest.,Jct App,Hit Oth Object,Did Not Leave,None,Front Hit First,Other/Not Known,Male,31,25-34
1210302993,Bromley,19,536434,167740,1,Car,Car,Going Ahead Right Bend,Overturn,On Main CW - Not Rest.,Not At Jct,Hit Parked Veh,Did Not Leave,None,Front Hit First,Comm To/From Work,Male,57,35-64
1210302998,Barking & Dagenham,16,546407,183656,3,Car,Car,Going Ahead Other,No Skidding/Overturn,On Main CW - Not Rest.,Not At Jct,None,Did Not Leave,None,Front Hit First,Taking Pupil To/From Sch,Female,28,25-34
1210303005,Havering,15,552452,186168,1,Car,Car,Waiting To Turn Right,No Skidding/Overturn,On Main CW - Not Rest.,Jct App,None,Did Not Leave,None,Front Hit First,Pupil Riding To/From Sch,Male,43,35-64
1210303007,Haringey,31,532639,191368,2,Car,Car,Going Ahead Other,No Skidding/Overturn,On Main CW - Not Rest.,Jct App,None,Did Not Leave,None,Front Hit First,Other/Not Known,Male,80,65+
1210303009,Hillingdon,26,511895,185691,1,Car,Car,Turning Right,No Skidding/Overturn,On Main CW - Not Rest.,Jct Cleared,None,Did Not Leave,None,Front Hit First,Taking Pupil To/From Sch,Male,46,35-64
1210303010,Waltham Forest,13,537216,190925,1,Car,Car,Going Ahead Other,No Skidding/Overturn,On Main CW - Not Rest.,Jct Mid,None,Did Not Leave,None,Front Hit First,Comm To/From Work,Female,47,35-64
1210303024,Barnet,30,521766,191519,1,Car,Car,Unknown (S/R),Unknown (S/R),Unknown (S/R),Unknown (S/R),Unknown (S/R),Unknown (S/R),Unknown (S/R),Front Hit First,Other/Not Known,Male,34,25-34
1210303037,Croydon,20,531152,165161,1,Car,Car,Unknown (S/R),Unknown (S/R),Unknown (S/R),Unknown (S/R),Unknown (S/R),Unknown (S/R),Unknown (S/R),Front Hit First,Comm To/From Work,Male,54,35-64
1210303044,Lambeth,9,530135,175721,1,Car,Car,Turning Right,No Skidding/Overturn,On Main CW - Not Rest.,Jct Mid,None,Did Not Leave,None,Front Hit First,Other/Not Known,Male,20,17-24
1210303050,Greenwich,6,543518,178590,1,Car,Car,Turning Right,No Skidding/Overturn,On Main CW - Not Rest.,Entering Main Rd,None,Did Not Leave,None,Front Hit First,Unknown,Female,35,35-64
1210303061,Westminster,1,528664,180672,1,Car,Car,Going Ahead Other,No Skidding/Overturn,On Main CW - Not Rest.,Entering R'about,None,Did Not Leave,None,Front Hit First,Jny Part Of Work,Female,35,35-64
1210303067,Enfield,32,534534,196272,2,Car,Car,Turning Left,No Skidding/Overturn,On Main CW - Not Rest.,Jct App,None,Did Not Leave,None,Front Hit First,Unknown,Male,35,35-64
1210303086,Hackney,4,533290,187123,1,Car,Car,Turning Left,No Skidding/Overturn,On Main CW - Not Rest.,Jct Mid,None,Did Not Leave,None,Front Hit First,Unknown,Male,33,25-34
1210303102,Greenwich,6,544373,177893,2,Car,Car,Unknown (S/R),Unknown (S/R),Unknown (S/R),Unknown (S/R),Unknown (S/R),Unknown (S/R),Unknown (S/R),Front Hit First,Unknown,Female,54,35-64
1210303118,Enfield,32,532911,197859,2,Car,Car,Going Ahead Other,No Skidding/Overturn,On Main CW - Not Rest.,Jct Mid,None,Did Not Leave,None,Front Hit First,Other/Not Known,Male,86,65+
1210303119,Westminster,1,527391,179689,2,Taxi,Taxi,Unknown (S/R),Unknown (S/R),Unknown (S/R),Not At Jct,Unknown (S/R),Unknown (S/R),Unknown (S/R),Front Hit First,Unknown,Male,59,35-64
1210303121,Bexley,18,547369,170980,2,Car,Car,Going Ahead Other,No Skidding/Overturn,On Main CW - Not Rest.,Jct App,None,Did Not Leave,None,Front Hit First,Other/Not Known,Male,54,35-64
1210303134,Richmond-Upon-Thames,24,518305,175386,2,Car,Car,Overtaking Nearside,No Skidding/Overturn,On Main CW - Not Rest.,Not At Jct,None,Did Not Leave,None,Front Hit First,Other/Not Known,Male,55,35-64
1210303138,Havering,15,553395,182577,1,Car,Car,Turning Right,No Skidding/Overturn,On Main CW - Not Rest.,Leaving Main Rd,None,Did Not Leave,None,Front Hit First,Other/Not Known,Female,61,35-64
1210303151,Brent,28,519610,189320,1,Car,Car,Slowing Or Stopping,No Skidding/Overturn,On Main CW - Not Rest.,Jct App,None,Did Not Leave,None,Front Hit First,Comm To/From Work,Male,51,35-64
1210303156,Brent,28,520087,184419,2,Goods Vehicle,GDS => 7.5T,Going Ahead Other,Skidded,On Main CW - Not Rest.,Not At Jct,None,Did Not Leave,None,Front Hit First,Jny Part Of Work,Male,25,25-34
1210303159,Enfield,32,537474,199859,3,Car,Car,Slowing Or Stopping,No Skidding/Overturn,On Main CW - Not Rest.,Not At Jct,None,Did Not Leave,None,Front Hit First,Other/Not Known,Male,58,35-64
1210303163,Croydon,20,531183,168111,1,Car,Car,Turning Right,No Skidding/Overturn,On Main CW - Not Rest.,Jct App,None,Did Not Leave,None,Front Hit First,Jny Part Of Work,Male,32,25-34
1210303164,Lewisham,7,535779,177261,1,Car,Car,Turning Right,No Skidding/Overturn,On Main CW - Not Rest.,Jct Mid,None,Did Not Leave,None,Front Hit First,Other/Not Known,Male,78,65+
1210303170,Kensington & Chelsea,12,525338,178369,1,Car,Car,Unknown (S/R),Unknown (S/R),Unknown (S/R),Not At Jct,Unknown (S/R),Unknown (S/R),Unknown (S/R),Front Hit First,Other/Not Known,Male,24,17-24
1210303180,Lambeth,9,530169,170860,1,Car,Car,Unknown (S/R),Unknown (S/R),Unknown (S/R),Unknown (S/R),Unknown (S/R),Unknown (S/R),Unknown (S/R),Front Hit First,Other/Not Known,Male,25,25-34
1210303183,Havering,15,550030,190717,3,Car,Car,Going Ahead Other,No Skidding/Overturn,On Main CW - Not Rest.,Not At Jct,None,Did Not Leave,None,Front Hit First,Jny Part Of Work,Male,43,35-64
1210303188,Brent,28,521811,186860,2,Other Vehicle,Other Vehicle,Going Ahead Other,No Skidding/Overturn,On Main CW - Not Rest.,Jct App,None,Did Not Leave,None,Front Hit First,Other/Not Known,Male,70,65+
1210303220,Haringey,31,534507,189781,1,Car,Car,Going Ahead Other,No Skidding/Overturn,On Main CW - Not Rest.,Jct App,None,Did Not Leave,None,Front Hit First,Unknown,Male,20,17-24
1210303231,Croydon,20,532030,168474,1,Car,Car,Going Ahead Left Bend,No Skidding/Overturn,On Main CW - Not Rest.,Jct Mid,None,Did Not Leave,None,Front Hit First,Jny Part Of Work,Female,28,25-34
1210303234,Hackney,4,533774,185628,1,Goods Vehicle,GDS =< 3.5T,Turning Right,No Skidding/Overturn,On Main CW - Not Rest.,Not At Jct,None,Did Not Leave,None,Front Hit First,Jny Part Of Work,Male,39,35-64
1210303241,Westminster,1,528401,181877,1,Car,Car,Going Ahead Other,No Skidding/Overturn,On Main CW - Not Rest.,Jct Mid,None,Did Not Leave,None,Front Hit First,Comm To/From Work,Male,50,35-64
1210303254,Enfield,32,533401,196570,2,Private Hire,Private Hire - Licensed,Slowing Or Stopping,No Skidding/Overturn,On Main CW - Not Rest.,Jct Cleared,None,Did Not Leave,None,Front Hit First,Jny Part Of Work,Male,53,35-64
1210303259,Barnet,30,519124,193471,1,Car,Car,Unknown (S/R),Unknown (S/R),Unknown (S/R),Unknown (S/R),Unknown (S/R),Unknown (S/R),Unknown (S/R),Front Hit First,Unknown,Male,71,65+
1210303271,Hillingdon,26,508828,184555,1,Car,Car,Unknown (S/R),Unknown (S/R),Unknown (S/R),Unknown (S/R),Unknown (S/R),Unknown (S/R),Unknown (S/R),Front Hit First,Other/Not Known,Female,26,25-34
1210303290,Havering,15,552948,192388,2,Car,Car,Waiting To Turn Left,No Skidding/Overturn,On Main CW - Not Rest.,Jct App,None,Did Not Leave,None,Front Hit First,Comm To/From Work,Male,59,35-64
1210303291,Barnet,30,521623,192332,1,Car,Car,Moving Off,No Skidding/Overturn,On Main CW - Not Rest.,Jct Mid,None,Did Not Leave,None,Front Hit First,Unknown,Male,45,35-64
1210303293,Croydon,20,532602,169651,1,Taxi,Taxi,Turning Right,No Skidding/Overturn,On Main CW - Not Rest.,Jct Mid,None,Did Not Leave,None,Front Hit First,Comm To/From Work,Male,51,35-64
1210303298,Kensington & Chelsea,12,525374,180294,1,Car,Car,Going Ahead Other,No Skidding/Overturn,On Main CW - Not Rest.,Jct Mid,None,Did Not Leave,None,Front Hit First,Other/Not Known,Female,48,35-64
1210303315,Bromley,19,543290,169346,1,Car,Car,Waiting To Turn Right,No Skidding/Overturn,On Main CW - Not Rest.,Jct Mid,None,Did Not Leave,None,Front Hit First,Taking Pupil To/From Sch,Female,39,35-64
1210303324,Lewisham,7,535379,173043,1,Car,Car,Turning Right,No Skidding/Overturn,On Main CW - Not Rest.,Jct Mid,None,Did Not Leave,None,Front Hit First,Jny Part Of Work,Female,34,25-34
1210303341,Southwark,8,533824,177098,1,Car,Car,Turning Right,No Skidding/Overturn,On Main CW - Not Rest.,Leaving Main Rd,None,Did Not Leave,None,Front Hit First,Jny Part Of Work,Female,43,35-64
1210303346,Lambeth,9,530647,174285,1,Car,Car,Turning Right,No Skidding/Overturn,On Main CW - Not Rest.,Leaving Main Rd,None,Did Not Leave,None,Front Hit First,Other/Not Known,Male,42,35-64
1210303353,Hammersmith & Fulham,11,523491,178611,1,Bus Or Coach,London Bus,Moving Off,No Skidding/Overturn,On Main CW - Not Rest.,Jct App,None,Left Cwy Ahead At Junctn,None,Front Hit First,Jny Part Of Work,Male,53,35-64
1210303365,Tower Hamlets,5,535087,182750,1,Car,Car,Moving Off,No Skidding/Overturn,On Main CW - Not Rest.,Jct App,None,Did Not Leave,None,Front Hit First,Unknown,Male,35,35-64
1210303366,Southwark,8,533148,176705,1,Car,Car,Slowing Or Stopping,No Skidding/Overturn,Cycle Lane (On CWY),Jct Mid,None,Did Not Leave,None,Front Hit First,Other/Not Known,Male,83,65+