_Collision Id,Borough Name,Borough Number,Easting,Northing,_Vehicle Id,Vehicle Type Banded,Vehicle Type,Vehicle Manoeuvres,Vehicle Skidding and Overturning,Vehicle Restricted Lane,Location of Vehicle at First Impact,Vehicle Hit Object in Carriageway,Vehicle Leaving Carriageway,Vehicle Hit Object Off Carriageway,First Point of Impact,Journey Purpose,Driver Gender,Driver Age,Driver age (Banded)
1210310926,Greenwich,6,540893,178705,1,Car,Car,Waiting To Turn Right,No Skidding/Overturn,On Main CW - Not Rest.,Jct App,None,Did Not Leave,None,Front Hit First,Other/Not Known,Male,76,65+
1210310929,Enfield,32,531685,192596,1,Car,Car,Turning Right,No Skidding/Overturn,On Main CW - Not Rest.,Jct Cleared,None,Did Not Leave,None,Front Hit First,Other/Not Known,Male,52,35-64
1210310957,Newham,17,542537,185657,2,Other Vehicle,Other Vehicle,Moving Off,No Skidding/Overturn,On Main CW - Not Rest.,Not At Jct,Hit Parked Veh,Did Not Leave,None,Front Hit First,Comm To/From Work,Male,19,17-24
1210310960,Waltham Forest,13,539776,187885,2,Goods Vehicle,GDS =< 3.5T,Moving Off,No Skidding/Overturn,On Main CW - Not Rest.,Leaving R'about,None,Did Not Leave,None,Front Hit First,Jny Part Of Work,Male,57,35-64
1210310961,Islington,3,532806,182491,1,Goods Vehicle,GDS => 7.5T,Going Ahead Right Bend,No Skidding/Overturn,On Main CW - Not Rest.,Entering R'about,Hit Oth Object,Did Not Leave,None,Front Hit First,Jny Part Of Work,Male,40,35-64
1210310973,Bexley,18,548745,177279,1,Car,Car,Turning Right,No Skidding/Overturn,On Main CW - Not Rest.,Jct App,None,Did Not Leave,None,Front Hit First,Other/Not Known,Male,32,25-34
1210310977,Southwark,8,533308,179327,1,Goods Vehicle,GDS =< 3.5T,Unknown (S/R),Unknown (S/R),Unknown (S/R),Unknown (S/R),Unknown (S/R),Unknown (S/R),Unknown (S/R),Front Hit First,Unknown,Male,55,35-64
1210310981,Enfield,32,535029,200015,3,Goods Vehicle,GDS =< 3.5T,Waiting To Turn Left,No Skidding/Overturn,On Main CW - Not Rest.,Jct App,None,Did Not Leave,None,Front Hit First,Jny Part Of Work,Male,50,35-64
1210310990,Enfield,32,530477,200725,1,Car,Car,Going Ahead Other,Skidded,On Main CW - Not Rest.,Not At Jct,None,Did Not Leave,None,Front Hit First,Unknown,Male,39,35-64
1210310991,Lambeth,9,530411,176552,1,Bus Or Coach,London Bus,Going Ahead Left Bend,No Skidding/Overturn,On Main CW - Not Rest.,Jct App,None,Did Not Leave,None,Front Hit First,Jny Part Of Work,Female,30,25-34
1210311007,Hounslow,25,521484,178554,1,Car,Car,Going Ahead Other,No Skidding/Overturn,On Main CW - Not Rest.,Jct App,Hit Kerb,Left Cwy Nearside,Hit Rd Sign/Ats,Front Hit First,Unknown,Male,18,17-24
1210311019,Harrow,29,514188,188860,1,Car,Car,Turning Right,No Skidding/Overturn,On Main CW - Not Rest.,Jct Cleared,Hit Parked Veh,Did Not Leave,None,Front Hit First,Comm To/From Work,Female,34,25-34
1210311025,Barnet,30,520856,195217,1,Car,Car,Slowing Or Stopping,No Skidding/Overturn,On Main CW - Not Rest.,Entering R'about,None,Did Not Leave,None,Front Hit First,Other/Not Known,Female,21,17-24
1210311028,Lambeth,9,529912,170328,1,Car,Car,Slowing Or Stopping,No Skidding/Overturn,On Main CW - Not Rest.,Jct App,None,Did Not Leave,None,Front Hit First,Other/Not Known,Male,67,65+
1210311033,Hounslow,25,518159,177663,2,Car,Car,Change Lane To Left,No Skidding/Overturn,On Main CW - Not Rest.,Jct App,None,Did Not Leave,None,Front Hit First,Unknown,Male,22,17-24
1210311041,Havering,15,550038,187704,2,Car,Car,Slowing Or Stopping,No Skidding/Overturn,On Main CW - Not Rest.,Not At Jct,None,Did Not Leave,None,Front Hit First,Unknown,Male,18,17-24
1210311050,Ealing,27,514391,182334,1,Car,Car,Moving Off,No Skidding/Overturn,On Main CW - Not Rest.,Jct Cleared,None,Did Not Leave,None,Front Hit First,Other/Not Known,Male,82,65+
1210311056,Newham,17,540871,181734,2,Car,Car,Going Ahead Other,No Skidding/Overturn,On Main CW - Not Rest.,Jct App,None,Did Not Leave,None,Front Hit First,Other/Not Known,Male,30,25-34
1210311058,Lambeth,9,530115,175923,2,Car,Car,Going Ahead Other,No Skidding/Overturn,On Main CW - Not Rest.,Not At Jct,None,Did Not Leave,None,Front Hit First,Comm To/From Work,Male,22,17-24
1210311063,Enfield,32,534808,193785,2,Car,Car,Going Ahead Other,No Skidding/Overturn,On Main CW - Not Rest.,Jct App,None,Did Not Leave,None,Front Hit First,Unknown,Male,25,25-34
1210311074,Westminster,1,527443,181208,1,Car,Car,Turning Left,No Skidding/Overturn,On Main CW - Not Rest.,Jct App,Hit Oth Object,Did Not Leave,None,Front Hit First,Unknown,Not Traced,24,17-24
1210311093,Kensington & Chelsea,12,527278,179197,1,Car,Car,U-turning,No Skidding/Overturn,On Main CW - Not Rest.,Jct App,None,Did Not Leave,None,Front Hit First,Taking Pupil To/From Sch,Male,39,35-64
1210311100,Bromley,19,545495,168026,2,Car,Car,Going Ahead Other,No Skidding/Overturn,On Main CW - Not Rest.,Jct App,None,Did Not Leave,None,Front Hit First,Unknown,Female,63,35-64
1210311111,Enfield,32,533932,196306,1,Car,Car,Going Ahead Other,Skidded,On Main CW - Not Rest.,Jct App,None,Did Not Leave,None,Front Hit First,Other/Not Known,Female,24,17-24
1210311112,Bromley,19,537569,169440,1,Car,Car,Moving Off,No Skidding/Overturn,On Main CW - Not Rest.,Jct App,None,Did Not Leave,None,Front Hit First,Other/Not Known,Male,27,25-34
1210311114,Ealing,27,516589,182943,1,Car,Car,Moving Off,No Skidding/Overturn,On Main CW - Not Rest.,Jct Cleared,None,Did Not Leave,None,Front Hit First,Unknown,Female,25,25-34
1210311121,Kensington & Chelsea,12,527505,178456,2,Taxi,Taxi,Unknown (S/R),Unknown (S/R),Unknown (S/R),Unknown (S/R),Unknown (S/R),Unknown (S/R),Unknown (S/R),Front Hit First,Unknown,Male,35,35-64
1210311122,Hammersmith & Fulham,11,522306,180088,2,Other Vehicle,Other Vehicle,Going Ahead Other,No Skidding/Overturn,Cycle Lane (On CWY),Jct App,None,Did Not Leave,None,Front Hit First,Other/Not Known,Female,29,25-34
1210311155,Barking & Dagenham,16,546732,183976,1,Car,Car,Going Ahead Other,Skidded,On Main CW - Not Rest.,Jct App,None,Did Not Leave,None,Front Hit First,Unknown,Not Traced,21,17-24
1210311157,Camden,2,528913,183865,1,Taxi,Taxi,Moving Off,No Skidding/Overturn,On Main CW - Not Rest.,Jct Mid,None,Did Not Leave,None,Front Hit First,Jny Part Of Work,Male,78,65+
1210311158,Lambeth,9,529814,176250,1,Car,Car,Waiting To Turn Right,No Skidding/Overturn,On Main CW - Not Rest.,Jct App,None,Did Not Leave,None,Front Hit First,Unknown,Male,28,25-34
1210311176,Redbridge,14,544499,188095,1,Car,Car,Going Ahead Other,No Skidding/Overturn,On Main CW - Not Rest.,Not At Jct,None,Did Not Leave,None,Front Hit First,Comm To/From Work,Female,36,35-64
1210311190,Enfield,32,531584,199817,1,Goods Vehicle,GDS =< 3.5T,Unknown (S/R),Unknown (S/R),Unknown (S/R),Unknown (S/R),Unknown (S/R),Unknown (S/R),Unknown (S/R),Front Hit First,Comm To/From Work,Male,31,25-34
1210311216,Barking & Dagenham,16,548054,185903,2,Car,Car,Unknown (S/R),Unknown (S/R),Unknown (S/R),Unknown (S/R),Unknown (S/R),Unknown (S/R),Unknown (S/R),Front Hit First,Unknown,Not Traced,64,35-64
1210311237,Hackney,4,535121,185476,1,Car,Car,Moving Off,No Skidding/Overturn,On Main CW - Not Rest.,Jct Cleared,None,Did Not Leave,None,Front Hit First,Other/Not Known,Female,22,17-24
1210311244,Greenwich,6,540189,178751,2,Car,Car,Turning Left,No Skidding/Overturn,On Main CW - Not Rest.,Entering R'about,None,Did Not Leave,None,Front Hit First,Comm To/From Work,Female,31,25-34
1210311252,Hammersmith & Fulham,11,525669,176522,1,Car,Car,Going Ahead Held Up,No Skidding/Overturn,On Main CW - Not Rest.,Jct Mid,None,Did Not Leave,None,Front Hit First,Other/Not Known,Male,28,25-34
1210311254,Wandsworth,10,527441,171473,1,Goods Vehicle,GDS =< 3.5T,Going Ahead Other,No Skidding/Overturn,On Main CW - Not Rest.,Jct Mid,None,Did Not Leave,None,Front Hit First,Comm To/From Work,Male,38,35-64
1210311270,Barnet,30,523661,195652,1,Car,Car,Turning Left,No Skidding/Overturn,On Main CW - Not Rest.,Leaving Main Rd,None,Did Not Leave,None,Front Hit First,Unknown,Male,34,25-34
1210311275,Richmond-Upon-Thames,24,514474,171217,1,Car,Car,Going Ahead Other,No Skidding/Overturn,On Main CW - Not Rest.,Entering Main Rd,None,Did Not Leave,None,Front Hit First,Comm To/From Work,Female,28,25-34
1210311281,Southwark,8,531994,179083,1,Car,Car,Going Ahead Other,No Skidding/Overturn,On Main CW - Not Rest.,Jct App,None,Did Not Leave,None,Front Hit First,Other/Not Known,Male,45,35-64
1210311286,Brent,28,519016,185957,1,Car,Car,Going Ahead Other,No Skidding/Overturn,On Main CW - Not Rest.,Jct App,None,Did Not Leave,None,Front Hit First,Other/Not Known,Male,45,35-64
1210311287,Redbridge,14,546330,186723,1,Car,Car,Waiting To Turn Right,No Skidding/Overturn,On Main CW - Not Rest.,Entering Main Rd,None,Did Not Leave,None,Front Hit First,Other/Not Known,Male,64,35-64
1210311288,Bromley,19,548098,164043,2,Car,Car,Going Ahead Other,Unknown (S/R),Unknown (S/R),Unknown (S/R),Unknown (S/R),Unknown (S/R),Unknown (S/R),Front Hit First,Unknown,Not Traced,27,25-34
1210311294,Ealing,27,517937,182708,1,Car,Car,Going Ahead Other,No Skidding/Overturn,On Main CW - Not Rest.,Not At Jct,None,Did Not Leave,None,Front Hit First,Comm To/From Work,Male,51,35-64
1210311303,Westminster,1,526490,182314,1,Goods Vehicle,GDS =< 3.5T,Going Ahead Other,No Skidding/Overturn,On Main CW - Not Rest.,Jct App,None,Did Not Leave,None,Front Hit First,Jny Part Of Work,Male,47,35-64
1210311319,Newham,17,540384,184125,1,Car,Car,Going Ahead Held Up,No Skidding/Overturn,On Main CW - Not Rest.,Jct App,None,Did Not Leave,None,Front Hit First,Other/Not Known,Male,58,35-64
1210311321,Wandsworth,10,528651,177210,1,Car,Car,Waiting To Turn Right,No Skidding/Overturn,On Main CW - Not Rest.,Entering Main Rd,None,Did Not Leave,None,Front Hit First,Comm To/From Work,Female,36,35-64
1210311327,Ealing,27,521315,182063,2,Goods Vehicle,GDS =< 3.5T,Going Ahead Other,No Skidding/Overturn,On Main CW - Not Rest.,Jct App,None,Did Not Leave,None,Front Hit First,Jny Part Of Work,Female,39,35-64
1210311329,Barking & Dagenham,16,550225,184922,1,Car,Car,Moving Off,No Skidding/Overturn,On Main CW - Not Rest.,Not At Jct,None,Did Not Leave,None,Front Hit First,Unknown,Male,31,25-34
1210311343,Brent,28,520351,186607,1,Car,Car,Going Ahead Other,No Skidding/Overturn,On Main CW - Not Rest.,Jct Mid,None,Did Not Leave,None,Front Hit First,Comm To/From Work,Male,21,17-24
1210311345,Enfield,32,530751,195408,1,Car,Car,Going Ahead Other,No Skidding/Overturn,On Main CW - Not Rest.,Jct Mid,None,Left Cwy Nearside,Wall Or Fence,Front Hit First,Other/Not Known,Male,37,35-64
1210311346,Merton,22,527725,167408,1,Car,Car,Turning Right,No Skidding/Overturn,On Main CW - Not Rest.,Jct App,None,Did Not Leave,None,Front Hit First,Other/Not Known,Female,68,65+
1210311355,Hillingdon,26,507713,181718,2,Goods Vehicle,GDS =< 3.5T,Going Ahead Other,No Skidding/Overturn,On Main CW - Not Rest.,Not At Jct,None,Did Not Leave,None,Front Hit First,Jny Part Of Work,Male,51,35-64
1210311356,Islington,3,531216,185168,1,Car,Car,Turning Right,No Skidding/Overturn,Bus Lane,Jct App,None,Did Not Leave,None,Front Hit First,Unknown,Female,32,25-34
1210311362,Hillingdon,26,507672,176928,1,Car,Car,Going Ahead Other,No Skidding/Overturn,On Main CW - Not Rest.,Jct Cleared,Hit Kerb,Did Not Leave,None,Front Hit First,Other/Not Known,Female,30,25-34
1210311364,Haringey,31,531454,189633,2,Car,Car,Turning Right,No Skidding/Overturn,On Main CW - Not Rest.,Jct Mid,None,Did Not Leave,None,Front Hit First,Other/Not Known,Female,26,25-34
1210311381,Camden,2,530182,182129,2,Car,Car,Going Ahead Other,No Skidding/Overturn,On Main CW - Not Rest.,Jct App,None,Did Not Leave,None,Front Hit First,Unknown,Not Traced,24,17-24
1210311382,Southwark,8,532440,177381,1,Car,Car,Going Ahead Other,No Skidding/Overturn,On Main CW - Not Rest.,Jct Mid,None,Did Not Leave,None,Front Hit First,Unknown,Male,49,35-64
1210311386,Brent,28,516485,186445,1,Car,Car,Going Ahead Other,No Skidding/Overturn,Footway,Jct App,Hit Kerb,Left Cwy Offside,Hit Oth Object,Front Hit First,Other/Not Known,Male,25,25-34
1210311387,Barnet,30,526776,192527,2,Car,Car,Going Ahead Other,No Skidding/Overturn,On Main CW - Not Rest.,Jct App,None,Did Not Leave,None,Front Hit First,Other/Not Known,Female,55,35-64
1210311388,Tower Hamlets,5,538183,181736,1,Car,Car,Moving Off,No Skidding/Overturn,On Main CW - Not Rest.,Entering From Slip,None,Did Not Leave,None,Front Hit First,Other/Not Known,Female,29,25-34
1210311394,Barking & Dagenham,16,548360,185844,2,Goods Vehicle,GDS =< 3.5T,Going Ahead Other,Overturn,On Main CW - Not Rest.,Jct App,Hit Parked Veh,Did Not Leave,None,Front Hit First,Jny Part Of Work,Male,44,35-64
1210311395,Ealing,27,519439,182427,1,Private Hire,Private Hire - Licensed,Going Ahead Left Bend,No Skidding/Overturn,On Main CW - Not Rest.,Not At Jct,None,Did Not Leave,None,Front Hit First,Jny Part Of Work,Male,59,35-64
1210311397,Lewisham,7,536150,171487,2,Car,Car,Unknown (S/R),Unknown (S/R),Unknown (S/R),Unknown (S/R),Unknown (S/R),Unknown (S/R),Unknown (S/R),Front Hit First,Unknown,Not Traced,24,17-24
1210311403,Lambeth,9,531227,177313,1,Car,Car,Going Ahead Other,No Skidding/Overturn,On Main CW - Not Rest.,Jct App,None,Did Not Leave,None,Front Hit First,Comm To/From Work,Female,60,35-64
1210311437,Lambeth,9,532021,174329,2,Car,Car,Overtaking Nearside,No Skidding/Overturn,On Main CW - Not Rest.,Jct App,None,Did Not Leave,None,Front Hit First,Unknown,Male,21,17-24
1210311443,Wandsworth,10,528624,176214,2,Car,Car,Going Ahead Other,No Skidding/Overturn,On Main CW - Not Rest.,Jct Mid,None,Did Not Leave,None,Front Hit First,Jny Part Of Work,Male,38,35-64
1210311456,Bromley,19,544625,169962,1,Goods Vehicle,GDS =< 3.5T,Going Ahead Other,Skidded,On Main CW - Not Rest.,Not At Jct,None,Left Cwy Nearside,Hit Lamp Post,Front Hit First,Jny Part Of Work,Male,51,35-64
1210311458,Croydon,20,532770,170942,2,Other Vehicle,Other Vehicle,Going Ahead Other,No Skidding/Overturn,Footway,Jct App,None,Left Cwy Nearside,None,Front Hit First,Comm To/From Work,Female,28,25-34
1210311462,Haringey,31,533367,189585,1,Car,Car,Turning Right,No Skidding/Overturn,On Main CW - Not Rest.,Jct Mid,None,Did Not Leave,None,Front Hit First,Unknown,Female,35,35-64
1210311483,Redbridge,14,541551,188312,1,Car,Car,Going Ahead Other,Unknown (S/R),Unknown (S/R),Not At Jct,Unknown (S/R),Unknown (S/R),Unknown (S/R),Front Hit First,Other/Not Known,Male,27,25-34
1210311485,Lambeth,9,531215,177234,1,Bus Or Coach,London Bus,Going Ahead Other,No Skidding/Overturn,Bus Lane,Not At Jct,None,Did Not Leave,None,Front Hit First,Jny Part Of Work,Male,51,35-64
1210311489,Tower Hamlets,5,538885,181202,1,Car,Car,Going Ahead Other,Skidded,On Main CW - Not Rest.,Jct App,None,Did Not Leave,None,Front Hit First,Other/Not Known,Female,19,17-24
1210311490,Islington,3,530301,186956,2,Car,Car,Waiting To Turn Left,No Skidding/Overturn,On Main CW - Not Rest.,Jct Mid,None,Did Not Leave,None,Front Hit First,Unknown,Male,34,25-34
1210311496,Haringey,31,529787,187786,1,Car,Car,Going Ahead Other,No Skidding/Overturn,On Main CW - Not Rest.,Entering Main Rd,Hit Parked Veh,Did Not Leave,None,Front Hit First,Other/Not Known,Male,59,35-64
1210311500,Haringey,31,533424,190607,1,Car,Car,Unknown (S/R),Unknown (S/R),Unknown (S/R),Unknown (S/R),Unknown (S/R),Unknown (S/R),Unknown (S/R),Front Hit First,Unknown,Female,32,25-34
1210311502,Lewisham,7,537676,173442,1,Car,Car,Turning Right,No Skidding/Overturn,On Main CW - Not Rest.,Entering Main Rd,None,Did Not Leave,None,Front Hit First,Comm To/From Work,Male,30,25-34
1210311511,Islington,3,531389,183826,1,Private Hire,Private Hire - Licensed,U-turning,No Skidding/Overturn,On Main CW - Not Rest.,Not At Jct,None,Did Not Leave,None,Front Hit First,Unknown,Male,19,17-24
1210311521,Newham,17,542401,184031,1,Car,Car,Moving Off,No Skidding/Overturn,On Main CW - Not Rest.,Entering Main Rd,None,Did Not Leave,None,Front Hit First,Other/Not Known,Male,36,35-64
1210311524,Enfield,32,534698,193699,1,Car,Car,Going Ahead Other,No Skidding/Overturn,On Main CW - Not Rest.,Not At Jct,None,Did Not Leave,None,Front Hit First,Unknown,Female,33,25-34
1210311533,Greenwich,6,540978,176116,2,Car,Car,Unknown (S/R),Unknown (S/R),Unknown (S/R),Unknown (S/R),Unknown (S/R),Unknown (S/R),Unknown (S/R),Front Hit First,Other/Not Known,Male,23,17-24
1210311557,Ealing,27,515274,179615,1,Car,Car,Turning Left,No Skidding/Overturn,On Main CW - Not Rest.,Jct Mid,None,Did Not Leave,None,Front Hit First,Other/Not Known,Female,28,25-34
1210311558,Tower Hamlets,5,534191,181037,1,Goods Vehicle,GDS =< 3.5T,Moving Off,No Skidding/Overturn,On Main CW - Not Rest.,Jct App,None,Did Not Leave,None,Front Hit First,Jny Part Of Work,Male,25,25-34
1210311579,Barking & Dagenham,16,548253,185391,1,Car,Car,Unknown (S/R),Unknown (S/R),Unknown (S/R),Jct App,Unknown (S/R),Unknown (S/R),Unknown (S/R),Front Hit First,Other/Not Known,Male,33,25-34
1210311583,Enfield,32,534741,195766,2,Car,Car,Unknown (S/R),Unknown (S/R),Unknown (S/R),Unknown (S/R),Unknown (S/R),Unknown (S/R),Unknown (S/R),Front Hit First,Unknown,Not Traced,31,25-34
1210311588,Havering,15,550019,190688,1,Car,Car,Going Ahead Other,No Skidding/Overturn,On Main CW - Not Rest.,Jct App,None,Did Not Leave,None,Front Hit First,Other/Not Known,Male,25,25-34
1210311599,Hackney,4,532064,187494,1,Car,Car,Going Ahead Held Up,Skidded,On Main CW - Not Rest.,Jct App,None,Did Not Leave,None,Front Hit First,Other/Not Known,Male,24,17-24
1210311607,Barnet,30,519560,191197,2,Car,Car,Going Ahead Other,No Skidding/Overturn,On Main CW - Not Rest.,Jct Mid,None,Did Not Leave,None,Front Hit First,Other/Not Known,Male,39,35-64
1210311614,Tower Hamlets,5,534690,182680,1,Private Hire,Private Hire - Licensed,Overtake Stat Veh O/S,No Skidding/Overturn,On Main CW - Not Rest.,Not At Jct,None,Did Not Leave,None,Front Hit First,Jny Part Of Work,Male,46,35-64
1210311621,Newham,17,540223,181441,1,Car,Car,Going Ahead Other,No Skidding/Overturn,On Main CW - Not Rest.,Jct App,Hit Parked Veh,Did Not Leave,None,Front Hit First,Unknown,Male,26,25-34
1210311622,Westminster,1,528427,180033,1,Car,Car,Change Lane To Left,No Skidding/Overturn,On Main CW - Not Rest.,Jct Mid,None,Did Not Leave,None,Front Hit First,Other/Not Known,Male,30,25-34
1210311631,Southwark,8,534741,177560,1,Car,Car,Unknown (S/R),Unknown (S/R),Unknown (S/R),Unknown (S/R),Unknown (S/R),Unknown (S/R),Unknown (S/R),Front Hit First,Other/Not Known,Male,36,35-64
1210311651,Haringey,31,531797,188515,1,Car,Car,Moving Off,No Skidding/Overturn,On Main CW - Not Rest.,Jct Mid,None,Did Not Leave,None,Front Hit First,Unknown,Male,38,35-64
1210311659,Waltham Forest,13,538703,186491,2,Private Hire,Private Hire - Licensed,Change Lane To Left,No Skidding/Overturn,On Main CW - Not Rest.,Not At Jct,None,Did Not Leave,None,Front Hit First,Jny Part Of Work,Male,39,35-64
1210311662,Bexley,18,550345,177639,1,Bus Or Coach,London Bus,Moving Off,No Skidding/Overturn,On Main CW - Not Rest.,Leaving R'about,None,Did Not Leave,None,Front Hit First,Jny Part Of Work,Female,51,35-64
1210311669,Bromley,19,540407,168752,1,Bus Or Coach,London Bus,Going Ahead Other,No Skidding/Overturn,On Main CW - Not Rest.,Jct App,None,Did Not Leave,None,Front Hit First,Jny Part Of Work,Male,44,35-64
1210311671,Lambeth,9,530699,174426,1,Goods Vehicle,GDS =< 3.5T,Going Ahead Other,No Skidding/Overturn,On Main CW - Not Rest.,Jct App,None,Did Not Leave,None,Front Hit First,Jny Part Of Work,Male,42,35-64
1210311672,Hillingdon,26,509955,177009,1,Car,Car,Going Ahead Other,No Skidding/Overturn,Footway,Jct App,None,Left Cwy Onto Res/Rebound,Hit Lamp Post,Front Hit First,Other/Not Known,Female,29,25-34
1210311697,Hounslow,25,510699,178160,1,Car,Car,Going Ahead Other,No Skidding/Overturn,On Main CW - Not Rest.,Entering From Slip,None,Did Not Leave,None,Front Hit First,Other/Not Known,Male,22,17-24
1210311707,Croydon,20,533290,162031,1,Private Hire,Private Hire - Licensed,Going Ahead Other,No Skidding/Overturn,On Main CW - Not Rest.,Jct App,None,Did Not Leave,None,Front Hit First,Jny Part Of Work,Male,48,35-64
1210311733,Newham,17,543957,182817,1,Car,Car,Unknown (S/R),Unknown (S/R),Unknown (S/R),Jct Mid,Unknown (S/R),Unknown (S/R),Unknown (S/R),Front Hit First,Other/Not Known,Female,24,17-24
1210311737,Hillingdon,26,505749,185131,1,Goods Vehicle,GDS =< 3.5T,Waiting To Turn Right,No Skidding/Overturn,On Main CW - Not Rest.,Jct App,None,Did Not Leave,None,Front Hit First,Jny Part Of Work,Male,46,35-64
1210311743,Tower Hamlets,5,535647,181015,2,Goods Vehicle,GDS =< 3.5T,Unknown (S/R),Unknown (S/R),Unknown (S/R),Not At Jct,Unknown (S/R),Unknown (S/R),Unknown (S/R),Front Hit First,Unknown,Male,21,17-24
1210311744,Waltham Forest,13,537902,191695,2,Car,Car,Moving Off,No Skidding/Overturn,On Main CW - Not Rest.,Not At Jct,None,Did Not Leave,None,Front Hit First,Unknown,Male,79,65+
1210311746,Hillingdon,26,506046,180777,2,Car,Car,Slowing Or Stopping,No Skidding/Overturn,On Main CW - Not Rest.,Jct App,None,Did Not Leave,None,Front Hit First,Other/Not Known,Female,22,17-24
1210311750,Newham,17,542424,185735,2,Taxi,Taxi,Unknown (S/R),Unknown (S/R),Unknown (S/R),Jct App,Unknown (S/R),Unknown (S/R),Unknown (S/R),Front Hit First,Unknown,Male,41,35-64
1210311762,Ealing,27,519786,182425,1,Car,Car,Turning Right,No Skidding/Overturn,On Main CW - Not Rest.,Jct App,None,Left Cwy Nearside,None,Front Hit First,Other/Not Known,Female,25,25-34
1210311774,Barnet,30,521284,191867,1,Car,Car,Turning Left,No Skidding/Overturn,On Main CW - Not Rest.,Jct App,None,Did Not Leave,None,Front Hit First,Other/Not Known,Male,32,25-34
1210311806,Hillingdon,26,509732,180778,2,Car,Car,Turning Right,No Skidding/Overturn,On Main CW - Not Rest.,Jct Cleared,None,Did Not Leave,None,Front Hit First,Other/Not Known,Male,55,35-64
1210311814,Croydon,20,531416,169707,1,Car,Car,Unknown (S/R),Unknown (S/R),Unknown (S/R),Unknown (S/R),Unknown (S/R),Unknown (S/R),Unknown (S/R),Front Hit First,Other/Not Known,Female,34,25-34
1210311835,Westminster,1,527962,181829,1,Car,Car,Turning Right,No Skidding/Overturn,On Main CW - Not Rest.,Jct Cleared,None,Did Not Leave,None,Front Hit First,Jny Part Of Work,Male,53,35-64
1210311837,Tower Hamlets,5,534693,180728,2,Private Hire,Private Hire - Licensed,Going Ahead Other,No Skidding/Overturn,On Main CW - Not Rest.,Jct App,None,Did Not Leave,None,Front Hit First,Jny Part Of Work,Male,62,35-64
1210311891,Lambeth,9,529750,171756,3,Car,Car,Going Ahead Other,No Skidding/Overturn,On Main CW - Not Rest.,Jct App,None,Did Not Leave,None,Front Hit First,Unknown,Male,67,65+
1210311902,Greenwich,6,542427,175567,1,Car,Car,U-turning,No Skidding/Overturn,Footway,Not At Jct,None,Left Cwy Nearside,Wall Or Fence,Front Hit First,Other/Not Known,Male,87,65+
1210311911,Bexley,18,548715,174340,2,Car,Car,Going Ahead Other,No Skidding/Overturn,On Main CW - Not Rest.,Not At Jct,None,Did Not Leave,None,Front Hit First,Comm To/From Work,Male,29,25-34
1210311919,Hackney,4,534943,184665,1,Car,Car,Turning Right,No Skidding/Overturn,On Main CW - Not Rest.,Jct Mid,None,Did Not Leave,None,Front Hit First,Other/Not Known,Male,28,25-34
1210311925,Croydon,20,533073,164749,1,Car,Car,Going Ahead Right Bend,Skidded,On Main CW - Not Rest.,Not At Jct,Hit Kerb,Left Cwy Offside/Rebound,Hit Tree,Front Hit First,Other/Not Known,Male,71,65+
1210311926,Hillingdon,26,507831,185889,2,Car,Car,Turning Left,No Skidding/Overturn,On Main CW - Not Rest.,Jct App,Hit Parked Veh,Did Not Leave,None,Front Hit First,Unknown,Male,36,35-64
1210311935,Westminster,1,525635,181626,2,Car,Car,Going Ahead Other,No Skidding/Overturn,On Main CW - Not Rest.,Not At Jct,None,Did Not Leave,None,Front Hit First,Unknown,Female,23,17-24
1210311939,Islington,3,531308,183139,1,Car,Car,Going Ahead Other,Skidded,On Main CW - Not Rest.,Not At Jct,Hit Parked Veh,Did Not Leave,None,Front Hit First,Unknown,Male,28,25-34
1210311941,Hackney,4,532841,185435,1,Car,Car,Moving Off,No Skidding/Overturn,On Main CW - Not Rest.,Leaving R'about,None,Did Not Leave,None,Front Hit First,Jny Part Of Work,Male,46,35-64
1210311942,Southwark,8,532909,180279,1,Car,Car,Turning Right,No Skidding/Overturn,On Main CW - Not Rest.,Entering Main Rd,None,Did Not Leave,None,Front Hit First,Other/Not Known,Male,33,25-34
1210311956,Lewisham,7,535855,178611,1,Car,Car,Moving Off,No Skidding/Overturn,On Main CW - Not Rest.,Jct Cleared,None,Did Not Leave,None,Front Hit First,Jny Part Of Work,Male,46,35-64
1210311964,Croydon,20,534864,162112,1,Car,Car,Going Ahead Other,No Skidding/Overturn,On Main CW - Not Rest.,Jct App,None,Did Not Leave,None,Front Hit First,Other/Not Known,Male,47,35-64
1210311966,Haringey,31,530858,191274,1,Car,Car,Going Ahead Other,No Skidding/Overturn,On Main CW - Not Rest.,Jct Mid,None,Did Not Leave,None,Front Hit First,Unknown,Male,20,17-24
1210311973,Merton,22,525871,168705,2,Other Vehicle,Minibus,Going Ahead Other,No Skidding/Overturn,On Main CW - Not Rest.,Jct Mid,None,Did Not Leave,None,Front Hit First,Jny Part Of Work,Male,51,35-64