_Collision Id,Borough Name,Borough Number,Easting,Northing,_Vehicle Id,Vehicle Type Banded,Vehicle Type,Vehicle Manoeuvres,Vehicle Skidding and Overturning,Vehicle Restricted Lane,Location of Vehicle at First Impact,Vehicle Hit Object in Carriageway,Vehicle Leaving Carriageway,Vehicle Hit Object Off Carriageway,First Point of Impact,Journey Purpose,Driver Gender,Driver Age,Driver age (Banded)
1210313001,Harrow,29,514830,192628,1,Car,Car,Moving Off,No Skidding/Overturn,On Main CW - Not Rest.,Jct App,None,Did Not Leave,None,Front Hit First,Other/Not Known,Male,31,25-34
1210313016,Hounslow,25,511698,176353,2,Car,Car,Going Ahead Held Up,No Skidding/Overturn,On Main CW - Not Rest.,Jct App,None,Did Not Leave,None,Front Hit First,Other/Not Known,Male,62,35-64
1210313021,Brent,28,519472,186583,1,Car,Car,Going Ahead Other,No Skidding/Overturn,On Main CW - Not Rest.,Jct Cleared,None,Did Not Leave,None,Front Hit First,Comm To/From Work,Male,33,25-34
1210313024,Greenwich,6,540869,177566,1,Car,Car,Unknown (S/R),Unknown (S/R),Unknown (S/R),Unknown (S/R),Unknown (S/R),Unknown (S/R),Unknown (S/R),Front Hit First,Other/Not Known,Male,27,25-34
1210313030,Southwark,8,534075,175371,2,Car,Car,Turning Right,No Skidding/Overturn,On Main CW - Not Rest.,Jct App,None,Did Not Leave,None,Front Hit First,Jny Part Of Work,Male,32,25-34
1210313032,Ealing,27,518626,180549,1,Car,Car,Going Ahead Held Up,No Skidding/Overturn,On Main CW - Not Rest.,Jct App,None,Did Not Leave,None,Front Hit First,Comm To/From Work,Male,43,35-64
1210313059,Waltham Forest,13,537950,186219,1,Car,Car,Turning Right,No Skidding/Overturn,On Main CW - Not Rest.,Entering Main Rd,None,Did Not Leave,None,Front Hit First,Unknown,Female,55,35-64
1210313062,Barnet,30,525371,188058,1,Car,Car,Turning Left,No Skidding/Overturn,On Main CW - Not Rest.,Leaving R'about,Hit Kerb,Left Cwy Offside,Wall Or Fence,Front Hit First,Other/Not Known,Male,75,65+
1210313072,Barnet,30,520168,192981,2,Car,Car,Unknown (S/R),Unknown (S/R),Unknown (S/R),Unknown (S/R),Unknown (S/R),Unknown (S/R),Unknown (S/R),Front Hit First,Other/Not Known,Male,67,65+
1210313078,Tower Hamlets,5,537154,183399,1,Car,Car,Going Ahead Left Bend,No Skidding/Overturn,On Main CW - Not Rest.,Leaving R'about,None,Did Not Leave,None,Front Hit First,Other/Not Known,Male,62,35-64
1210313085,Havering,15,552343,189781,1,Car,Car,Going Ahead Right Bend,Overturn,On Main CW - Not Rest.,Not At Jct,Hit Kerb,Did Not Leave,None,Front Hit First,Comm To/From Work,Male,19,17-24
1210313091,Camden,2,530244,181373,2,Bus Or Coach,London Bus,Moving Off,No Skidding/Overturn,On Main CW - Not Rest.,Entering Main Rd,Hit Parked Veh,Did Not Leave,None,Front Hit First,Other/Not Known,Male,52,35-64
1210313100,Southwark,8,532169,179025,1,Car,Car,Going Ahead Other,No Skidding/Overturn,On Main CW - Not Rest.,Not At Jct,None,Left Cwy Nearside,None,Front Hit First,Other/Not Known,Male,70,65+
1210313101,Bromley,19,537618,167356,1,Car,Car,Overtake Move Veh O/S,No Skidding/Overturn,Tram Track,Jct App,None,Did Not Leave,None,Front Hit First,Jny Part Of Work,Female,21,17-24
1210313109,Wandsworth,10,522624,173940,1,Private Hire,Private Hire - Licensed,Turning Right,No Skidding/Overturn,On Main CW - Not Rest.,Jct Mid,None,Did Not Leave,None,Front Hit First,Jny Part Of Work,Male,64,35-64
1210313110,Bromley,19,537297,167582,2,Goods Vehicle,GDS =< 3.5T,Going Ahead Other,No Skidding/Overturn,On Main CW - Not Rest.,Not At Jct,None,Did Not Leave,None,Front Hit First,Jny Part Of Work,Male,20,17-24
1210313111,Havering,15,550917,191251,3,Car,Car,Slowing Or Stopping,No Skidding/Overturn,On Main CW - Not Rest.,Jct App,None,Did Not Leave,None,Front Hit First,Other/Not Known,Female,53,35-64
1210313112,Ealing,27,514504,182579,1,Car,Car,Moving Off,No Skidding/Overturn,On Main CW - Not Rest.,Jct App,None,Did Not Leave,None,Front Hit First,Other/Not Known,Male,55,35-64
1210313114,Enfield,32,534080,192421,1,Car,Car,Going Ahead Other,No Skidding/Overturn,On Main CW - Not Rest.,Entering Main Rd,None,Did Not Leave,None,Front Hit First,Other/Not Known,Male,71,65+
1210313145,Hammersmith & Fulham,11,523470,178189,2,Car,Car,Turning Right,No Skidding/Overturn,On Main CW - Not Rest.,Jct Mid,None,Did Not Leave,None,Front Hit First,Unknown,Male,40,35-64
1210313158,Enfield,32,536028,192280,2,Goods Vehicle,GDS =< 3.5T,Going Ahead Other,No Skidding/Overturn,On Main CW - Not Rest.,Entering R'about,None,Did Not Leave,None,Front Hit First,Jny Part Of Work,Male,38,35-64
1210313163,Lewisham,7,537776,173849,1,Bus Or Coach,London Bus,Going Ahead Other,No Skidding/Overturn,On Main CW - Not Rest.,Jct Mid,None,Did Not Leave,None,Front Hit First,Jny Part Of Work,Male,38,35-64
1210313182,Richmond-Upon-Thames,24,513209,171508,1,Car,Car,Going Ahead Other,No Skidding/Overturn,On Main CW - Not Rest.,Jct Mid,None,Did Not Leave,None,Front Hit First,Other/Not Known,Female,66,65+
1210313183,Hackney,4,531780,186920,1,Car,Car,Turning Right,No Skidding/Overturn,On Main CW - Not Rest.,Jct App,None,Did Not Leave,None,Front Hit First,Other/Not Known,Male,75,65+
1210313186,Hounslow,25,517958,178543,1,Car,Car,Going Ahead Other,Unknown (S/R),On Main CW - Not Rest.,Jct App,Unknown (S/R),Did Not Leave,None,Front Hit First,Unknown,Female,39,35-64
1210313191,Hillingdon,26,507272,182771,2,Car,Car,Going Ahead Other,No Skidding/Overturn,On Main CW - Not Rest.,Not At Jct,None,Did Not Leave,None,Front Hit First,Unknown,Female,28,25-34
1210313214,Sutton,21,525739,166962,1,Car,Car,Going Ahead Other,No Skidding/Overturn,On Main CW - Not Rest.,Entering Main Rd,None,Did Not Leave,None,Front Hit First,Other/Not Known,Female,45,35-64
1210313215,Tower Hamlets,5,536938,184073,1,Car,Car,Turning Left,No Skidding/Overturn,On Main CW - Not Rest.,Entering R'about,None,Did Not Leave,None,Front Hit First,Other/Not Known,Male,40,35-64
1210313230,Ealing,27,518498,180652,2,Other Vehicle,Other Vehicle,Going Ahead Other,No Skidding/Overturn,On Main CW - Not Rest.,Not At Jct,None,Did Not Leave,None,Front Hit First,Other/Not Known,Female,18,17-24
1210313235,Lambeth,9,530287,170532,1,Car,Car,Turning Left,No Skidding/Overturn,On Main CW - Not Rest.,Leaving Main Rd,None,Did Not Leave,None,Front Hit First,Other/Not Known,Male,27,25-34
1210313240,Croydon,20,529290,158061,1,Car,Car,Going Ahead Other,No Skidding/Overturn,On Main CW - Not Rest.,Jct App,None,Did Not Leave,None,Front Hit First,Other/Not Known,Male,43,35-64
1210313246,Tower Hamlets,5,538940,181028,2,Car,Car,Unknown (S/R),Unknown (S/R),Unknown (S/R),Unknown (S/R),Unknown (S/R),Unknown (S/R),Unknown (S/R),Front Hit First,Unknown,Not Traced,34,25-34
1210313253,Haringey,31,528708,190674,1,Car,Car,Going Ahead Other,No Skidding/Overturn,On Main CW - Not Rest.,Not At Jct,Hit Parked Veh,Did Not Leave,None,Front Hit First,Other/Not Known,Male,19,17-24
1210313262,Tower Hamlets,5,534575,181317,1,Car,Car,Going Ahead Other,No Skidding/Overturn,On Main CW - Not Rest.,Jct Mid,None,Did Not Leave,None,Front Hit First,Other/Not Known,Male,38,35-64
1210313270,Haringey,31,528039,189632,2,Other Vehicle,Other Vehicle,Going Ahead Other,No Skidding/Overturn,On Main CW - Not Rest.,Jct App,None,Did Not Leave,None,Front Hit First,Unknown,Male,24,17-24
1210313272,Hammersmith & Fulham,11,524586,178412,1,Car,Car,Going Ahead Other,No Skidding/Overturn,On Main CW - Not Rest.,Jct Mid,None,Did Not Leave,None,Front Hit First,Jny Part Of Work,Male,62,35-64
1210313275,Lambeth,9,530036,175584,1,Car,Car,Turning Right,No Skidding/Overturn,On Main CW - Not Rest.,Jct Mid,Hit Oth Object,Did Not Leave,None,Front Hit First,Other/Not Known,Male,32,25-34
1210313293,Hounslow,25,508745,172821,1,Car,Car,Going Ahead Right Bend,No Skidding/Overturn,On Main CW - Not Rest.,Not At Jct,None,Did Not Leave,None,Front Hit First,Jny Part Of Work,Male,34,25-34
1210313297,Enfield,32,535151,198514,2,Car,Car,Turning Left,No Skidding/Overturn,On Main CW - Not Rest.,Jct App,None,Did Not Leave,None,Front Hit First,Unknown,Male,22,17-24
1210313321,Sutton,21,526390,164164,2,Car,Car,Going Ahead Other,No Skidding/Overturn,On Main CW - Not Rest.,Jct App,None,Did Not Leave,None,Front Hit First,Unknown,Male,21,17-24
1210313322,Croydon,20,533146,169746,1,Car,Car,Going Ahead Other,No Skidding/Overturn,On Main CW - Not Rest.,Jct Mid,None,Did Not Leave,None,Front Hit First,Unknown,Male,57,35-64
1210313323,Hillingdon,26,511113,182149,1,Car,Car,Moving Off,No Skidding/Overturn,On Main CW - Not Rest.,Jct App,None,Did Not Leave,None,Front Hit First,Other/Not Known,Male,39,35-64
1210313333,Haringey,31,530197,191255,1,Car,Car,Going Ahead Left Bend,No Skidding/Overturn,On Main CW - Not Rest.,Jct Cleared,None,Did Not Leave,None,Front Hit First,Other/Not Known,Male,30,25-34
1210313335,Lambeth,9,531183,175424,1,Car,Car,Moving Off,No Skidding/Overturn,On Main CW - Not Rest.,Jct App,None,Did Not Leave,None,Front Hit First,Other/Not Known,Male,63,35-64
1210313336,Ealing,27,519121,179400,1,Car,Car,Going Ahead Other,No Skidding/Overturn,On Main CW - Not Rest.,Jct Mid,None,Did Not Leave,None,Front Hit First,Other/Not Known,Male,76,65+
1210313348,Hounslow,25,510400,174563,1,Goods Vehicle,GDS =< 3.5T,Slowing Or Stopping,No Skidding/Overturn,On Main CW - Not Rest.,Jct App,None,Did Not Leave,None,Front Hit First,Jny Part Of Work,Male,61,35-64
1210313365,Hillingdon,26,506501,185402,3,Goods Vehicle,GDS =< 3.5T,Going Ahead Other,No Skidding/Overturn,On Main CW - Not Rest.,Jct App,None,Did Not Leave,None,Front Hit First,Comm To/From Work,Male,24,17-24
1210313367,Lewisham,7,537620,175645,2,Car,Car,Going Ahead Other,No Skidding/Overturn,On Main CW - Not Rest.,Jct App,None,Did Not Leave,None,Front Hit First,Other/Not Known,Female,28,25-34
1210313368,Barnet,30,520198,190590,1,Car,Car,Moving Off,No Skidding/Overturn,On Main CW - Not Rest.,Entering Main Rd,None,Did Not Leave,None,Front Hit First,Other/Not Known,Male,36,35-64
1210313371,Hackney,4,534027,185209,2,Car,Car,Going Ahead Other,No Skidding/Overturn,On Main CW - Not Rest.,Jct App,None,Did Not Leave,None,Front Hit First,Other/Not Known,Male,75,65+
1210313383,Southwark,8,532275,180157,1,Car,Car,Turning Right,No Skidding/Overturn,On Main CW - Not Rest.,Jct Mid,None,Did Not Leave,None,Front Hit First,Other/Not Known,Male,32,25-34
1210313384,Hackney,4,534850,186261,1,Car,Car,Moving Off,No Skidding/Overturn,On Main CW - Not Rest.,Jct App,Hit Bollard,Did Not Leave,None,Front Hit First,Jny Part Of Work,Male,31,25-34
1210313387,Havering,15,551380,181684,1,Car,Car,Overtaking Nearside,Skidded,On Main CW - Not Rest.,Jct App,Hit Bollard,Left Cwy Onto Res/Rebound,Hit Central Bar,Front Hit First,Other/Not Known,Male,31,25-34
1210313389,Hounslow,25,521565,178562,2,Car,Car,Unknown (S/R),Unknown (S/R),Unknown (S/R),Unknown (S/R),Unknown (S/R),Unknown (S/R),Unknown (S/R),Front Hit First,Unknown,Male,33,25-34
1210313393,Havering,15,554978,187320,2,Car,Car,Unknown (S/R),Unknown (S/R),Unknown (S/R),Unknown (S/R),Unknown (S/R),Unknown (S/R),Unknown (S/R),Front Hit First,Unknown,Male,84,65+
1210313394,Southwark,8,532430,177796,1,Car,Car,Going Ahead Other,No Skidding/Overturn,On Main CW - Not Rest.,Leaving Main Rd,None,Did Not Leave,None,Front Hit First,Unknown,Female,49,35-64
1210313400,Barking & Dagenham,16,545447,183356,2,Car,Car,Going Ahead Other,No Skidding/Overturn,On Main CW - Not Rest.,Jct Cleared,None,Did Not Leave,None,Front Hit First,Jny Part Of Work,Male,51,35-64
1210313403,Brent,28,519669,189341,1,Car,Car,Overtake Move Veh O/S,No Skidding/Overturn,On Main CW - Not Rest.,Jct App,None,Did Not Leave,None,Front Hit First,Other/Not Known,Male,29,25-34
1210313405,Brent,28,521162,185866,2,Car,Car,Going Ahead Held Up,No Skidding/Overturn,On Main CW - Not Rest.,Jct App,None,Did Not Leave,None,Front Hit First,Unknown,Female,25,25-34
1210313423,Ealing,27,512825,181195,1,Car,Car,Going Ahead Other,No Skidding/Overturn,On Main CW - Not Rest.,Jct App,None,Did Not Leave,None,Front Hit First,Other/Not Known,Male,22,17-24
1210313426,Westminster,1,529989,180358,1,Car,Car,Going Ahead Left Bend,No Skidding/Overturn,On Main CW - Not Rest.,Leaving R'about,None,Did Not Leave,None,Front Hit First,Other/Not Known,Male,50,35-64
1210313437,Redbridge,14,541409,189177,1,Car,Car,Change Lane To Left,Skidded,Lay-by/Hard Shldr,Jct App,Hit Kerb,Left Cwy Nearside/Rebound,Hit Lamp Post,Front Hit First,Unknown,Male,22,17-24
1210313443,Hillingdon,26,506104,189708,1,Goods Vehicle,GDS 3.5-7.5T,Going Ahead Left Bend,Skidded,On Main CW - Not Rest.,Not At Jct,None,Did Not Leave,None,Front Hit First,Comm To/From Work,Male,28,25-34
1210313455,Southwark,8,533848,176457,1,Bus Or Coach,London Bus,Going Ahead Held Up,No Skidding/Overturn,On Main CW - Not Rest.,Not At Jct,None,Did Not Leave,None,Front Hit First,Jny Part Of Work,Male,35,35-64
1210313460,Lewisham,7,536723,174566,1,Car,Car,Moving Off,No Skidding/Overturn,On Main CW - Not Rest.,Jct Cleared,None,Did Not Leave,None,Front Hit First,Taking Pupil To/From Sch,Male,48,35-64
1210313474,Southwark,8,533864,171215,2,Car,Car,Turning Right,Unknown (S/R),On Main CW - Not Rest.,Unknown (S/R),Unknown (S/R),Did Not Leave,None,Front Hit First,Unknown,Male,19,17-24
1210313484,Waltham Forest,13,535868,189827,1,Car,Car,Turning Right,No Skidding/Overturn,Footway,Jct App,None,Left Cwy Offside,Hit Tree,Front Hit First,Taking Pupil To/From Sch,Female,49,35-64
1210313490,Newham,17,542851,181671,1,Car,Car,Going Ahead Other,No Skidding/Overturn,On Main CW - Not Rest.,Jct Cleared,None,Did Not Leave,None,Front Hit First,Taking Pupil To/From Sch,Female,38,35-64
1210313501,Ealing,27,512247,183609,1,Car,Car,Unknown (S/R),Unknown (S/R),Unknown (S/R),Unknown (S/R),Unknown (S/R),Unknown (S/R),Unknown (S/R),Front Hit First,Other/Not Known,Male,27,25-34
1210313503,Enfield,32,529183,200510,2,Car,Car,Going Ahead Other,No Skidding/Overturn,On Main CW - Not Rest.,Not At Jct,None,Did Not Leave,None,Front Hit First,Jny Part Of Work,Male,44,35-64
1210313513,Bromley,19,539792,170027,2,Other Vehicle,Other Vehicle,Going Ahead Other,No Skidding/Overturn,On Main CW - Not Rest.,Jct App,None,Did Not Leave,None,Front Hit First,Unknown,Male,43,35-64
1210313515,Newham,17,542650,185878,1,Car,Car,Moving Off,No Skidding/Overturn,On Main CW - Not Rest.,Jct App,None,Did Not Leave,None,Front Hit First,Unknown,Male,75,65+
1210313529,Hillingdon,26,508069,186421,1,Car,Car,Turning Left,No Skidding/Overturn,On Main CW - Not Rest.,Entering Main Rd,None,Did Not Leave,None,Front Hit First,Other/Not Known,Female,53,35-64
1210313536,Waltham Forest,13,537776,188175,1,Bus Or Coach,London Bus,Turning Right,No Skidding/Overturn,On Main CW - Not Rest.,Jct App,Hit Oth Object,Did Not Leave,None,Front Hit First,Jny Part Of Work,Female,30,25-34
1210313544,Hillingdon,26,507124,182874,2,Car,Car,Going Ahead Other,No Skidding/Overturn,On Main CW - Not Rest.,Jct App,None,Did Not Leave,None,Front Hit First,Other/Not Known,Male,29,25-34
1210313550,Enfield,32,535256,196340,2,Car,Car,Waiting To Turn Right,No Skidding/Overturn,On Main CW - Not Rest.,Jct App,None,Did Not Leave,None,Front Hit First,Other/Not Known,Female,37,35-64
1210313555,Waltham Forest,13,538160,188432,1,Car,Car,Moving Off,No Skidding/Overturn,On Main CW - Not Rest.,Jct App,None,Did Not Leave,None,Front Hit First,Other/Not Known,Male,53,35-64
1210313557,Barking & Dagenham,16,548966,186592,1,Car,Car,Turning Right,No Skidding/Overturn,On Main CW - Not Rest.,Entering Main Rd,None,Did Not Leave,None,Front Hit First,Other/Not Known,Female,26,25-34
1210313559,Southwark,8,532098,179711,1,Goods Vehicle,GDS =< 3.5T,Turning Left,No Skidding/Overturn,On Main CW - Not Rest.,Leaving Main Rd,None,Did Not Leave,None,Front Hit First,Jny Part Of Work,Male,32,25-34
1210313572,Islington,3,531876,184244,1,Car,Car,Unknown (S/R),Unknown (S/R),Unknown (S/R),Unknown (S/R),Unknown (S/R),Unknown (S/R),Unknown (S/R),Front Hit First,Unknown,Male,49,35-64
1210313592,Redbridge,14,540453,188119,4,Car,Car,Going Ahead Other,No Skidding/Overturn,On Main CW - Not Rest.,Not At Jct,None,Did Not Leave,None,Front Hit First,Unknown,Male,25,25-34
1210313597,Ealing,27,516605,180896,2,Car,Car,Going Ahead Other,No Skidding/Overturn,On Main CW - Not Rest.,Not At Jct,None,Did Not Leave,None,Front Hit First,Unknown,Male,32,25-34
1210313600,Bexley,18,549851,179820,3,Goods Vehicle,GDS =< 3.5T,Moving Off,No Skidding/Overturn,On Main CW - Not Rest.,Entering R'about,None,Did Not Leave,None,Front Hit First,Jny Part Of Work,Male,25,25-34
1210313601,Tower Hamlets,5,534780,181825,2,Car,Car,Change Lane To Right,No Skidding/Overturn,On Main CW - Not Rest.,Not At Jct,None,Did Not Leave,None,Front Hit First,Comm To/From Work,Male,27,25-34
1210313608,Redbridge,14,542954,188262,1,Car,Car,Waiting To Turn Right,No Skidding/Overturn,On Main CW - Not Rest.,Jct App,None,Did Not Leave,None,Front Hit First,Unknown,Male,57,35-64
1210313616,Islington,3,532824,184456,1,Car,Car,Reversing,No Skidding/Overturn,Footway,Not At Jct,None,Left Cwy Offside,Hit Tree,Front Hit First,Other/Not Known,Female,63,35-64
1210313619,Redbridge,14,546261,186349,1,Car,Car,Going Ahead Other,No Skidding/Overturn,On Main CW - Not Rest.,Jct Cleared,None,Did Not Leave,None,Front Hit First,Other/Not Known,Male,48,35-64
1210313640,Hounslow,25,510417,174002,1,Car,Car,Unknown (S/R),Unknown (S/R),Unknown (S/R),Not At Jct,Unknown (S/R),Unknown (S/R),Unknown (S/R),Front Hit First,Other/Not Known,Female,34,25-34
1210313643,Croydon,20,534234,166364,1,Car,Car,Unknown (S/R),Unknown (S/R),Unknown (S/R),Unknown (S/R),Unknown (S/R),Unknown (S/R),Unknown (S/R),Front Hit First,Other/Not Known,Male,25,25-34
1210313648,Harrow,29,515651,188651,2,Car,Car,Going Ahead Other,No Skidding/Overturn,On Main CW - Not Rest.,Entering Main Rd,None,Did Not Leave,None,Front Hit First,Unknown,Male,30,25-34
1210313659,Croydon,20,533209,166333,1,Other Vehicle,Other Vehicle,Going Ahead Other,No Skidding/Overturn,On Main CW - Not Rest.,Jct Cleared,None,Did Not Leave,None,Front Hit First,Jny Part Of Work,Male,33,25-34
1210313661,Newham,17,541564,184283,2,Car,Car,Moving Off,No Skidding/Overturn,On Main CW - Not Rest.,Entering Main Rd,None,Did Not Leave,None,Front Hit First,Other/Not Known,Male,40,35-64
1210313662,Merton,22,522441,168742,1,Goods Vehicle,GDS =< 3.5T,Change Lane To Left,No Skidding/Overturn,On Main CW - Not Rest.,Leaving Main Rd,Hit Bollard,Did Not Leave,None,Front Hit First,Other/Not Known,Male,46,35-64
1210313664,Hackney,4,535257,184747,1,Car,Car,Going Ahead Other,Skid/Over,On Main CW - Not Rest.,Jct App,Hit Kerb,Left Cwy Nearside,Hit Rd Sign/Ats,Front Hit First,Comm To/From Work,Male,51,35-64
1210313665,Redbridge,14,540609,188241,1,Goods Vehicle,GDS => 7.5T,Going Ahead Other,No Skidding/Overturn,On Main CW - Not Rest.,Not At Jct,None,Did Not Leave,None,Front Hit First,Other/Not Known,Male,69,65+
1210313666,Sutton,21,527720,165141,1,Car,Car,Going Ahead Left Bend,No Skidding/Overturn,On Main CW - Not Rest.,Not At Jct,None,Left Cwy Offside,None,Front Hit First,Unknown,Female,31,25-34
1210313667,Lambeth,9,528679,175215,1,Car,Car,Going Ahead Other,No Skidding/Overturn,On Main CW - Not Rest.,Jct Cleared,None,Did Not Leave,None,Front Hit First,Other/Not Known,Male,31,25-34
1210313696,Hammersmith & Fulham,11,523496,178152,1,Car,Car,Going Ahead Other,No Skidding/Overturn,On Main CW - Not Rest.,Jct App,None,Did Not Leave,None,Front Hit First,Unknown,Not Traced,21,17-24
1210313699,Newham,17,539711,181762,1,Car,Car,Turning Right,No Skidding/Overturn,On Main CW - Not Rest.,Jct App,None,Did Not Leave,None,Front Hit First,Comm To/From Work,Female,51,35-64
1210313705,Greenwich,6,545001,177235,1,Car,Car,Moving Off,No Skidding/Overturn,Footway,Jct App,Hit Kerb,Left Cwy Nearside,Wall Or Fence,Front Hit First,Unknown,Male,28,25-34
1210313735,Sutton,21,525394,163974,1,Car,Car,Going Ahead Other,No Skidding/Overturn,On Main CW - Not Rest.,Jct Mid,None,Did Not Leave,None,Front Hit First,Unknown,Male,52,35-64
1210313749,Barnet,30,525695,196544,2,Car,Car,Unknown (S/R),Unknown (S/R),Unknown (S/R),Unknown (S/R),Unknown (S/R),Unknown (S/R),Unknown (S/R),Front Hit First,Unknown,Male,67,65+
1210313751,Lewisham,7,535904,175950,2,Goods Vehicle,GDS =< 3.5T,Overtaking Nearside,No Skidding/Overturn,On Main CW - Not Rest.,Not At Jct,None,Did Not Leave,None,Front Hit First,Jny Part Of Work,Male,50,35-64
1210313757,Southwark,8,533539,178421,1,Bus Or Coach,London Bus,Going Ahead Other,No Skidding/Overturn,On Main CW - Not Rest.,Jct App,None,Did Not Leave,None,Front Hit First,Jny Part Of Work,Male,21,17-24
1210313763,Tower Hamlets,5,533807,180652,1,Car,Car,Unknown (S/R),Unknown (S/R),Unknown (S/R),Unknown (S/R),Unknown (S/R),Unknown (S/R),Unknown (S/R),Front Hit First,Other/Not Known,Female,25,25-34
1210313772,Tower Hamlets,5,535393,181223,2,Car,Car,Unknown (S/R),Unknown (S/R),Unknown (S/R),Not At Jct,Unknown (S/R),Unknown (S/R),Unknown (S/R),Front Hit First,Unknown,Female,34,25-34
1210313776,Tower Hamlets,5,534847,183304,1,Car,Car,Going Ahead Other,No Skidding/Overturn,On Main CW - Not Rest.,Jct Cleared,None,Did Not Leave,None,Front Hit First,Unknown,Male,21,17-24
1210313781,Barnet,30,520819,195223,1,Car,Car,Going Ahead Other,No Skidding/Overturn,On Main CW - Not Rest.,Jct App,None,Did Not Leave,None,Front Hit First,Jny Part Of Work,Male,38,35-64
1210313787,Westminster,1,528506,180689,1,Car,Car,Turning Right,No Skidding/Overturn,On Main CW - Not Rest.,Jct Mid,None,Did Not Leave,None,Front Hit First,Other/Not Known,Male,27,25-34
1210313789,Wandsworth,10,523671,174803,1,Car,Car,Moving Off,No Skidding/Overturn,On Main CW - Not Rest.,Not At Jct,None,Did Not Leave,None,Front Hit First,Comm To/From Work,Male,42,35-64
1210313799,Lewisham,7,537868,174286,1,Car,Car,Unknown (S/R),Unknown (S/R),Unknown (S/R),Unknown (S/R),Unknown (S/R),Unknown (S/R),Unknown (S/R),Front Hit First,Unknown,Female,42,35-64
1210313805,Barnet,30,517481,193884,1,Car,Car,Going Ahead Other,No Skidding/Overturn,On Main CW - Not Rest.,Jct App,None,Did Not Leave,None,Front Hit First,Other/Not Known,Male,47,35-64
1210313825,Bromley,19,535207,170457,3,Car,Car,Going Ahead Held Up,No Skidding/Overturn,On Main CW - Not Rest.,Jct App,None,Did Not Leave,None,Front Hit First,Comm To/From Work,Female,24,17-24
1210313830,Ealing,27,518821,180471,1,Car,Car,Turning Right,No Skidding/Overturn,Cycle Lane (On CWY),Jct App,None,Did Not Leave,None,Front Hit First,Other/Not Known,Female,27,25-34
1210313836,Westminster,1,530713,180638,1,Private Hire,Private Hire - Licensed,Overtake Move Veh O/S,No Skidding/Overturn,On Main CW - Not Rest.,Not At Jct,None,Did Not Leave,None,Front Hit First,Jny Part Of Work,Male,53,35-64
1210313839,Wandsworth,10,525853,174713,1,Car,Car,Going Ahead Other,Overturn,On Main CW - Not Rest.,Not At Jct,None,Left Cwy Nearside,None,Front Hit First,Comm To/From Work,Male,38,35-64
1210313843,Barking & Dagenham,16,550000,183523,1,Car,Car,Going Ahead Other,No Skidding/Overturn,On Main CW - Not Rest.,Jct Cleared,None,Left Cwy Ahead At Junctn,None,Front Hit First,Unknown,Female,40,35-64
1210313854,Greenwich,6,539630,179043,1,Car,Car,Change Lane To Left,No Skidding/Overturn,On Main CW - Not Rest.,Jct App,None,Did Not Leave,None,Front Hit First,Unknown,Female,63,35-64
1210313871,Wandsworth,10,526778,175450,1,Car,Car,Going Ahead Right Bend,Skid/Over,On Main CW - Not Rest.,Jct App,None,Did Not Leave,None,Front Hit First,Unknown,Female,53,35-64
1210313873,Newham,17,540935,185070,1,Private Hire,Private Hire - Licensed,Turning Right,No Skidding/Overturn,On Main CW - Not Rest.,Jct App,None,Did Not Leave,None,Front Hit First,Unknown,Male,42,35-64
1210313880,Westminster,1,524745,182213,2,Car,Car,Turning Right,Skidded,On Main CW - Not Rest.,Entering Main Rd,None,Did Not Leave,None,Front Hit First,Other/Not Known,Male,34,25-34
1210313886,Lewisham,7,535876,176591,1,Car,Car,Overtake Move Veh O/S,No Skidding/Overturn,On Main CW - Not Rest.,Leaving R'about,Hit Oth Object,Did Not Leave,None,Front Hit First,Unknown,Male,19,17-24
1210313890,Hackney,4,534524,187114,1,Car,Car,Turning Right,No Skidding/Overturn,On Main CW - Not Rest.,Jct Mid,None,Did Not Leave,None,Front Hit First,Other/Not Known,Male,37,35-64
1210313892,Hounslow,25,511679,177847,2,Car,Car,Going Ahead Other,No Skidding/Overturn,On Main CW - Not Rest.,Jct App,None,Did Not Leave,None,Front Hit First,Comm To/From Work,Female,34,25-34
1210313893,Lambeth,9,530445,173469,2,Car,Car,Moving Off,No Skidding/Overturn,On Main CW - Not Rest.,Jct Mid,None,Did Not Leave,None,Front Hit First,Other/Not Known,Male,41,35-64
1210313898,Croydon,20,531218,168056,1,Car,Car,Going Ahead Other,No Skidding/Overturn,Footway,Jct App,Hit Kerb,Left Cwy Offside,Hit Oth Object,Front Hit First,Unknown,Male,29,25-34
1210313901,Lambeth,9,529134,174839,1,Car,Car,Turning Right,No Skidding/Overturn,On Main CW - Not Rest.,Entering Main Rd,None,Did Not Leave,None,Front Hit First,Comm To/From Work,Male,25,25-34
1210313902,Croydon,20,531315,169966,1,Car,Car,Going Ahead Other,No Skidding/Overturn,On Main CW - Not Rest.,Jct App,None,Did Not Leave,None,Front Hit First,Jny Part Of Work,Female,68,65+