_Collision Id,Borough Name,Borough Number,Easting,Northing,_Vehicle Id,Vehicle Type Banded,Vehicle Type,Vehicle Manoeuvres,Vehicle Skidding and Overturning,Vehicle Restricted Lane,Location of Vehicle at First Impact,Vehicle Hit Object in Carriageway,Vehicle Leaving Carriageway,Vehicle Hit Object Off Carriageway,First Point of Impact,Journey Purpose,Driver Gender,Driver Age,Driver age (Banded)
1210314968,Lambeth,9,529985,171446,1,Car,Car,Going Ahead Other,No Skidding/Overturn,On Main CW - Not Rest.,Leaving Main Rd,None,Did Not Leave,None,Front Hit First,Unknown,Male,47,35-64
1210314985,Hillingdon,26,511023,185817,2,Car,Car,Moving Off,No Skidding/Overturn,On Main CW - Not Rest.,Entering Main Rd,None,Did Not Leave,None,Front Hit First,Unknown,Female,42,35-64
1210315002,Waltham Forest,13,539116,189232,1,Car,Car,Unknown (S/R),Unknown (S/R),Unknown (S/R),Unknown (S/R),Unknown (S/R),Unknown (S/R),Unknown (S/R),Front Hit First,Other/Not Known,Male,26,25-34
1210315005,Westminster,1,529828,180597,1,Car,Car,Going Ahead Other,No Skidding/Overturn,On Main CW - Not Rest.,Jct Cleared,None,Did Not Leave,None,Front Hit First,Jny Part Of Work,Female,41,35-64
1210315008,Greenwich,6,544674,179018,2,Car,Car,Overtaking Nearside,No Skidding/Overturn,Footway,Jct App,Hit Kerb,Left Cwy Nearside,Hit Rd Sign/Ats,Front Hit First,Other/Not Known,Male,34,25-34
1210315011,Kingston-Upon-Thames,23,518324,168196,1,Goods Vehicle,GDS =< 3.5T,Going Ahead Other,No Skidding/Overturn,On Main CW - Not Rest.,Jct Mid,None,Did Not Leave,None,Front Hit First,Jny Part Of Work,Male,28,25-34
1210315026,Hammersmith & Fulham,11,523530,181062,3,Car,Car,Going Ahead Other,No Skidding/Overturn,On Main CW - Not Rest.,Entering R'about,None,Did Not Leave,None,Front Hit First,Comm To/From Work,Female,29,25-34
1210315028,Camden,2,529954,181426,2,Car,Car,Unknown (S/R),Unknown (S/R),Unknown (S/R),Unknown (S/R),Unknown (S/R),Unknown (S/R),Unknown (S/R),Front Hit First,Unknown,Not Traced,63,35-64
1210315034,Tower Hamlets,5,534487,181800,1,Car,Car,Going Ahead Left Bend,No Skidding/Overturn,On Main CW - Not Rest.,Jct App,None,Did Not Leave,None,Front Hit First,Jny Part Of Work,Male,29,25-34
1210315036,Redbridge,14,543286,188544,1,Car,Car,Unknown (S/R),No Skidding/Overturn,On Main CW - Not Rest.,Not At Jct,None,Did Not Leave,None,Front Hit First,Unknown,Not Traced,47,35-64
1210315037,Bromley,19,533711,170739,2,Car,Car,Unknown (S/R),Unknown (S/R),Unknown (S/R),Unknown (S/R),Unknown (S/R),Unknown (S/R),Unknown (S/R),Front Hit First,Unknown,Not Traced,28,25-34
1210315039,Wandsworth,10,527610,171302,2,Car,Car,Unknown (S/R),Unknown (S/R),Unknown (S/R),Unknown (S/R),Unknown (S/R),Unknown (S/R),Unknown (S/R),Front Hit First,Unknown,Female,41,35-64
1210315044,Greenwich,6,546841,179836,1,Car,Car,Going Ahead Other,No Skidding/Overturn,On Main CW - Not Rest.,Jct App,None,Did Not Leave,None,Front Hit First,Unknown,Male,18,17-24
1210315048,Barnet,30,520401,190227,2,Car,Car,Unknown (S/R),Unknown (S/R),Unknown (S/R),Unknown (S/R),Unknown (S/R),Unknown (S/R),Unknown (S/R),Front Hit First,Unknown,Not Traced,55,35-64
1210315049,Redbridge,14,544531,187776,1,Car,Car,Unknown (S/R),Unknown (S/R),Unknown (S/R),Unknown (S/R),Unknown (S/R),Unknown (S/R),Unknown (S/R),Front Hit First,Unknown,Male,20,17-24
1210315060,Islington,3,532694,182653,2,Car,Car,Slowing Or Stopping,No Skidding/Overturn,On Main CW - Not Rest.,Jct App,None,Did Not Leave,None,Front Hit First,Unknown,Not Traced,45,35-64
1210315064,Merton,22,525871,171634,1,Goods Vehicle,GDS =< 3.5T,Going Ahead Other,No Skidding/Overturn,On Main CW - Not Rest.,Jct App,None,Did Not Leave,None,Front Hit First,Jny Part Of Work,Male,43,35-64
1210315065,Southwark,8,534386,178812,1,Car,Car,Moving Off,No Skidding/Overturn,On Main CW - Not Rest.,Not At Jct,None,Did Not Leave,None,Front Hit First,Unknown,Female,42,35-64
1210315066,Barnet,30,519289,191528,1,Car,Car,Turning Left,No Skidding/Overturn,On Main CW - Not Rest.,Jct App,None,Did Not Leave,None,Front Hit First,Other/Not Known,Male,33,25-34
1210315071,Merton,22,527220,169499,2,Car,Car,Unknown (S/R),No Skidding/Overturn,On Main CW - Not Rest.,Jct Mid,None,Did Not Leave,None,Front Hit First,Unknown,Male,57,35-64
1210315073,Westminster,1,528775,182192,1,Car,Car,Going Ahead Other,No Skidding/Overturn,On Main CW - Not Rest.,Jct Mid,None,Did Not Leave,None,Front Hit First,Other/Not Known,Male,34,25-34
1210315077,Redbridge,14,544335,186651,1,Car,Car,Change Lane To Right,No Skidding/Overturn,On Main CW - Not Rest.,Entering R'about,None,Did Not Leave,None,Front Hit First,Other/Not Known,Male,58,35-64
1210315080,Enfield,32,535091,196818,2,Car,Car,Going Ahead Other,No Skidding/Overturn,On Main CW - Not Rest.,Jct App,None,Did Not Leave,None,Front Hit First,Other/Not Known,Female,39,35-64
1210315087,Croydon,20,531033,166572,1,Car,Car,Turning Left,No Skidding/Overturn,On Main CW - Not Rest.,Jct Mid,None,Did Not Leave,None,Front Hit First,Other/Not Known,Female,63,35-64
1210315094,Hackney,4,533658,187015,2,Car,Car,Turning Right,No Skidding/Overturn,On Main CW - Not Rest.,Jct Mid,None,Did Not Leave,None,Front Hit First,Taking Pupil To/From Sch,Female,36,35-64
1210315101,Ealing,27,515199,184601,2,Car,Car,Going Ahead Other,No Skidding/Overturn,On Main CW - Not Rest.,Jct App,None,Did Not Leave,None,Front Hit First,Unknown,Male,67,65+
1210315102,Wandsworth,10,529103,172399,1,Goods Vehicle,GDS =< 3.5T,Turning Left,No Skidding/Overturn,On Main CW - Not Rest.,Jct Mid,None,Did Not Leave,None,Front Hit First,Unknown,Not Traced,21,17-24
1210315117,Merton,22,527504,168485,1,Car,Car,Unknown (S/R),Unknown (S/R),Unknown (S/R),Unknown (S/R),Unknown (S/R),Unknown (S/R),Unknown (S/R),Front Hit First,Other/Not Known,Male,23,17-24
1210315119,Hackney,4,533121,184004,2,Other Vehicle,Other Vehicle,Going Ahead Other,No Skidding/Overturn,On Main CW - Not Rest.,Jct App,None,Did Not Leave,None,Front Hit First,Unknown,Male,28,25-34
1210315121,Merton,22,526606,169678,1,Goods Vehicle,GDS =< 3.5T,Turning Right,No Skidding/Overturn,Footway,Jct App,None,Did Not Leave,None,Front Hit First,Jny Part Of Work,Male,23,17-24
1210315123,Newham,17,542430,183528,1,Goods Vehicle,Goods Unknown kg (S/R),Unknown (S/R),No Skidding/Overturn,On Main CW - Not Rest.,Jct App,None,Did Not Leave,None,Front Hit First,Unknown,Male,35,35-64
1210315125,Barnet,30,527414,188934,2,Other Vehicle,Other Vehicle,Going Ahead Other,No Skidding/Overturn,On Main CW - Not Rest.,Not At Jct,None,Did Not Leave,None,Front Hit First,Jny Part Of Work,Male,47,35-64
1210315133,Harrow,29,518131,192740,2,Car,Car,Unknown (S/R),Unknown (S/R),Unknown (S/R),Unknown (S/R),Unknown (S/R),Unknown (S/R),Unknown (S/R),Front Hit First,Unknown,Female,47,35-64
1210315140,Enfield,32,534363,193605,3,Bus Or Coach,London Bus,Going Ahead Held Up,No Skidding/Overturn,On Main CW - Not Rest.,Jct Mid,None,Did Not Leave,None,Front Hit First,Jny Part Of Work,Male,65,65+
1210315146,Southwark,8,534215,176818,1,Car,Car,Unknown (S/R),Unknown (S/R),Unknown (S/R),Not At Jct,Unknown (S/R),Unknown (S/R),Unknown (S/R),Front Hit First,Unknown,Female,46,35-64
1210315155,Haringey,31,530371,190420,1,Goods Vehicle,GDS =< 3.5T,Moving Off,No Skidding/Overturn,On Main CW - Not Rest.,Entering R'about,None,Did Not Leave,None,Front Hit First,Other/Not Known,Male,27,25-34
1210315162,Greenwich,6,537368,177735,1,Car,Car,Going Ahead Other,No Skidding/Overturn,On Main CW - Not Rest.,Jct App,Hit Oth Object,Did Not Leave,None,Front Hit First,Jny Part Of Work,Female,36,35-64
1210315170,Hounslow,25,520516,178373,2,Bus Or Coach,London Bus,Turning Right,No Skidding/Overturn,On Main CW - Not Rest.,Entering Main Rd,None,Did Not Leave,None,Front Hit First,Jny Part Of Work,Male,65,65+
1210315176,Haringey,31,532257,191527,1,Car,Car,Going Ahead Left Bend,No Skidding/Overturn,Footway,Not At Jct,None,Left Cwy Offside,Wall Or Fence,Front Hit First,Other/Not Known,Male,42,35-64
1210315184,Hackney,4,533472,183685,1,Car,Car,Turning Left,No Skidding/Overturn,Footway,Jct Mid,Hit Bollard,Left Cwy Nearside,Hit Oth Object,Front Hit First,Unknown,Male,20,17-24
1210315185,Bexley,18,547358,179622,1,Car,Car,Going Ahead Other,No Skidding/Overturn,On Main CW - Not Rest.,Entering R'about,None,Did Not Leave,None,Front Hit First,Other/Not Known,Female,43,35-64
1210315187,Wandsworth,10,524010,175239,1,Private Hire,Private Hire - Licensed,Moving Off,No Skidding/Overturn,On Main CW - Not Rest.,Entering Main Rd,None,Did Not Leave,None,Front Hit First,Jny Part Of Work,Male,45,35-64
1210315188,Redbridge,14,543971,185493,1,Car,Car,Turning Right,No Skidding/Overturn,On Main CW - Not Rest.,Entering Main Rd,None,Did Not Leave,None,Front Hit First,Comm To/From Work,Female,20,17-24
1210315189,Hillingdon,26,511002,187833,1,Car,Car,Going Ahead Right Bend,No Skidding/Overturn,On Main CW - Not Rest.,Not At Jct,Hit Bollard,Left Cwy Nearside,Hit Rd Sign/Ats,Front Hit First,Other/Not Known,Male,20,17-24
1210315190,Lambeth,9,529522,173949,2,Other Vehicle,Other Vehicle,Going Ahead Other,No Skidding/Overturn,On Main CW - Not Rest.,Not At Jct,None,Did Not Leave,None,Front Hit First,Unknown,Male,22,17-24
1210315197,Wandsworth,10,524073,175009,1,Car,Car,Going Ahead Held Up,No Skidding/Overturn,Footway,Not At Jct,None,Left Cwy Nearside,Hit Bus Stop,Front Hit First,Jny Part Of Work,Male,31,25-34
1210315218,Barnet,30,520623,189859,1,Car,Car,Going Ahead Other,No Skidding/Overturn,On Main CW - Not Rest.,Jct App,None,Did Not Leave,None,Front Hit First,Comm To/From Work,Female,38,35-64
1210315232,Greenwich,6,539863,178820,2,Car,Car,Slowing Or Stopping,No Skidding/Overturn,On Main CW - Not Rest.,Not At Jct,None,Did Not Leave,None,Front Hit First,Comm To/From Work,Male,52,35-64
1210315269,Havering,15,554510,182980,2,Car,Car,Unknown (S/R),Unknown (S/R),Unknown (S/R),Jct Mid,Unknown (S/R),Unknown (S/R),Unknown (S/R),Front Hit First,Unknown,Not Traced,24,17-24
1210315270,Enfield,32,534258,197481,2,Car,Car,Unknown (S/R),Unknown (S/R),Unknown (S/R),Unknown (S/R),Unknown (S/R),Unknown (S/R),Unknown (S/R),Front Hit First,Unknown,Male,85,65+
1210315277,Bromley,19,543209,161023,1,Bus Or Coach,London Bus,Going Ahead Left Bend,No Skidding/Overturn,On Main CW - Not Rest.,Not At Jct,None,Did Not Leave,None,Front Hit First,Jny Part Of Work,Male,31,25-34
1210315279,Barking & Dagenham,16,548233,189069,1,Goods Vehicle,GDS =< 3.5T,Slowing Or Stopping,No Skidding/Overturn,On Main CW - Not Rest.,Not At Jct,Hit Parked Veh,Did Not Leave,None,Front Hit First,Other/Not Known,Male,31,25-34
1210315291,Hillingdon,26,510031,187287,1,Car,Car,Going Ahead Other,No Skidding/Overturn,On Main CW - Not Rest.,Jct App,None,Did Not Leave,None,Front Hit First,Other/Not Known,Female,59,35-64
1210315295,Hackney,4,532904,186781,2,Goods Vehicle,GDS =< 3.5T,Waiting To Turn Left,No Skidding/Overturn,On Main CW - Not Rest.,Leaving Main Rd,None,Did Not Leave,None,Front Hit First,Other/Not Known,Male,48,35-64
1210315299,Hounslow,25,521678,178587,2,Car,Car,U-turning,No Skidding/Overturn,On Main CW - Not Rest.,Jct App,None,Did Not Leave,None,Front Hit First,Other/Not Known,Male,58,35-64
1210315317,Barking & Dagenham,16,548221,185910,1,Car,Car,Going Ahead Other,No Skidding/Overturn,On Main CW - Not Rest.,Jct App,None,Did Not Leave,None,Front Hit First,Other/Not Known,Male,84,65+
1210315322,Lambeth,9,530387,178051,1,Car,Car,Turning Right,No Skidding/Overturn,On Main CW - Not Rest.,Jct App,Hit Parked Veh,Did Not Leave,None,Front Hit First,Other/Not Known,Female,38,35-64
1210315323,Newham,17,541086,182536,1,Other Vehicle,Other Vehicle,Going Ahead Other,No Skidding/Overturn,Footway,Not At Jct,None,Did Not Leave,None,Front Hit First,Unknown,Male,20,17-24
1210315327,Lewisham,7,535474,173020,1,Car,Car,Turning Right,No Skidding/Overturn,On Main CW - Not Rest.,Leaving Main Rd,None,Did Not Leave,None,Front Hit First,Other/Not Known,Female,49,35-64
1210315331,Waltham Forest,13,539920,191938,1,Car,Car,Going Ahead Other,No Skidding/Overturn,On Main CW - Not Rest.,Not At Jct,None,Did Not Leave,None,Front Hit First,Comm To/From Work,Female,49,35-64
1210315334,Hounslow,25,510789,177465,2,Car,Car,Unknown (S/R),Unknown (S/R),Unknown (S/R),Unknown (S/R),Unknown (S/R),Unknown (S/R),Unknown (S/R),Front Hit First,Unknown,Male,56,35-64
1210315338,Tower Hamlets,5,534838,181857,2,Car,Car,Going Ahead Other,No Skidding/Overturn,On Main CW - Not Rest.,Jct App,None,Did Not Leave,None,Front Hit First,Jny Part Of Work,Male,51,35-64
1210315348,Croydon,20,535772,167029,1,Car,Car,Going Ahead Other,No Skidding/Overturn,On Main CW - Not Rest.,Jct Mid,None,Did Not Leave,None,Front Hit First,Jny Part Of Work,Female,37,35-64
1210315349,Hammersmith & Fulham,11,523476,178167,1,Car,Car,Waiting To Turn Right,No Skidding/Overturn,On Main CW - Not Rest.,Entering Main Rd,None,Did Not Leave,None,Front Hit First,Unknown,Male,30,25-34
1210315354,Hackney,4,533637,183508,1,Car,Car,Turning Right,No Skidding/Overturn,On Main CW - Not Rest.,Jct App,None,Did Not Leave,None,Front Hit First,Other/Not Known,Male,48,35-64
1210315361,Brent,28,519433,189283,1,Car,Car,Going Ahead Other,No Skidding/Overturn,On Main CW - Not Rest.,Not At Jct,None,Did Not Leave,None,Front Hit First,Other/Not Known,Male,18,17-24
1210315374,Waltham Forest,13,537783,190929,2,Car,Car,Going Ahead Other,No Skidding/Overturn,On Main CW - Not Rest.,Jct Cleared,None,Did Not Leave,None,Front Hit First,Other/Not Known,Male,22,17-24
1210315382,Hackney,4,533666,187503,2,Car,Car,Turning Right,Skidded,On Main CW - Not Rest.,Entering Main Rd,None,Did Not Leave,None,Front Hit First,Jny Part Of Work,Male,53,35-64
1210315387,Hammersmith & Fulham,11,522051,179651,2,Goods Vehicle,GDS =< 3.5T,Going Ahead Other,No Skidding/Overturn,On Main CW - Not Rest.,Jct Cleared,None,Did Not Leave,None,Front Hit First,Jny Part Of Work,Male,36,35-64
1210315393,Merton,22,523364,170842,1,Car,Car,Going Ahead Other,No Skidding/Overturn,On Main CW - Not Rest.,Jct App,None,Did Not Leave,None,Front Hit First,Comm To/From Work,Female,33,25-34
1210315395,Islington,3,532636,184842,1,Other Vehicle,Other Vehicle,Going Ahead Other,No Skidding/Overturn,Footway,Leaving Main Rd,None,Did Not Leave,None,Front Hit First,Jny Part Of Work,Male,56,35-64
1210315403,Waltham Forest,13,539326,194735,2,Car,Car,Turning Right,No Skidding/Overturn,On Main CW - Not Rest.,Entering Main Rd,None,Did Not Leave,None,Front Hit First,Comm To/From Work,Male,23,17-24
1210315407,Harrow,29,513979,191344,2,Car,Car,Unknown (S/R),Unknown (S/R),Unknown (S/R),Unknown (S/R),Unknown (S/R),Unknown (S/R),Unknown (S/R),Front Hit First,Unknown,Not Traced,36,35-64
1210315411,Southwark,8,533474,176741,1,Car,Car,Turning Right,No Skidding/Overturn,On Main CW - Not Rest.,Leaving Main Rd,None,Did Not Leave,None,Front Hit First,Taking Pupil To/From Sch,Female,34,25-34
1210315422,Westminster,1,525006,181280,1,Car,Car,Going Ahead Other,No Skidding/Overturn,On Main CW - Not Rest.,Jct App,None,Did Not Leave,None,Front Hit First,Other/Not Known,Male,78,65+
1210315429,Bromley,19,547710,162771,1,Other Vehicle,Other Vehicle,Going Ahead Other,No Skidding/Overturn,On Main CW - Not Rest.,Jct App,None,Left Cwy Offside,Hit Tree,Front Hit First,Other/Not Known,Male,76,65+
1210315431,Redbridge,14,546380,187436,1,Car,Car,Slowing Or Stopping,No Skidding/Overturn,On Main CW - Not Rest.,Jct App,None,Did Not Leave,None,Front Hit First,Other/Not Known,Female,39,35-64
1210315436,Bromley,19,535827,170295,1,Car,Car,Going Ahead Other,No Skidding/Overturn,On Main CW - Not Rest.,Jct Mid,None,Did Not Leave,None,Front Hit First,Jny Part Of Work,Male,59,35-64
1210315437,Enfield,32,533331,192343,2,Car,Car,Going Ahead Other,No Skidding/Overturn,On Main CW - Not Rest.,Jct App,None,Did Not Leave,None,Front Hit First,Other/Not Known,Male,69,65+
1210315449,Bromley,19,538267,169963,1,Car,Car,Going Ahead Other,No Skidding/Overturn,On Main CW - Not Rest.,Not At Jct,None,Left Cwy Ahead At Junctn,Hit Oth Object,Front Hit First,Other/Not Known,Male,85,65+
1210315461,Westminster,1,526152,183678,1,Car,Car,Moving Off,No Skidding/Overturn,On Main CW - Not Rest.,Not At Jct,Hit Parked Veh,Did Not Leave,None,Front Hit First,Unknown,Female,34,25-34
1210315469,Camden,2,527803,184118,1,Car,Car,Turning Left,No Skidding/Overturn,On Main CW - Not Rest.,Jct Mid,None,Did Not Leave,None,Front Hit First,Other/Not Known,Male,79,65+
1210315486,Ealing,27,513079,182779,1,Car,Car,Slowing Or Stopping,No Skidding/Overturn,On Main CW - Not Rest.,Jct Cleared,None,Did Not Leave,None,Front Hit First,Unknown,Male,56,35-64
1210315487,Ealing,27,517749,180722,1,Car,Car,Turning Right,No Skidding/Overturn,On Main CW - Not Rest.,Leaving Main Rd,None,Did Not Leave,None,Front Hit First,Other/Not Known,Male,33,25-34
1210315510,Southwark,8,534514,176788,1,Car,Car,Turning Left,No Skidding/Overturn,Cycle Lane (On CWY),Leaving Main Rd,None,Did Not Leave,None,Front Hit First,Unknown,Male,31,25-34
1210315514,Barking & Dagenham,16,547667,184196,1,Car,Car,Going Ahead Other,No Skidding/Overturn,On Main CW - Not Rest.,Not At Jct,None,Did Not Leave,None,Front Hit First,Other/Not Known,Male,29,25-34
1210315532,Lewisham,7,538149,175643,1,Car,Car,Going Ahead Other,No Skidding/Overturn,On Main CW - Not Rest.,Not At Jct,None,Did Not Leave,None,Front Hit First,Other/Not Known,Male,46,35-64
1210315541,Barking & Dagenham,16,549071,184256,1,Car,Car,Unknown (S/R),Unknown (S/R),Unknown (S/R),Jct App,Unknown (S/R),Unknown (S/R),Unknown (S/R),Front Hit First,Other/Not Known,Male,24,17-24
1210315544,Wandsworth,10,528142,172497,1,Car,Car,Turning Left,No Skidding/Overturn,On Main CW - Not Rest.,Not At Jct,None,Did Not Leave,None,Front Hit First,Comm To/From Work,Male,77,65+
1210315546,Merton,22,525768,172098,1,Car,Car,Going Ahead Other,No Skidding/Overturn,On Main CW - Not Rest.,Jct Cleared,None,Did Not Leave,None,Front Hit First,Other/Not Known,Male,29,25-34
1210315547,Hillingdon,26,510855,185179,2,Car,Car,Going Ahead Held Up,No Skidding/Overturn,On Main CW - Not Rest.,Jct Cleared,None,Did Not Leave,None,Front Hit First,Comm To/From Work,Male,37,35-64
1210315563,Camden,2,526156,184240,1,Car,Car,Turning Left,No Skidding/Overturn,On Main CW - Not Rest.,Jct Cleared,None,Did Not Leave,None,Front Hit First,Other/Not Known,Male,47,35-64
1210315574,Barnet,30,523800,188592,1,Car,Car,Going Ahead Other,No Skidding/Overturn,On Main CW - Not Rest.,Not At Jct,Hit Parked Veh,Did Not Leave,None,Front Hit First,Unknown,Male,23,17-24
1210315578,Greenwich,6,546031,178144,1,Car,Car,Going Ahead Other,No Skidding/Overturn,On Main CW - Not Rest.,Jct Mid,None,Did Not Leave,None,Front Hit First,Other/Not Known,Male,18,17-24
1210315590,Ealing,27,512856,182793,1,Car,Car,Going Ahead Other,No Skidding/Overturn,On Main CW - Not Rest.,Not At Jct,None,Did Not Leave,None,Front Hit First,Comm To/From Work,Female,25,25-34
1210315592,Sutton,21,525306,163958,1,Goods Vehicle,GDS =< 3.5T,Slowing Or Stopping,No Skidding/Overturn,On Main CW - Not Rest.,Not At Jct,None,Did Not Leave,None,Front Hit First,Jny Part Of Work,Male,22,17-24
1210315610,Havering,15,553272,188657,2,Car,Car,Moving Off,No Skidding/Overturn,On Main CW - Not Rest.,Jct App,Hit Parked Veh,Did Not Leave,None,Front Hit First,Unknown,Male,32,25-34
1210315614,Redbridge,14,546366,187206,1,Car,Car,Going Ahead Held Up,No Skidding/Overturn,On Main CW - Not Rest.,Jct App,Unknown (S/R),Did Not Leave,None,Front Hit First,Unknown,Female,55,35-64
1210315619,Southwark,8,535681,178769,1,Car,Car,Going Ahead Right Bend,No Skidding/Overturn,On Main CW - Not Rest.,Jct Mid,None,Did Not Leave,None,Front Hit First,Other/Not Known,Female,52,35-64
1210315627,Wandsworth,10,525195,173854,1,Private Hire,Private Hire - Licensed,Moving Off,No Skidding/Overturn,On Main CW - Not Rest.,Entering R'about,None,Did Not Leave,None,Front Hit First,Unknown,Male,54,35-64
1210315632,Hammersmith & Fulham,11,525391,176563,2,Car,Car,Turning Right,No Skidding/Overturn,On Main CW - Not Rest.,Leaving Main Rd,None,Did Not Leave,None,Front Hit First,Unknown,Male,39,35-64
1210315638,Greenwich,6,540209,178762,2,Car,Car,Going Ahead Other,No Skidding/Overturn,On Main CW - Not Rest.,Entering R'about,None,Did Not Leave,None,Front Hit First,Comm To/From Work,Male,49,35-64
1210315640,Barking & Dagenham,16,546529,183674,1,Goods Vehicle,GDS => 7.5T,Going Ahead Other,No Skidding/Overturn,On Main CW - Not Rest.,Jct Cleared,None,Did Not Leave,None,Front Hit First,Jny Part Of Work,Male,26,25-34
1210315641,Greenwich,6,543779,178983,1,Car,Car,Going Ahead Other,No Skidding/Overturn,On Main CW - Not Rest.,Jct Cleared,None,Did Not Leave,None,Front Hit First,Jny Part Of Work,Male,34,25-34
1210315681,Bromley,19,547011,168215,1,Car,Car,Slowing Or Stopping,No Skidding/Overturn,On Main CW - Not Rest.,Not At Jct,None,Did Not Leave,None,Front Hit First,Comm To/From Work,Male,29,25-34
1210315688,Brent,28,522182,183094,1,Car,Car,Going Ahead Other,No Skidding/Overturn,On Main CW - Not Rest.,Jct Mid,None,Left Cwy Ahead At Junctn,None,Front Hit First,Taking Pupil To/From Sch,Male,23,17-24
1210315691,Southwark,8,534865,179568,1,Car,Car,Turning Right,No Skidding/Overturn,On Main CW - Not Rest.,Jct App,None,Did Not Leave,None,Front Hit First,Jny Part Of Work,Male,39,35-64
1210315705,Croydon,20,532667,166502,2,Car,Car,Going Ahead Other,No Skidding/Overturn,On Main CW - Not Rest.,Not At Jct,None,Did Not Leave,None,Front Hit First,Unknown,Male,74,65+
1210315706,Southwark,8,531815,178674,2,Car,Car,Change Lane To Right,No Skidding/Overturn,Bus Lane,Jct App,None,Did Not Leave,None,Front Hit First,Unknown,Female,27,25-34
1210315714,Croydon,20,532745,166479,1,Car,Car,Going Ahead Other,No Skidding/Overturn,On Main CW - Not Rest.,Jct Cleared,None,Did Not Leave,None,Front Hit First,Comm To/From Work,Female,45,35-64
1210315715,Ealing,27,512388,181007,2,Car,Car,Going Ahead Other,No Skidding/Overturn,Footway,Not At Jct,None,Left Cwy Nearside,Hit Tree,Front Hit First,Unknown,Male,42,35-64
1210315719,Islington,3,531229,184792,1,Private Hire,Private Hire - Licensed,Going Ahead Held Up,No Skidding/Overturn,On Main CW - Not Rest.,Jct App,None,Did Not Leave,None,Front Hit First,Comm To/From Work,Male,51,35-64
1210315723,Hackney,4,533950,184764,1,Car,Car,Change Lane To Left,No Skidding/Overturn,On Main CW - Not Rest.,Jct App,None,Did Not Leave,None,Front Hit First,Other/Not Known,Male,47,35-64
1210315729,Hackney,4,537333,185515,1,Car,Car,Moving Off,No Skidding/Overturn,On Main CW - Not Rest.,Jct Mid,None,Did Not Leave,None,Front Hit First,Unknown,Female,36,35-64
1210315733,Westminster,1,527346,183240,1,Car,Car,Turning Right,No Skidding/Overturn,On Main CW - Not Rest.,Entering Main Rd,None,Did Not Leave,None,Front Hit First,Jny Part Of Work,Male,39,35-64
1210315740,Ealing,27,517035,180528,1,Car,Car,Turning Right,No Skidding/Overturn,On Main CW - Not Rest.,Entering Main Rd,None,Did Not Leave,None,Front Hit First,Unknown,Female,31,25-34
1210315744,Hounslow,25,510985,174498,2,Car,Car,Going Ahead Other,No Skidding/Overturn,On Main CW - Not Rest.,Jct App,None,Did Not Leave,None,Front Hit First,Unknown,Male,30,25-34
1210315746,Lewisham,7,539246,171550,1,Car,Car,Going Ahead Other,No Skidding/Overturn,On Main CW - Not Rest.,Not At Jct,None,Did Not Leave,None,Front Hit First,Other/Not Known,Male,19,17-24
1210315747,Croydon,20,533524,161793,1,Car,Car,Overtake Move Veh O/S,No Skidding/Overturn,On Main CW - Not Rest.,Jct App,Hit Oth Object,Did Not Leave,None,Front Hit First,Unknown,Male,33,25-34
1210315750,Wandsworth,10,526724,174327,1,Car,Car,Going Ahead Other,No Skidding/Overturn,On Main CW - Not Rest.,Jct Cleared,None,Did Not Leave,None,Front Hit First,Comm To/From Work,Male,37,35-64
1210315766,Merton,22,525083,169882,1,Car,Car,Going Ahead Held Up,No Skidding/Overturn,On Main CW - Not Rest.,Jct Mid,None,Did Not Leave,None,Front Hit First,Other/Not Known,Female,45,35-64
1210315774,Harrow,29,513758,190959,1,Car,Car,Moving Off,No Skidding/Overturn,On Main CW - Not Rest.,Not At Jct,None,Did Not Leave,None,Front Hit First,Other/Not Known,Female,26,25-34
1210315781,Lewisham,7,536262,176229,1,Car,Car,Turning Right,No Skidding/Overturn,On Main CW - Not Rest.,Leaving Main Rd,None,Did Not Leave,None,Front Hit First,Comm To/From Work,Male,46,35-64
1210315785,Southwark,8,534744,176782,1,Car,Car,Turning Right,No Skidding/Overturn,On Main CW - Not Rest.,Leaving Main Rd,None,Did Not Leave,None,Front Hit First,Unknown,Male,59,35-64
1210315788,Lambeth,9,529689,171785,1,Car,Car,Going Ahead Other,No Skidding/Overturn,On Main CW - Not Rest.,Jct App,None,Did Not Leave,None,Front Hit First,Unknown,Male,31,25-34
1210315789,Tower Hamlets,5,537773,183138,2,Car,Car,Change Lane To Left,No Skidding/Overturn,On Main CW - Not Rest.,Leaving Main Rd,None,Did Not Leave,None,Front Hit First,Other/Not Known,Male,34,25-34
1210315816,Wandsworth,10,527598,172946,1,Car,Car,Turning Right,No Skidding/Overturn,On Main CW - Not Rest.,Jct Mid,None,Did Not Leave,None,Front Hit First,Other/Not Known,Male,77,65+