_Collision Id,Borough Name,Borough Number,Easting,Northing,_Vehicle Id,Vehicle Type Banded,Vehicle Type,Vehicle Manoeuvres,Vehicle Skidding and Overturning,Vehicle Restricted Lane,Location of Vehicle at First Impact,Vehicle Hit Object in Carriageway,Vehicle Leaving Carriageway,Vehicle Hit Object Off Carriageway,First Point of Impact,Journey Purpose,Driver Gender,Driver Age,Driver age (Banded)
1210318589,Ealing,27,520733,181333,1,Goods Vehicle,GDS => 7.5T,Going Ahead Other,No Skidding/Overturn,On Main CW - Not Rest.,Jct App,None,Did Not Leave,None,Front Hit First,Jny Part Of Work,Male,63,35-64
1210318592,Kingston-Upon-Thames,23,518884,169149,1,Car,Car,Going Ahead Other,No Skidding/Overturn,On Main CW - Not Rest.,Not At Jct,None,Did Not Leave,None,Front Hit First,Other/Not Known,Male,50,35-64
1210318595,Merton,22,523784,167527,2,Car,Car,Moving Off,No Skidding/Overturn,On Main CW - Not Rest.,Not At Jct,None,Did Not Leave,None,Front Hit First,Other/Not Known,Female,23,17-24
1210318597,Ealing,27,511895,180569,1,Car,Car,Going Ahead Other,No Skidding/Overturn,Footway,Jct Cleared,None,Left Cwy Nearside,Hit Lamp Post,Front Hit First,Other/Not Known,Male,26,25-34
1210318604,Sutton,21,526394,163738,2,Car,Car,Unknown (S/R),Unknown (S/R),Unknown (S/R),Not At Jct,Unknown (S/R),Unknown (S/R),Unknown (S/R),Front Hit First,Unknown,Not Traced,44,35-64
1210318635,Hillingdon,26,505414,183661,1,Car,Car,Going Ahead Other,No Skidding/Overturn,On Main CW - Not Rest.,Jct App,None,Did Not Leave,None,Front Hit First,Comm To/From Work,Male,60,35-64
1210318643,Islington,3,530884,186091,1,Car,Car,Turning Right,No Skidding/Overturn,On Main CW - Not Rest.,Jct Cleared,None,Did Not Leave,None,Front Hit First,Unknown,Female,19,17-24
1210318658,Bromley,19,541415,158692,2,Car,Car,Waiting To Turn Left,No Skidding/Overturn,On Main CW - Not Rest.,Jct App,None,Did Not Leave,None,Front Hit First,Other/Not Known,Female,21,17-24
1210318671,Barnet,30,520872,192826,1,Car,Car,Going Ahead Other,No Skidding/Overturn,On Main CW - Not Rest.,Jct Mid,None,Did Not Leave,None,Front Hit First,Other/Not Known,Male,58,35-64
1210318695,Wandsworth,10,526692,176149,2,Goods Vehicle,GDS =< 3.5T,Going Ahead Other,No Skidding/Overturn,On Main CW - Not Rest.,Jct App,None,Did Not Leave,None,Front Hit First,Unknown,Male,23,17-24
1210318718,Redbridge,14,546283,187322,1,Goods Vehicle,GDS =< 3.5T,U-turning,No Skidding/Overturn,On Main CW - Not Rest.,Not At Jct,None,Did Not Leave,None,Front Hit First,Jny Part Of Work,Male,41,35-64
1210318742,Westminster,1,527659,181091,2,Goods Vehicle,GDS =< 3.5T,Going Ahead Held Up,No Skidding/Overturn,On Main CW - Not Rest.,Jct App,None,Did Not Leave,None,Front Hit First,Jny Part Of Work,Male,31,25-34
1210318747,Greenwich,6,539490,178251,1,Car,Car,Going Ahead Other,No Skidding/Overturn,On Main CW - Not Rest.,Jct Cleared,None,Did Not Leave,None,Front Hit First,Unknown,Male,34,25-34
1210318749,Hackney,4,533843,185197,1,Car,Car,Going Ahead Other,No Skidding/Overturn,On Main CW - Not Rest.,Jct Mid,None,Did Not Leave,None,Front Hit First,Jny Part Of Work,Male,44,35-64
1210318752,Enfield,32,531218,193073,1,Car,Car,Overtake Move Veh O/S,No Skidding/Overturn,On Main CW - Not Rest.,Jct App,None,Did Not Leave,None,Front Hit First,Unknown,Male,68,65+
1210318762,Newham,17,541708,183094,2,Car,Car,Unknown (S/R),Unknown (S/R),Unknown (S/R),Unknown (S/R),Unknown (S/R),Unknown (S/R),Unknown (S/R),Front Hit First,Other/Not Known,Male,22,17-24
1210318768,Tower Hamlets,5,534869,181306,1,Car,Car,Going Ahead Other,No Skidding/Overturn,On Main CW - Not Rest.,Not At Jct,Hit Kerb,Left Cwy Nearside,Hit Lamp Post,Front Hit First,Unknown,Male,21,17-24
1210318782,Hackney,4,535814,185107,1,Car,Car,Turning Left,No Skidding/Overturn,On Main CW - Not Rest.,Jct App,None,Did Not Leave,None,Front Hit First,Comm To/From Work,Female,26,25-34
1210318798,Camden,2,529252,184089,2,Car,Car,Turning Right,No Skidding/Overturn,On Main CW - Not Rest.,Jct App,None,Did Not Leave,None,Front Hit First,Jny Part Of Work,Male,32,25-34
1210318804,Bromley,19,536208,168234,1,Car,Car,Going Ahead Other,No Skidding/Overturn,On Main CW - Not Rest.,Jct Mid,None,Did Not Leave,None,Front Hit First,Other/Not Known,Female,32,25-34
1210318814,Lambeth,9,530320,177930,1,Bus Or Coach,London Bus,Turning Right,No Skidding/Overturn,Lay-by/Hard Shldr,Jct App,None,Did Not Leave,None,Front Hit First,Jny Part Of Work,Male,55,35-64
1210318817,Lewisham,7,537246,171600,2,Car,Car,Turning Right,No Skidding/Overturn,On Main CW - Not Rest.,Jct Mid,None,Did Not Leave,None,Front Hit First,Comm To/From Work,Male,43,35-64
1210318819,Lambeth,9,529524,170396,2,Car,Car,Unknown (S/R),Unknown (S/R),Unknown (S/R),Unknown (S/R),Unknown (S/R),Unknown (S/R),Unknown (S/R),Front Hit First,Unknown,Not Traced,51,35-64
1210318820,Camden,2,527813,184686,2,Car,Car,Unknown (S/R),Unknown (S/R),Unknown (S/R),Unknown (S/R),Unknown (S/R),Unknown (S/R),Unknown (S/R),Front Hit First,Unknown,Not Traced,62,35-64
1210318821,Havering,15,551046,189035,1,Car,Car,Turning Right,No Skidding/Overturn,On Main CW - Not Rest.,Leaving R'about,None,Left Cwy Offside,Hit Rd Sign/Ats,Front Hit First,Unknown,Male,28,25-34
1210318836,Hackney,4,534959,184881,1,Bus Or Coach,London Bus,Slowing Or Stopping,No Skidding/Overturn,On Main CW - Not Rest.,Jct App,None,Did Not Leave,None,Front Hit First,Jny Part Of Work,Male,59,35-64
1210318838,Havering,15,554546,189625,2,Car,Car,Going Ahead Other,Unknown (S/R),Unknown (S/R),Not At Jct,None,Did Not Leave,None,Front Hit First,Unknown,Male,32,25-34
1210318852,Redbridge,14,543608,186316,2,Goods Vehicle,GDS => 7.5T,Going Ahead Other,No Skidding/Overturn,On Main CW - Not Rest.,Jct App,None,Did Not Leave,None,Front Hit First,Jny Part Of Work,Male,57,35-64
1210318853,Hammersmith & Fulham,11,524600,176174,2,Car,Car,Unknown (S/R),Unknown (S/R),Unknown (S/R),Not At Jct,Unknown (S/R),Unknown (S/R),Unknown (S/R),Front Hit First,Unknown,Not Traced,37,35-64
1210318885,Hammersmith & Fulham,11,523317,180207,2,Other Vehicle,Other Vehicle,Change Lane To Right,Overturn,On Main CW - Not Rest.,Jct Cleared,None,Did Not Leave,None,Front Hit First,Other/Not Known,Male,21,17-24
1210318889,Enfield,32,529190,191906,2,Car,Car,Moving Off,No Skidding/Overturn,On Main CW - Not Rest.,Jct Mid,None,Did Not Leave,None,Front Hit First,Unknown,Not Traced,31,25-34
1210318908,Westminster,1,528843,182193,1,Car,Car,Unknown (S/R),Unknown (S/R),Unknown (S/R),Unknown (S/R),Unknown (S/R),Unknown (S/R),Unknown (S/R),Front Hit First,Other/Not Known,Female,32,25-34
1210318911,Bexley,18,551194,177968,1,Car,Car,Unknown (S/R),Unknown (S/R),Unknown (S/R),Unknown (S/R),Unknown (S/R),Unknown (S/R),Unknown (S/R),Front Hit First,Unknown,Female,52,35-64
1210318915,Merton,22,527955,169661,1,Car,Car,Moving Off,No Skidding/Overturn,On Main CW - Not Rest.,Jct Mid,None,Did Not Leave,None,Front Hit First,Other/Not Known,Female,28,25-34
1210318917,Waltham Forest,13,536599,187350,1,Car,Car,Turning Right,No Skidding/Overturn,Cycle Lane (On CWY),Jct App,None,Did Not Leave,None,Front Hit First,Other/Not Known,Male,70,65+
1210318918,Waltham Forest,13,539112,185771,2,Car,Car,Turning Right,No Skidding/Overturn,On Main CW - Not Rest.,Entering Main Rd,None,Did Not Leave,None,Front Hit First,Other/Not Known,Female,38,35-64
1210318929,Bexley,18,549530,179244,1,Car,Car,Going Ahead Other,No Skidding/Overturn,On Main CW - Not Rest.,Jct App,None,Did Not Leave,None,Front Hit First,Other/Not Known,Female,57,35-64
1210318930,Bromley,19,541630,169832,2,Car,Car,Moving Off,No Skidding/Overturn,On Main CW - Not Rest.,Entering Main Rd,None,Did Not Leave,None,Front Hit First,Unknown,Female,48,35-64
1210318936,Redbridge,14,543804,189003,2,Car,Car,Turning Right,No Skidding/Overturn,On Main CW - Not Rest.,Jct App,None,Did Not Leave,None,Front Hit First,Other/Not Known,Female,25,25-34
1210318937,Brent,28,521193,188587,1,Goods Vehicle,GDS =< 3.5T,Going Ahead Other,No Skidding/Overturn,On Main CW - Not Rest.,Jct App,None,Did Not Leave,None,Front Hit First,Jny Part Of Work,Male,62,35-64
1210318939,Waltham Forest,13,540193,186023,1,Car,Car,Turning Right,No Skidding/Overturn,On Main CW - Not Rest.,Jct App,None,Did Not Leave,None,Front Hit First,Comm To/From Work,Male,59,35-64
1210318964,Westminster,1,528881,179163,1,Goods Vehicle,GDS =< 3.5T,Going Ahead Other,No Skidding/Overturn,On Main CW - Not Rest.,Jct Cleared,None,Did Not Leave,None,Front Hit First,Jny Part Of Work,Male,54,35-64
1210318970,Islington,3,529758,187314,1,Car,Car,Turning Right,No Skidding/Overturn,On Main CW - Not Rest.,Leaving Main Rd,None,Did Not Leave,None,Front Hit First,Comm To/From Work,Male,56,35-64
1210318985,Croydon,20,532410,164931,1,Goods Vehicle,GDS =< 3.5T,Turning Left,Unknown (S/R),On Main CW - Not Rest.,Jct Mid,None,Did Not Leave,None,Front Hit First,Unknown,Male,44,35-64
1210318987,Haringey,31,533605,188807,2,Car,Car,Going Ahead Other,No Skidding/Overturn,On Main CW - Not Rest.,Jct Mid,None,Did Not Leave,None,Front Hit First,Taking Pupil To/From Sch,Female,37,35-64
1210318989,Bexley,18,551091,174791,1,Car,Car,Going Ahead Other,No Skidding/Overturn,On Main CW - Not Rest.,Not At Jct,Hit Parked Veh,Did Not Leave,None,Front Hit First,Other/Not Known,Male,46,35-64
1210318996,Tower Hamlets,5,535084,182746,1,Car,Car,Going Ahead Other,No Skidding/Overturn,On Main CW - Not Rest.,Not At Jct,None,Did Not Leave,None,Front Hit First,Other/Not Known,Male,83,65+
1210318998,Tower Hamlets,5,534265,181329,1,Car,Car,Waiting To Turn Left,No Skidding/Overturn,On Main CW - Not Rest.,Jct App,None,Did Not Leave,None,Front Hit First,Jny Part Of Work,Male,35,35-64
1210319001,Hounslow,25,516069,177460,1,Car,Car,Going Ahead Other,No Skidding/Overturn,On Main CW - Not Rest.,Entering R'about,None,Did Not Leave,None,Front Hit First,Other/Not Known,Male,30,25-34
1210319008,Barnet,30,527040,188800,1,Goods Vehicle,GDS 3.5-7.5T,Going Ahead Other,No Skidding/Overturn,On Main CW - Not Rest.,Jct Mid,None,Did Not Leave,None,Front Hit First,Jny Part Of Work,Male,63,35-64
1210319012,Hillingdon,26,510972,184696,1,Car,Car,Going Ahead Other,No Skidding/Overturn,On Main CW - Not Rest.,Jct App,None,Did Not Leave,None,Front Hit First,Comm To/From Work,Female,40,35-64
1210319022,Islington,3,530460,186017,2,Car,Car,Slowing Or Stopping,No Skidding/Overturn,On Main CW - Not Rest.,Jct App,None,Did Not Leave,None,Front Hit First,Other/Not Known,Male,37,35-64
1210319025,Greenwich,6,541606,178714,2,Car,Car,Going Ahead Other,No Skidding/Overturn,On Main CW - Not Rest.,Jct Mid,None,Did Not Leave,None,Front Hit First,Unknown,Male,37,35-64
1210319026,Enfield,32,529355,192089,1,Car,Car,Going Ahead Other,No Skidding/Overturn,On Main CW - Not Rest.,Not At Jct,None,Did Not Leave,None,Front Hit First,Comm To/From Work,Male,23,17-24
1210319030,Brent,28,516837,186521,1,Car,Car,Moving Off,No Skidding/Overturn,On Main CW - Not Rest.,Not At Jct,None,Did Not Leave,None,Front Hit First,Unknown,Female,57,35-64
1210319032,Lambeth,9,531198,176310,1,Car,Car,Going Ahead Other,No Skidding/Overturn,On Main CW - Not Rest.,Jct App,Hit Bollard,Did Not Leave,None,Front Hit First,Jny Part Of Work,Female,55,35-64
1210319034,Bromley,19,547094,164934,1,Car,Car,Going Ahead Other,No Skidding/Overturn,On Main CW - Not Rest.,Jct App,None,Did Not Leave,None,Front Hit First,Other/Not Known,Male,75,65+
1210319035,Greenwich,6,543050,175597,2,Other Vehicle,Other Vehicle,Going Ahead Other,Skidded,On Main CW - Not Rest.,Jct Mid,None,Did Not Leave,None,Front Hit First,Jny Part Of Work,Female,24,17-24
1210319042,Greenwich,6,544919,179104,2,Bus Or Coach,Bus/Coach,Unknown (S/R),No Skidding/Overturn,On Main CW - Not Rest.,Unknown (S/R),None,Did Not Leave,None,Front Hit First,Unknown,Male,41,35-64
1210319044,Enfield,32,529376,195705,1,Car,Car,Going Ahead Other,No Skidding/Overturn,On Main CW - Not Rest.,Not At Jct,Hit Oth Object,Did Not Leave,None,Front Hit First,Other/Not Known,Male,74,65+
1210319051,Croydon,20,531559,166172,2,Car,Car,Going Ahead Other,No Skidding/Overturn,On Main CW - Not Rest.,Not At Jct,None,Did Not Leave,None,Front Hit First,Unknown,Not Traced,27,25-34
1210319064,Southwark,8,532256,178441,1,Car,Car,Turning Left,No Skidding/Overturn,On Main CW - Not Rest.,Jct App,None,Did Not Leave,None,Front Hit First,Unknown,Female,49,35-64
1210319065,Islington,3,531310,182215,2,Car,Car,Turning Right,No Skidding/Overturn,On Main CW - Not Rest.,Entering From Slip,None,Did Not Leave,None,Front Hit First,Other/Not Known,Female,48,35-64
1210319068,Westminster,1,528043,179758,2,Taxi,Taxi,Unknown (S/R),Unknown (S/R),Unknown (S/R),Unknown (S/R),Unknown (S/R),Unknown (S/R),Unknown (S/R),Front Hit First,Unknown,Not Traced,30,25-34
1210319069,Ealing,27,511949,183419,1,Car,Car,Going Ahead Other,No Skidding/Overturn,On Main CW - Not Rest.,Jct Mid,None,Did Not Leave,None,Front Hit First,Other/Not Known,Male,52,35-64
1210319070,Southwark,8,534726,175650,1,Car,Car,Turning Right,No Skidding/Overturn,On Main CW - Not Rest.,Jct Mid,None,Did Not Leave,None,Front Hit First,Other/Not Known,Female,36,35-64
1210319078,Enfield,32,533285,192332,2,Car,Car,Going Ahead Left Bend,No Skidding/Overturn,On Main CW - Not Rest.,Entering Main Rd,None,Did Not Leave,None,Front Hit First,Comm To/From Work,Male,31,25-34
1210319082,Wandsworth,10,527745,175163,2,Car,Car,Unknown (S/R),Unknown (S/R),Unknown (S/R),Unknown (S/R),Unknown (S/R),Unknown (S/R),Unknown (S/R),Front Hit First,Unknown,Not Traced,31,25-34
1210319084,Ealing,27,513558,184733,1,Goods Vehicle,GDS =< 3.5T,Slowing Or Stopping,No Skidding/Overturn,On Main CW - Not Rest.,Jct App,None,Did Not Leave,None,Front Hit First,Comm To/From Work,Male,26,25-34
1210319086,Kensington & Chelsea,12,526998,178324,1,Car,Car,Going Ahead Right Bend,No Skidding/Overturn,On Main CW - Not Rest.,Jct Cleared,None,Did Not Leave,None,Front Hit First,Jny Part Of Work,Male,37,35-64
1210319101,Barnet,30,525648,195601,2,Car,Car,Waiting To Turn Right,No Skidding/Overturn,On Main CW - Not Rest.,Entering Main Rd,None,Did Not Leave,None,Front Hit First,Unknown,Male,46,35-64
1210319102,Richmond-Upon-Thames,24,516376,174408,1,Goods Vehicle,GDS 3.5-7.5T,Slowing Or Stopping,No Skidding/Overturn,On Main CW - Not Rest.,Jct App,None,Did Not Leave,None,Front Hit First,Jny Part Of Work,Male,35,35-64
1210319106,Lewisham,7,535991,172331,1,Car,Car,Going Ahead Other,No Skidding/Overturn,On Main CW - Not Rest.,Not At Jct,Hit Parked Veh,Did Not Leave,None,Front Hit First,Unknown,Male,33,25-34
1210319108,Westminster,1,523861,182502,1,Car,Car,Turning Right,No Skidding/Overturn,On Main CW - Not Rest.,Jct Mid,None,Did Not Leave,None,Front Hit First,Unknown,Male,80,65+
1210319124,Kingston-Upon-Thames,23,520732,168285,1,Car,Car,Going Ahead Other,Skid/Over,On Main CW - Not Rest.,Jct Mid,None,Left Cwy Offside,Hit Lamp Post,Front Hit First,Other/Not Known,Male,20,17-24
1210319129,Bromley,19,547049,169165,1,Car,Car,Unknown (S/R),Unknown (S/R),Unknown (S/R),Unknown (S/R),Unknown (S/R),Unknown (S/R),Unknown (S/R),Front Hit First,Comm To/From Work,Female,31,25-34
1210319132,Hillingdon,26,505755,183124,2,Other Vehicle,Other Vehicle,Going Ahead Other,No Skidding/Overturn,On Main CW - Not Rest.,Jct Mid,None,Did Not Leave,None,Front Hit First,Comm To/From Work,Male,26,25-34
1210319138,Camden,2,528246,184621,2,Goods Vehicle,GDS =< 3.5T,Turning Left,No Skidding/Overturn,Cycle Lane (On CWY),Jct App,None,Did Not Leave,None,Front Hit First,Jny Part Of Work,Male,50,35-64
1210319152,Tower Hamlets,5,537747,180572,1,Car,Car,Going Ahead Other,No Skidding/Overturn,On Main CW - Not Rest.,Jct App,None,Did Not Leave,None,Front Hit First,Unknown,Male,35,35-64
1210319157,Hackney,4,533945,183562,2,Other Vehicle,Other Vehicle,Going Ahead Other,No Skidding/Overturn,On Main CW - Not Rest.,Jct App,None,Did Not Leave,None,Front Hit First,Comm To/From Work,Male,30,25-34
1210319162,Tower Hamlets,5,534491,183204,1,Car,Car,Unknown (S/R),Unknown (S/R),Unknown (S/R),Unknown (S/R),Unknown (S/R),Unknown (S/R),Unknown (S/R),Front Hit First,Comm To/From Work,Male,47,35-64
1210319163,Redbridge,14,544494,188333,1,Car,Car,Going Ahead Other,No Skidding/Overturn,On Main CW - Not Rest.,Jct App,None,Did Not Leave,None,Front Hit First,Taking Pupil To/From Sch,Male,50,35-64
1210319167,Brent,28,518920,185208,1,Car,Car,Turning Right,No Skidding/Overturn,On Main CW - Not Rest.,Jct App,None,Did Not Leave,None,Front Hit First,Comm To/From Work,Male,28,25-34
1210319170,Tower Hamlets,5,536196,181125,1,Car,Car,Change Lane To Right,No Skidding/Overturn,On Main CW - Not Rest.,Entering From Slip,None,Did Not Leave,None,Front Hit First,Jny Part Of Work,Female,19,17-24
1210319174,Camden,2,526651,184440,2,Goods Vehicle,GDS =< 3.5T,Turning Right,No Skidding/Overturn,On Main CW - Not Rest.,Jct Mid,None,Did Not Leave,None,Front Hit First,Jny Part Of Work,Male,33,25-34
1210319181,Bexley,18,550142,176971,2,Car,Car,Unknown (S/R),Unknown (S/R),Unknown (S/R),Not At Jct,Unknown (S/R),Unknown (S/R),Unknown (S/R),Front Hit First,Unknown,Not Traced,26,25-34
1210319187,Wandsworth,10,528911,171881,2,Car,Car,U-turning,No Skidding/Overturn,On Main CW - Not Rest.,Jct Cleared,None,Did Not Leave,None,Front Hit First,Comm To/From Work,Male,66,65+
1210319202,Enfield,32,530991,192074,1,Car,Car,Turning Right,No Skidding/Overturn,On Main CW - Not Rest.,Jct Mid,None,Did Not Leave,None,Front Hit First,Unknown,Female,61,35-64
1210319205,Bromley,19,540513,169027,1,Bus Or Coach,London Bus,Turning Left,No Skidding/Overturn,Bus Lane,Entering Main Rd,None,Did Not Leave,None,Front Hit First,Other/Not Known,Female,28,25-34
1210319210,Lewisham,7,540486,173269,1,Car,Car,Turning Right,No Skidding/Overturn,On Main CW - Not Rest.,Leaving Main Rd,None,Did Not Leave,None,Front Hit First,Comm To/From Work,Male,40,35-64
1210319224,Lambeth,9,529958,175640,2,Goods Vehicle,GDS =< 3.5T,Unknown (S/R),Unknown (S/R),Unknown (S/R),Unknown (S/R),Unknown (S/R),Unknown (S/R),Unknown (S/R),Front Hit First,Unknown,Not Traced,29,25-34
1210319231,Southwark,8,533784,179701,2,Car,Car,Unknown (S/R),Unknown (S/R),Unknown (S/R),Unknown (S/R),Unknown (S/R),Unknown (S/R),Unknown (S/R),Front Hit First,Unknown,Not Traced,49,35-64
1210319240,Redbridge,14,543656,186227,1,Car,Car,Moving Off,No Skidding/Overturn,On Main CW - Not Rest.,Leaving R'about,None,Did Not Leave,None,Front Hit First,Other/Not Known,Male,52,35-64
1210319242,Merton,22,529847,167455,1,Car,Car,Going Ahead Other,No Skidding/Overturn,On Main CW - Not Rest.,Not At Jct,None,Did Not Leave,None,Front Hit First,Other/Not Known,Male,37,35-64
1210319250,Westminster,1,527551,182628,1,Car,Car,Turning Right,No Skidding/Overturn,On Main CW - Not Rest.,Entering Main Rd,Hit Oth Object,Did Not Leave,None,Front Hit First,Jny Part Of Work,Male,37,35-64
1210319260,Richmond-Upon-Thames,24,515888,173122,1,Other Vehicle,Other Vehicle,Going Ahead Other,No Skidding/Overturn,On Main CW - Not Rest.,Jct Cleared,None,Did Not Leave,None,Front Hit First,Comm To/From Work,Male,53,35-64
1210319265,Enfield,32,533220,197969,1,Goods Vehicle,GDS =< 3.5T,Overtake Stat Veh O/S,Skidded,On Main CW - Not Rest.,Not At Jct,None,Did Not Leave,None,Front Hit First,Jny Part Of Work,Male,48,35-64
1210319280,Bexley,18,552135,175985,1,Car,Car,Going Ahead Right Bend,No Skidding/Overturn,On Main CW - Not Rest.,Not At Jct,None,Left Cwy Onto Central Res,Hit Central Bar,Front Hit First,Other/Not Known,Male,18,17-24
1210319282,Westminster,1,524746,182183,1,Car,Car,Moving Off,No Skidding/Overturn,Footway,Jct App,Hit Bollard,Left Cwy Nearside,Hit Telegraph,Front Hit First,Unknown,Female,19,17-24
1210319284,Westminster,1,524665,182873,1,Car,Car,Going Ahead Other,No Skidding/Overturn,On Main CW - Not Rest.,Jct App,None,Did Not Leave,None,Front Hit First,Jny Part Of Work,Female,30,25-34
1210319286,Southwark,8,535241,176433,1,Car,Car,Going Ahead Other,No Skidding/Overturn,On Main CW - Not Rest.,Entering Main Rd,None,Did Not Leave,None,Front Hit First,Unknown,Female,21,17-24
1210319296,Kensington & Chelsea,12,525388,180216,1,Car,Car,Going Ahead Other,No Skidding/Overturn,On Main CW - Not Rest.,Jct Cleared,None,Did Not Leave,None,Front Hit First,Other/Not Known,Male,47,35-64
1210319308,Wandsworth,10,528052,175934,2,Car,Car,Turning Left,No Skidding/Overturn,On Main CW - Not Rest.,Jct Mid,None,Did Not Leave,None,Front Hit First,Jny Part Of Work,Male,45,35-64
1210319319,Lewisham,7,535704,172951,1,Car,Car,Going Ahead Other,No Skidding/Overturn,On Main CW - Not Rest.,Leaving R'about,None,Did Not Leave,None,Front Hit First,Unknown,Male,49,35-64
1210319329,Lewisham,7,537144,176880,1,Goods Vehicle,GDS =< 3.5T,Turning Left,No Skidding/Overturn,On Main CW - Not Rest.,Jct App,None,Did Not Leave,None,Front Hit First,Comm To/From Work,Male,45,35-64
1210319349,Ealing,27,516540,181057,1,Car,Car,Moving Off,No Skidding/Overturn,On Main CW - Not Rest.,Jct Mid,None,Did Not Leave,None,Front Hit First,Other/Not Known,Male,59,35-64
1210319350,Bromley,19,548087,164055,1,Car,Car,Moving Off,No Skidding/Overturn,Tram Track,Entering Main Rd,None,Did Not Leave,None,Front Hit First,Comm To/From Work,Female,19,17-24
1210319354,Hounslow,25,517480,177343,1,Car,Car,Going Ahead Other,No Skidding/Overturn,On Main CW - Not Rest.,Jct Mid,None,Did Not Leave,None,Front Hit First,Unknown,Male,56,35-64
1210319359,Hounslow,25,512887,176281,1,Car,Car,Turning Right,No Skidding/Overturn,On Main CW - Not Rest.,Entering Main Rd,None,Did Not Leave,None,Front Hit First,Jny Part Of Work,Male,38,35-64
1210319364,Bexley,18,546042,170847,2,Goods Vehicle,GDS =< 3.5T,Going Ahead Other,No Skidding/Overturn,On Main CW - Not Rest.,Jct App,None,Did Not Leave,None,Front Hit First,Unknown,Male,50,35-64
1210319387,Hounslow,25,517077,177826,1,Car,Car,Moving Off,No Skidding/Overturn,On Main CW - Not Rest.,Entering Main Rd,None,Did Not Leave,None,Front Hit First,Comm To/From Work,Male,23,17-24
1210319389,Harrow,29,515536,188736,1,Car,Car,Turning Right,No Skidding/Overturn,On Main CW - Not Rest.,Jct App,None,Did Not Leave,None,Front Hit First,Other/Not Known,Female,54,35-64
1210319392,Kensington & Chelsea,12,526862,179110,2,Taxi,Taxi,Change Lane To Right,No Skidding/Overturn,On Main CW - Not Rest.,Not At Jct,None,Did Not Leave,None,Front Hit First,Jny Part Of Work,Male,58,35-64
1210319396,Enfield,32,529110,195863,1,Car,Car,Turning Left,No Skidding/Overturn,On Main CW - Not Rest.,Jct App,None,Did Not Leave,None,Front Hit First,Comm To/From Work,Female,65,65+
1210319400,Kensington & Chelsea,12,523922,182283,1,Car,Car,Going Ahead Held Up,No Skidding/Overturn,On Main CW - Not Rest.,Leaving R'about,Hit Kerb,Did Not Leave,None,Front Hit First,Other/Not Known,Male,55,35-64
1210319402,Lewisham,7,537447,173584,1,Car,Car,Going Ahead Other,No Skidding/Overturn,On Main CW - Not Rest.,Jct App,None,Did Not Leave,None,Front Hit First,Comm To/From Work,Male,26,25-34
1210319403,Haringey,31,534043,190562,2,Car,Car,Moving Off,No Skidding/Overturn,On Main CW - Not Rest.,Not At Jct,None,Did Not Leave,None,Front Hit First,Other/Not Known,Male,27,25-34
1210319410,Camden,2,526725,184124,1,Car,Car,Going Ahead Other,No Skidding/Overturn,On Main CW - Not Rest.,Jct Cleared,None,Did Not Leave,None,Front Hit First,Comm To/From Work,Female,41,35-64
1210319413,Tower Hamlets,5,534433,181937,1,Car,Car,Turning Left,No Skidding/Overturn,On Main CW - Not Rest.,Jct Mid,None,Did Not Leave,None,Front Hit First,Comm To/From Work,Female,41,35-64
1210319415,Hounslow,25,521210,178523,1,Car,Car,Turning Right,No Skidding/Overturn,On Main CW - Not Rest.,Entering Main Rd,None,Did Not Leave,None,Front Hit First,Unknown,Male,36,35-64
1210319426,Hillingdon,26,511324,180798,2,Car,Car,Going Ahead Other,No Skidding/Overturn,On Main CW - Not Rest.,Not At Jct,None,Did Not Leave,None,Front Hit First,Jny Part Of Work,Male,26,25-34
1210319427,Lewisham,7,538972,171167,2,Car,Car,Going Ahead Other,No Skidding/Overturn,On Main CW - Not Rest.,Jct App,None,Did Not Leave,None,Front Hit First,Unknown,Male,32,25-34
1210319429,Newham,17,541089,181776,1,Car,Car,Going Ahead Other,No Skidding/Overturn,On Main CW - Not Rest.,Jct App,None,Did Not Leave,None,Front Hit First,Other/Not Known,Male,57,35-64
1210319430,Haringey,31,534401,191072,2,Car,Car,Going Ahead Other,No Skidding/Overturn,Footway,Jct Cleared,Hit Parked Veh,Left Cwy Nearside,Wall Or Fence,Front Hit First,Other/Not Known,Male,36,35-64
1210319434,Tower Hamlets,5,538387,180280,1,Car,Car,Overtaking Nearside,Skidded,Bus Lane,Jct App,Hit Kerb,Did Not Leave,None,Front Hit First,Unknown,Male,28,25-34
1210319437,Hackney,4,534201,185415,1,Car,Car,Waiting To Turn Right,No Skidding/Overturn,On Main CW - Not Rest.,Jct Mid,None,Did Not Leave,None,Front Hit First,Other/Not Known,Female,49,35-64
1210319441,Hackney,4,533945,183613,1,Goods Vehicle,GDS =< 3.5T,Turning Left,No Skidding/Overturn,On Main CW - Not Rest.,Leaving Main Rd,None,Did Not Leave,None,Front Hit First,Jny Part Of Work,Male,27,25-34
1210319454,Wandsworth,10,523167,175291,1,Car,Car,Turning Right,No Skidding/Overturn,On Main CW - Not Rest.,Leaving Main Rd,None,Did Not Leave,None,Front Hit First,Unknown,Female,34,25-34