_Collision Id,Borough Name,Borough Number,Easting,Northing,_Vehicle Id,Vehicle Type Banded,Vehicle Type,Vehicle Manoeuvres,Vehicle Skidding and Overturning,Vehicle Restricted Lane,Location of Vehicle at First Impact,Vehicle Hit Object in Carriageway,Vehicle Leaving Carriageway,Vehicle Hit Object Off Carriageway,First Point of Impact,Journey Purpose,Driver Gender,Driver Age,Driver age (Banded)
1210320257,Southwark,8,533946,176462,1,Car,Car,Turning Right,No Skidding/Overturn,On Main CW - Not Rest.,Entering Main Rd,None,Did Not Leave,None,Front Hit First,Other/Not Known,Male,23,17-24
1210320261,Westminster,1,525583,181732,1,Car,Car,Turning Right,No Skidding/Overturn,On Main CW - Not Rest.,Jct Mid,None,Did Not Leave,None,Front Hit First,Other/Not Known,Male,38,35-64
1210320266,Westminster,1,529093,177887,3,Car,Car,Going Ahead Other,No Skidding/Overturn,On Main CW - Not Rest.,Not At Jct,Hit Parked Veh,Did Not Leave,None,Front Hit First,Unknown,Male,41,35-64
1210320269,Sutton,21,524275,163649,1,Car,Car,Going Ahead Other,No Skidding/Overturn,On Main CW - Not Rest.,Jct Cleared,None,Did Not Leave,None,Front Hit First,Other/Not Known,Female,45,35-64
1210320286,Redbridge,14,545382,186419,1,Car,Car,Unknown (S/R),Unknown (S/R),Unknown (S/R),Unknown (S/R),Unknown (S/R),Unknown (S/R),Unknown (S/R),Front Hit First,Other/Not Known,Female,33,25-34
1210320287,Hammersmith & Fulham,11,525846,177029,1,Car,Car,Turning Right,No Skidding/Overturn,On Main CW - Not Rest.,Jct App,None,Did Not Leave,None,Front Hit First,Unknown,Female,54,35-64
1210320301,Kingston-Upon-Thames,23,518984,164026,1,Car,Car,Going Ahead Other,No Skidding/Overturn,On Main CW - Not Rest.,Jct App,None,Left Cwy Nearside,None,Front Hit First,Other/Not Known,Female,20,17-24
1210320319,Kingston-Upon-Thames,23,518564,169435,2,Bus Or Coach,London Bus,Going Ahead Other,No Skidding/Overturn,On Main CW - Not Rest.,Jct App,None,Did Not Leave,None,Front Hit First,Jny Part Of Work,Male,54,35-64
1210320321,Ealing,27,514997,183898,2,Car,Car,Going Ahead Held Up,No Skidding/Overturn,On Main CW - Not Rest.,Jct App,None,Did Not Leave,None,Front Hit First,Comm To/From Work,Male,43,35-64
1210320330,Waltham Forest,13,538063,186301,2,Car,Car,Turning Right,No Skidding/Overturn,On Main CW - Not Rest.,Jct App,None,Did Not Leave,None,Front Hit First,Unknown,Male,18,17-24
1210320331,Croydon,20,533341,165517,1,Car,Car,Reversing,No Skidding/Overturn,Footway,Not At Jct,None,Left Cwy Ahead At Junctn,Wall Or Fence,Front Hit First,Unknown,Female,85,65+
1210320345,Waltham Forest,13,538315,189860,1,Car,Car,Going Ahead Other,No Skidding/Overturn,On Main CW - Not Rest.,Not At Jct,None,Did Not Leave,None,Front Hit First,Taking Pupil To/From Sch,Male,36,35-64
1210320349,Barnet,30,524096,196429,1,Car,Car,Going Ahead Other,No Skidding/Overturn,On Main CW - Not Rest.,Jct App,Hit Parked Veh,Did Not Leave,None,Front Hit First,Other/Not Known,Female,83,65+
1210320380,Barking & Dagenham,16,548825,186295,1,Car,Car,Going Ahead Other,No Skidding/Overturn,On Main CW - Not Rest.,Jct App,None,Left Cwy Offside,Wall Or Fence,Front Hit First,Other/Not Known,Female,50,35-64
1210320391,Southwark,8,535688,178760,1,Car,Car,Unknown (S/R),Unknown (S/R),Unknown (S/R),Unknown (S/R),Unknown (S/R),Unknown (S/R),Unknown (S/R),Front Hit First,Unknown,Female,25,25-34
1210320394,Kensington & Chelsea,12,526885,179003,1,Goods Vehicle,GDS =< 3.5T,Going Ahead Other,No Skidding/Overturn,On Main CW - Not Rest.,Jct App,None,Did Not Leave,None,Front Hit First,Jny Part Of Work,Female,46,35-64
1210320397,Hillingdon,26,509679,190762,2,Car,Car,Moving Off,No Skidding/Overturn,On Main CW - Not Rest.,Entering Main Rd,None,Did Not Leave,None,Front Hit First,Unknown,Female,21,17-24
1210320400,Newham,17,541668,184794,1,Car,Car,Going Ahead Other,No Skidding/Overturn,On Main CW - Not Rest.,Jct Cleared,None,Did Not Leave,None,Front Hit First,Jny Part Of Work,Male,29,25-34
1210320402,Wandsworth,10,529651,177629,2,Private Hire,Private Hire - Licensed,Turning Right,No Skidding/Overturn,On Main CW - Not Rest.,Leaving Main Rd,None,Did Not Leave,None,Front Hit First,Other/Not Known,Male,62,35-64
1210320403,Tower Hamlets,5,534330,182612,1,Car,Car,Unknown (S/R),Unknown (S/R),Unknown (S/R),Unknown (S/R),Unknown (S/R),Unknown (S/R),Unknown (S/R),Front Hit First,Other/Not Known,Male,41,35-64
1210320408,Southwark,8,534747,176787,2,Goods Vehicle,GDS =< 3.5T,Turning Right,No Skidding/Overturn,On Main CW - Not Rest.,Jct Mid,None,Did Not Leave,None,Front Hit First,Jny Part Of Work,Male,36,35-64
1210320431,Tower Hamlets,5,535005,182572,1,Car,Car,Going Ahead Other,No Skidding/Overturn,Bus Lane,Jct App,None,Did Not Leave,None,Front Hit First,Other/Not Known,Male,29,25-34
1210320432,Harrow,29,518644,189600,1,Car,Car,Unknown (S/R),Unknown (S/R),Unknown (S/R),Unknown (S/R),Unknown (S/R),Unknown (S/R),Unknown (S/R),Front Hit First,Unknown,Female,32,25-34
1210320445,Croydon,20,535306,167347,1,Car,Car,Going Ahead Other,No Skidding/Overturn,On Main CW - Not Rest.,Not At Jct,None,Did Not Leave,None,Front Hit First,Jny Part Of Work,Female,48,35-64
1210320448,Lewisham,7,538452,175571,2,Car,Car,Turning Right,No Skidding/Overturn,On Main CW - Not Rest.,Entering Main Rd,None,Did Not Leave,None,Front Hit First,Other/Not Known,Male,30,25-34
1210320453,Ealing,27,513459,178560,1,Car,Car,Slowing Or Stopping,No Skidding/Overturn,On Main CW - Not Rest.,Jct App,None,Did Not Leave,None,Front Hit First,Comm To/From Work,Female,54,35-64
1210320456,Waltham Forest,13,538827,193360,1,Car,Car,Going Ahead Right Bend,No Skidding/Overturn,On Main CW - Not Rest.,Not At Jct,None,Did Not Leave,None,Front Hit First,Other/Not Known,Female,42,35-64
1210320461,Kingston-Upon-Thames,23,518064,167387,1,Car,Car,U-turning,No Skidding/Overturn,On Main CW - Not Rest.,Leaving R'about,None,Did Not Leave,None,Front Hit First,Other/Not Known,Male,23,17-24
1210320469,Lambeth,9,531158,174611,1,Car,Car,Going Ahead Other,No Skidding/Overturn,On Main CW - Not Rest.,Jct App,None,Did Not Leave,None,Front Hit First,Other/Not Known,Female,32,25-34
1210320478,Enfield,32,535362,191962,1,Car,Car,Unknown (S/R),Unknown (S/R),Unknown (S/R),Unknown (S/R),Unknown (S/R),Unknown (S/R),Unknown (S/R),Front Hit First,Other/Not Known,Male,61,35-64
1210320489,Croydon,20,531430,162400,2,Car,Car,Unknown (S/R),Unknown (S/R),Unknown (S/R),Unknown (S/R),Unknown (S/R),Unknown (S/R),Unknown (S/R),Front Hit First,Jny Part Of Work,Female,44,35-64
1210320490,Haringey,31,531345,190939,2,Goods Vehicle,GDS =< 3.5T,Going Ahead Other,No Skidding/Overturn,On Main CW - Not Rest.,Not At Jct,None,Did Not Leave,None,Front Hit First,Unknown,Male,39,35-64
1210320496,Bromley,19,547378,166133,1,Car,Car,Slowing Or Stopping,No Skidding/Overturn,On Main CW - Not Rest.,Not At Jct,None,Did Not Leave,None,Front Hit First,Comm To/From Work,Male,49,35-64
1210320525,Lambeth,9,529476,175305,1,Car,Car,Unknown (S/R),Unknown (S/R),Unknown (S/R),Unknown (S/R),Unknown (S/R),Unknown (S/R),Unknown (S/R),Front Hit First,Other/Not Known,Female,33,25-34
1210320528,Bexley,18,550649,178726,1,Car,Car,Going Ahead Other,No Skidding/Overturn,On Main CW - Not Rest.,Not At Jct,None,Did Not Leave,None,Front Hit First,Unknown,Female,45,35-64
1210320543,Brent,28,519468,188861,2,Car,Car,Unknown (S/R),Unknown (S/R),Unknown (S/R),Unknown (S/R),Unknown (S/R),Unknown (S/R),Unknown (S/R),Front Hit First,Unknown,Not Traced,47,35-64
1210320546,Westminster,1,528386,180190,1,Bus Or Coach,London Bus,Going Ahead Other,No Skidding/Overturn,On Main CW - Not Rest.,Jct App,None,Did Not Leave,None,Front Hit First,Jny Part Of Work,Male,50,35-64
1210320550,Barnet,30,524775,187644,2,Bus Or Coach,London Bus,Going Ahead Held Up,No Skidding/Overturn,On Main CW - Not Rest.,Jct App,None,Did Not Leave,None,Front Hit First,Jny Part Of Work,Male,36,35-64
1210320551,Havering,15,552150,185111,1,Car,Car,Going Ahead Other,No Skidding/Overturn,On Main CW - Not Rest.,Jct App,Hit Parked Veh,Did Not Leave,None,Front Hit First,Unknown,Female,39,35-64
1210320552,Croydon,20,534559,167262,1,Car,Car,Going Ahead Other,No Skidding/Overturn,On Main CW - Not Rest.,Jct App,None,Did Not Leave,None,Front Hit First,Unknown,Male,45,35-64
1210320556,Redbridge,14,546067,192047,1,Car,Car,Going Ahead Other,No Skidding/Overturn,Entering Lay-by/Hard Shldr,Jct App,Hit Parked Veh,Did Not Leave,None,Front Hit First,Unknown,Male,70,65+
1210320564,Barnet,30,522667,188958,2,Other Vehicle,Other Vehicle,Going Ahead Held Up,No Skidding/Overturn,On Main CW - Not Rest.,Jct App,None,Did Not Leave,None,Front Hit First,Other/Not Known,Male,34,25-34
1210320565,Hounslow,25,513307,175484,1,Car,Car,Going Ahead Other,No Skidding/Overturn,On Main CW - Not Rest.,Not At Jct,None,Did Not Leave,None,Front Hit First,Other/Not Known,Male,48,35-64
1210320574,Waltham Forest,13,538254,187392,1,Private Hire,Private Hire - Licensed,Going Ahead Other,Overturn,On Main CW - Not Rest.,Jct App,Hit Parked Veh,Did Not Leave,None,Front Hit First,Other/Not Known,Male,51,35-64
1210320595,Greenwich,6,538176,177709,2,Car,Car,Unknown (S/R),Unknown (S/R),Unknown (S/R),Unknown (S/R),Unknown (S/R),Unknown (S/R),Unknown (S/R),Front Hit First,Unknown,Female,30,25-34
1210320615,Greenwich,6,546524,180720,1,Car,Car,Going Ahead Other,Overturn,Leaving Lay-by/Hard Shldr,Entering R'about,None,Left Cwy Ahead At Junctn,Hit Lamp Post,Front Hit First,Comm To/From Work,Male,34,25-34
1210320616,Bexley,18,549608,179887,2,Car,Car,Going Ahead Other,No Skidding/Overturn,On Main CW - Not Rest.,Jct Mid,None,Did Not Leave,None,Front Hit First,Comm To/From Work,Male,30,25-34
1210320625,Greenwich,6,539592,178287,2,Car,Car,Going Ahead Held Up,No Skidding/Overturn,On Main CW - Not Rest.,Jct App,None,Did Not Leave,None,Front Hit First,Jny Part Of Work,Male,55,35-64
1210320629,Waltham Forest,13,538474,189386,2,Car,Car,Turning Right,No Skidding/Overturn,Entering Lay-by/Hard Shldr,Leaving R'about,None,Did Not Leave,None,Front Hit First,Other/Not Known,Female,27,25-34
1210320631,Hackney,4,533652,187003,1,Car,Car,Turning Right,No Skidding/Overturn,On Main CW - Not Rest.,Jct Mid,None,Did Not Leave,None,Front Hit First,Other/Not Known,Male,23,17-24
1210320646,Barnet,30,523212,189386,1,Car,Car,Going Ahead Other,No Skidding/Overturn,On Main CW - Not Rest.,Jct Mid,None,Did Not Leave,None,Front Hit First,Other/Not Known,Male,48,35-64
1210320647,Bromley,19,548626,163200,1,Goods Vehicle,GDS =< 3.5T,Going Ahead Other,No Skidding/Overturn,On Main CW - Not Rest.,Not At Jct,None,Did Not Leave,None,Front Hit First,Jny Part Of Work,Male,20,17-24
1210320673,Barnet,30,523605,189952,1,Car,Car,Turning Right,No Skidding/Overturn,Leaving Lay-by/Hard Shldr,Leaving Main Rd,None,Did Not Leave,None,Front Hit First,Other/Not Known,Male,28,25-34
1210320679,Barking & Dagenham,16,547082,183051,1,Car,Car,Going Ahead Other,No Skidding/Overturn,On Main CW - Not Rest.,Not At Jct,None,Did Not Leave,None,Front Hit First,Comm To/From Work,Male,27,25-34
1210320682,Haringey,31,534826,191255,1,Car,Car,Going Ahead Other,No Skidding/Overturn,On Main CW - Not Rest.,Not At Jct,Hit Parked Veh,Did Not Leave,None,Front Hit First,Other/Not Known,Male,51,35-64
1210320692,Southwark,8,532632,175281,1,Car,Car,Going Ahead Other,No Skidding/Overturn,On Main CW - Not Rest.,Jct Cleared,Hit Kerb,Left Cwy Nearside,Hit Lamp Post,Front Hit First,Other/Not Known,Female,28,25-34
1210320699,Waltham Forest,13,538448,194424,1,Car,Car,Going Ahead Other,No Skidding/Overturn,On Main CW - Not Rest.,Jct Cleared,None,Did Not Leave,None,Front Hit First,Jny Part Of Work,Male,32,25-34
1210320703,Bexley,18,548599,176813,3,Car,Car,Going Ahead Other,No Skidding/Overturn,On Main CW - Not Rest.,Not At Jct,None,Did Not Leave,None,Front Hit First,Other/Not Known,Female,23,17-24
1210320717,Hounslow,25,515372,178236,1,Car,Car,Going Ahead Other,No Skidding/Overturn,Footway,Not At Jct,Hit Kerb,Left Cwy Offside,Hit Lamp Post,Front Hit First,Other/Not Known,Male,73,65+
1210320724,Croydon,20,534981,164130,2,Goods Vehicle,GDS =< 3.5T,Going Ahead Other,No Skidding/Overturn,On Main CW - Not Rest.,Not At Jct,None,Did Not Leave,None,Front Hit First,Jny Part Of Work,Male,41,35-64
1210320727,Waltham Forest,13,537401,188751,1,Car,Car,Turning Right,No Skidding/Overturn,On Main CW - Not Rest.,Jct Mid,None,Left Cwy Offside,None,Front Hit First,Taking Pupil To/From Sch,Female,46,35-64
1210320730,Lambeth,9,531103,175303,1,Goods Vehicle,GDS =< 3.5T,Turning Right,No Skidding/Overturn,On Main CW - Not Rest.,Jct Mid,None,Did Not Leave,None,Front Hit First,Jny Part Of Work,Male,22,17-24
1210320732,Havering,15,549217,190958,1,Car,Car,Turning Right,No Skidding/Overturn,On Main CW - Not Rest.,Entering R'about,None,Left Cwy Nearside,Hit Lamp Post,Front Hit First,Unknown,Female,80,65+
1210320758,Lewisham,7,534427,172278,1,Car,Car,Going Ahead Other,No Skidding/Overturn,On Main CW - Not Rest.,Jct App,None,Left Cwy Nearside,Hit Oth Object,Front Hit First,Other/Not Known,Male,23,17-24
1210320772,Islington,3,531020,185363,2,Car,Car,Going Ahead Other,No Skidding/Overturn,On Main CW - Not Rest.,Jct App,None,Did Not Leave,None,Front Hit First,Other/Not Known,Male,22,17-24
1210320781,Sutton,21,527945,166930,2,Car,Car,Slowing Or Stopping,No Skidding/Overturn,On Main CW - Not Rest.,Jct App,Hit Parked Veh,Did Not Leave,None,Front Hit First,Unknown,Male,29,25-34
1210320792,Bexley,18,546006,176489,1,Car,Car,Going Ahead Other,No Skidding/Overturn,On Main CW - Not Rest.,Not At Jct,Hit Kerb,Did Not Leave,None,Front Hit First,Other/Not Known,Male,21,17-24
1210320799,Wandsworth,10,524404,174291,1,Car,Car,Going Ahead Other,No Skidding/Overturn,On Main CW - Not Rest.,Entering Main Rd,None,Left Cwy Nearside,None,Front Hit First,Unknown,Male,31,25-34
1210320800,Westminster,1,528591,182140,1,Car,Car,Going Ahead Other,No Skidding/Overturn,On Main CW - Not Rest.,Jct App,None,Did Not Leave,None,Front Hit First,Other/Not Known,Male,32,25-34
1210320804,Camden,2,530531,181370,1,Private Hire,Private Hire - Licensed,Moving Off,No Skidding/Overturn,On Main CW - Not Rest.,Not At Jct,None,Did Not Leave,None,Front Hit First,Jny Part Of Work,Male,33,25-34
1210320816,Redbridge,14,546845,189192,2,Car,Car,Turning Left,No Skidding/Overturn,On Main CW - Not Rest.,Jct App,None,Did Not Leave,None,Front Hit First,Other/Not Known,Male,29,25-34
1210320828,Islington,3,532310,184259,2,Car,Car,Unknown (S/R),Unknown (S/R),Unknown (S/R),Unknown (S/R),Unknown (S/R),Unknown (S/R),Unknown (S/R),Front Hit First,Unknown,Male,36,35-64
1210320840,Sutton,21,528845,164178,1,Car,Car,Turning Right,No Skidding/Overturn,On Main CW - Not Rest.,Entering Main Rd,None,Did Not Leave,None,Front Hit First,Other/Not Known,Male,36,35-64
1210320849,Croydon,20,531179,168172,1,Car,Car,Turning Right,Overturn,Footway,Leaving Main Rd,None,Left Cwy Offside,Hit Rd Sign/Ats,Front Hit First,Jny Part Of Work,Male,40,35-64
1210320854,Westminster,1,528274,178991,2,Taxi,Taxi,Going Ahead Other,No Skidding/Overturn,On Main CW - Not Rest.,Jct Mid,None,Did Not Leave,None,Front Hit First,Jny Part Of Work,Male,46,35-64
1210320855,Lewisham,7,535339,176692,1,Taxi,Taxi,Unknown (S/R),Unknown (S/R),Unknown (S/R),Unknown (S/R),Unknown (S/R),Unknown (S/R),Unknown (S/R),Front Hit First,Jny Part Of Work,Male,49,35-64
1210320862,Greenwich,6,541526,174623,2,Car,Car,Unknown (S/R),Unknown (S/R),Unknown (S/R),Unknown (S/R),Unknown (S/R),Unknown (S/R),Unknown (S/R),Front Hit First,Unknown,Female,26,25-34
1210320885,Haringey,31,534456,191670,1,Goods Vehicle,GDS =< 3.5T,Going Ahead Other,No Skidding/Overturn,On Main CW - Not Rest.,Not At Jct,None,Did Not Leave,None,Front Hit First,Unknown,Male,30,25-34
1210320886,Hackney,4,533683,186020,2,Car,Car,Turning Right,No Skidding/Overturn,On Main CW - Not Rest.,Jct App,None,Did Not Leave,None,Front Hit First,Other/Not Known,Male,35,35-64
1210320887,Barnet,30,525439,197557,1,Car,Car,Going Ahead Right Bend,No Skidding/Overturn,On Main CW - Not Rest.,Not At Jct,None,Left Cwy Nearside,Hit Lamp Post,Front Hit First,Other/Not Known,Male,46,35-64
1210320900,Lambeth,9,529791,176219,2,Car,Car,Going Ahead Other,No Skidding/Overturn,On Main CW - Not Rest.,Jct App,None,Did Not Leave,None,Front Hit First,Unknown,Female,58,35-64
1210320909,Croydon,20,538273,162168,1,Car,Car,Turning Right,No Skidding/Overturn,On Main CW - Not Rest.,Entering Main Rd,None,Did Not Leave,None,Front Hit First,Jny Part Of Work,Male,27,25-34
1210320911,Newham,17,541072,181764,3,Car,Car,Going Ahead Other,No Skidding/Overturn,On Main CW - Not Rest.,Jct Mid,None,Did Not Leave,None,Front Hit First,Other/Not Known,Male,39,35-64
1210320938,Redbridge,14,542787,188607,2,Car,Car,Unknown (S/R),Unknown (S/R),Unknown (S/R),Unknown (S/R),Unknown (S/R),Unknown (S/R),Unknown (S/R),Front Hit First,Unknown,Not Traced,27,25-34
1210320947,Southwark,8,534571,176777,2,Car,Car,Unknown (S/R),Unknown (S/R),Unknown (S/R),Unknown (S/R),Unknown (S/R),Unknown (S/R),Unknown (S/R),Front Hit First,Unknown,Not Traced,40,35-64
1210320980,Hammersmith & Fulham,11,523337,179870,2,Goods Vehicle,GDS => 7.5T,Going Ahead Held Up,No Skidding/Overturn,On Main CW - Not Rest.,Not At Jct,None,Did Not Leave,None,Front Hit First,Jny Part Of Work,Male,42,35-64
1210320981,Haringey,31,533796,189797,2,Car,Car,Waiting To Turn Right,No Skidding/Overturn,On Main CW - Not Rest.,Jct App,None,Did Not Leave,None,Front Hit First,Unknown,Male,57,35-64
1210320984,Croydon,20,533231,165449,1,Car,Car,Moving Off,No Skidding/Overturn,On Main CW - Not Rest.,Leaving R'about,None,Did Not Leave,None,Front Hit First,Other/Not Known,Male,56,35-64
1210320986,Ealing,27,513910,180316,1,Car,Car,Slowing Or Stopping,No Skidding/Overturn,On Main CW - Not Rest.,Not At Jct,None,Did Not Leave,None,Front Hit First,Unknown,Male,31,25-34
1210320989,Bromley,19,538152,165972,1,Other Vehicle,Agric Veh,Moving Off,No Skidding/Overturn,On Main CW - Not Rest.,Not At Jct,None,Did Not Leave,None,Front Hit First,Jny Part Of Work,Male,40,35-64
1210320994,Tower Hamlets,5,535515,181204,2,Car,Car,Unknown (S/R),Unknown (S/R),Unknown (S/R),Unknown (S/R),Unknown (S/R),Unknown (S/R),Unknown (S/R),Front Hit First,Unknown,Male,29,25-34
1210320998,Westminster,1,525469,181832,1,Car,Car,Turning Left,No Skidding/Overturn,On Main CW - Not Rest.,Jct App,None,Did Not Leave,None,Front Hit First,Other/Not Known,Male,21,17-24
1210321000,Havering,15,554934,189000,1,Car,Car,Going Ahead Other,No Skidding/Overturn,On Main CW - Not Rest.,Jct App,None,Did Not Leave,None,Front Hit First,Unknown,Male,75,65+
1210321011,Barnet,30,517644,194179,1,Car,Car,Going Ahead Other,No Skidding/Overturn,On Main CW - Not Rest.,Jct Mid,None,Did Not Leave,None,Front Hit First,Other/Not Known,Male,22,17-24
1210321013,Redbridge,14,546512,191352,1,Car,Car,Turning Left,No Skidding/Overturn,On Main CW - Not Rest.,Entering R'about,None,Did Not Leave,None,Front Hit First,Other/Not Known,Female,37,35-64
1210321024,Bexley,18,548955,176458,1,Car,Car,Going Ahead Other,No Skidding/Overturn,Footway,Jct App,Hit Oth Object,Left Cwy Nearside,Wall Or Fence,Front Hit First,Other/Not Known,Male,58,35-64
1210321025,Enfield,32,534408,197482,2,Car,Car,Going Ahead Held Up,No Skidding/Overturn,On Main CW - Not Rest.,Jct Cleared,None,Did Not Leave,None,Front Hit First,Comm To/From Work,Female,33,25-34
1210321040,Hackney,4,534369,187400,1,Car,Car,Turning Right,No Skidding/Overturn,On Main CW - Not Rest.,Leaving Main Rd,None,Did Not Leave,None,Front Hit First,Other/Not Known,Male,21,17-24
1210321041,Redbridge,14,540180,190333,2,Car,Car,Going Ahead Other,Unknown (S/R),Unknown (S/R),Not At Jct,Unknown (S/R),Unknown (S/R),Unknown (S/R),Front Hit First,Unknown,Male,30,25-34
1210321043,Sutton,21,527097,166237,1,Car,Car,Going Ahead Other,No Skidding/Overturn,On Main CW - Not Rest.,Jct Mid,None,Did Not Leave,None,Front Hit First,Other/Not Known,Female,29,25-34
1210321045,Hackney,4,534948,184707,1,Car,Car,Going Ahead Other,No Skidding/Overturn,On Main CW - Not Rest.,Jct App,None,Did Not Leave,None,Front Hit First,Unknown,Male,23,17-24
1210321047,Southwark,8,533818,177669,1,Car,Car,Turning Left,No Skidding/Overturn,On Main CW - Not Rest.,Jct Mid,None,Did Not Leave,None,Front Hit First,Other/Not Known,Male,50,35-64
1210321053,Southwark,8,532422,177514,1,Car,Car,Going Ahead Other,No Skidding/Overturn,On Main CW - Not Rest.,Jct App,None,Did Not Leave,None,Front Hit First,Unknown,Male,38,35-64
1210321060,Harrow,29,512714,186410,1,Car,Car,Going Ahead Other,No Skidding/Overturn,Footway,Leaving R'about,None,Did Not Leave,None,Front Hit First,Unknown,Female,20,17-24
1210321063,Ealing,27,519905,180311,1,Car,Car,Slowing Or Stopping,Skidded,On Main CW - Not Rest.,Jct App,None,Did Not Leave,None,Front Hit First,Unknown,Male,20,17-24
1210321066,Hillingdon,26,510132,180220,1,Car,Car,Turning Left,No Skidding/Overturn,On Main CW - Not Rest.,Entering Main Rd,None,Did Not Leave,None,Front Hit First,Unknown,Male,53,35-64
1210321081,Ealing,27,516720,180447,1,Car,Car,Going Ahead Other,No Skidding/Overturn,On Main CW - Not Rest.,Jct Mid,None,Did Not Leave,None,Front Hit First,Comm To/From Work,Male,31,25-34
1210321089,Haringey,31,532669,191541,2,Car,Car,Unknown (S/R),Unknown (S/R),Unknown (S/R),Unknown (S/R),Unknown (S/R),Unknown (S/R),Unknown (S/R),Front Hit First,Unknown,Male,23,17-24
1210321090,Tower Hamlets,5,538298,181296,2,Private Hire,Private Hire - Licensed,Going Ahead Other,No Skidding/Overturn,On Main CW - Not Rest.,Not At Jct,None,Did Not Leave,None,Front Hit First,Jny Part Of Work,Male,38,35-64
1210321091,Bexley,18,547953,170601,2,Car,Car,Unknown (S/R),Unknown (S/R),Unknown (S/R),Unknown (S/R),Unknown (S/R),Unknown (S/R),Unknown (S/R),Front Hit First,Unknown,Female,58,35-64
1210321092,Barking & Dagenham,16,548468,189075,1,Car,Car,Going Ahead Other,No Skidding/Overturn,On Main CW - Not Rest.,Jct Mid,None,Did Not Leave,None,Front Hit First,Comm To/From Work,Male,35,35-64
1210321094,Greenwich,6,545129,178711,1,Car,Car,Going Ahead Other,No Skidding/Overturn,On Main CW - Not Rest.,Entering Main Rd,None,Did Not Leave,None,Front Hit First,Comm To/From Work,Male,33,25-34
1210321096,Greenwich,6,540421,177395,1,Car,Car,Change Lane To Right,Overturn,Busway,Jct App,None,Left Cwy Offside,Hit Lamp Post,Front Hit First,Comm To/From Work,Male,54,35-64
1210321101,Harrow,29,513796,189033,1,Goods Vehicle,GDS =< 3.5T,Going Ahead Other,No Skidding/Overturn,On Main CW - Not Rest.,Jct App,None,Did Not Leave,None,Front Hit First,Comm To/From Work,Male,31,25-34
1210321120,Bromley,19,542408,168664,2,Car,Car,Going Ahead Other,No Skidding/Overturn,On Main CW - Not Rest.,Jct Mid,None,Did Not Leave,None,Front Hit First,Other/Not Known,Male,23,17-24
1210321127,Brent,28,524154,185178,1,Private Hire,Private Hire - Licensed,Turning Right,No Skidding/Overturn,On Main CW - Not Rest.,Jct Mid,None,Did Not Leave,None,Front Hit First,Jny Part Of Work,Male,45,35-64
1210321132,Southwark,8,533847,177554,1,Car,Car,Turning Left,No Skidding/Overturn,On Main CW - Not Rest.,Leaving Main Rd,None,Left Cwy Nearside,None,Front Hit First,Other/Not Known,Male,25,25-34
1210321148,Kensington & Chelsea,12,525029,178642,1,Bus Or Coach,London Bus,Going Ahead Other,No Skidding/Overturn,On Main CW - Not Rest.,Jct Cleared,None,Did Not Leave,None,Front Hit First,Jny Part Of Work,Male,62,35-64
1210321152,Redbridge,14,546755,192561,1,Car,Car,Moving Off,No Skidding/Overturn,Footway,Not At Jct,Hit Parked Veh,Did Not Leave,None,Front Hit First,Other/Not Known,Female,83,65+
1210321181,Kingston-Upon-Thames,23,521707,169957,2,Goods Vehicle,GDS =< 3.5T,Going Ahead Other,No Skidding/Overturn,On Main CW - Not Rest.,Jct App,None,Did Not Leave,None,Front Hit First,Jny Part Of Work,Male,34,25-34
1210321191,Ealing,27,513040,182829,2,Car,Car,Turning Right,No Skidding/Overturn,On Main CW - Not Rest.,Leaving R'about,None,Did Not Leave,None,Front Hit First,Other/Not Known,Male,20,17-24
1210321198,Barking & Dagenham,16,546791,185594,1,Car,Car,Unknown (S/R),Unknown (S/R),Unknown (S/R),Unknown (S/R),Unknown (S/R),Unknown (S/R),Unknown (S/R),Front Hit First,Unknown,Not Traced,44,35-64
1210321201,Kensington & Chelsea,12,525620,179627,2,Bus Or Coach,London Bus,Going Ahead Other,No Skidding/Overturn,On Main CW - Not Rest.,Jct App,None,Did Not Leave,None,Front Hit First,Other/Not Known,Male,40,35-64
1210321202,Hackney,4,533876,187515,2,Car,Car,Unknown (S/R),Unknown (S/R),Unknown (S/R),Unknown (S/R),Unknown (S/R),Unknown (S/R),Unknown (S/R),Front Hit First,Unknown,Not Traced,76,65+
1210321203,Bromley,19,545411,168927,1,Car,Car,Going Ahead Other,No Skidding/Overturn,On Main CW - Not Rest.,Jct Cleared,None,Did Not Leave,None,Front Hit First,Other/Not Known,Female,34,25-34
1210321209,Camden,2,525397,183665,1,Car,Car,Slowing Or Stopping,No Skidding/Overturn,On Main CW - Not Rest.,Jct Cleared,None,Did Not Leave,None,Front Hit First,Other/Not Known,Female,58,35-64
1210321212,Wandsworth,10,528883,171894,1,Car,Car,Slowing Or Stopping,No Skidding/Overturn,On Main CW - Not Rest.,Jct Cleared,None,Did Not Leave,None,Front Hit First,Other/Not Known,Male,21,17-24