_Collision Id,Borough Name,Borough Number,Easting,Northing,_Vehicle Id,Vehicle Type Banded,Vehicle Type,Vehicle Manoeuvres,Vehicle Skidding and Overturning,Vehicle Restricted Lane,Location of Vehicle at First Impact,Vehicle Hit Object in Carriageway,Vehicle Leaving Carriageway,Vehicle Hit Object Off Carriageway,First Point of Impact,Journey Purpose,Driver Gender,Driver Age,Driver age (Banded)
1210321217,Hammersmith & Fulham,11,523102,181275,2,Car,Car,Overtake Move Veh O/S,Unknown (S/R),On Main CW - Not Rest.,Jct App,None,Did Not Leave,Unknown (S/R),Front Hit First,Unknown,Male,22,17-24
1210321223,Redbridge,14,544007,185088,1,Car,Car,Going Ahead Other,No Skidding/Overturn,On Main CW - Not Rest.,Not At Jct,None,Did Not Leave,None,Front Hit First,Jny Part Of Work,Male,24,17-24
1210321225,Brent,28,521296,185288,1,Car,Car,Overtake Move Veh O/S,No Skidding/Overturn,On Main CW - Not Rest.,Jct App,None,Did Not Leave,None,Front Hit First,Comm To/From Work,Male,31,25-34
1210321229,Croydon,20,533554,166540,1,Car,Car,Going Ahead Other,Skid/Over,On Main CW - Not Rest.,Jct App,Hit Kerb,Left Cwy Offside,Hit Lamp Post,Front Hit First,Unknown,Male,22,17-24
1210321233,Bexley,18,545187,173592,1,Car,Car,Going Ahead Other,No Skidding/Overturn,On Main CW - Not Rest.,Not At Jct,None,Did Not Leave,None,Front Hit First,Other/Not Known,Female,37,35-64
1210321234,Greenwich,6,542639,179023,1,Car,Car,Moving Off,Skidded,On Main CW - Not Rest.,Entering Main Rd,None,Did Not Leave,None,Front Hit First,Unknown,Male,45,35-64
1210321243,Waltham Forest,13,537187,187730,1,Car,Car,Turning Left,No Skidding/Overturn,Cycleway/Footway (Separated),Leaving Main Rd,None,Did Not Leave,None,Front Hit First,Comm To/From Work,Female,63,35-64
1210321245,Barnet,30,525627,190026,1,Car,Car,Going Ahead Other,Skidded,On Main CW - Not Rest.,Not At Jct,Hit Oth Object,Did Not Leave,None,Front Hit First,Other/Not Known,Male,21,17-24
1210321259,Harrow,29,517090,188854,1,Car,Car,Going Ahead Other,No Skidding/Overturn,On Main CW - Not Rest.,Jct App,None,Left Cwy Ahead At Junctn,Wall Or Fence,Front Hit First,Other/Not Known,Male,52,35-64
1210321263,Lambeth,9,532288,172878,2,Car,Car,Going Ahead Other,No Skidding/Overturn,On Main CW - Not Rest.,Jct Mid,None,Did Not Leave,None,Front Hit First,Unknown,Female,54,35-64
1210321264,Enfield,32,535210,196219,1,Bus Or Coach,London Bus,Unknown (S/R),Unknown (S/R),On Main CW - Not Rest.,Unknown (S/R),Hit Kerb,Unknown (S/R),Hit Rd Sign/Ats,Front Hit First,Unknown,Not Traced,47,35-64
1210321286,Bexley,18,549497,179068,1,Car,Car,Moving Off,No Skidding/Overturn,On Main CW - Not Rest.,Entering Main Rd,None,Did Not Leave,None,Front Hit First,Other/Not Known,Female,77,65+
1210321305,Hammersmith & Fulham,11,525676,176514,1,Private Hire,Private Hire - Licensed,Turning Right,No Skidding/Overturn,On Main CW - Not Rest.,Leaving Main Rd,None,Did Not Leave,None,Front Hit First,Jny Part Of Work,Male,46,35-64
1210321312,Lambeth,9,529693,176533,1,Goods Vehicle,GDS =< 3.5T,Unknown (S/R),Unknown (S/R),Unknown (S/R),Unknown (S/R),Unknown (S/R),Unknown (S/R),Unknown (S/R),Front Hit First,Comm To/From Work,Male,35,35-64
1210321319,Enfield,32,534266,199682,1,Car,Car,Going Ahead Left Bend,Skidded,On Main CW - Not Rest.,Jct Mid,None,Left Cwy Offside,Wall Or Fence,Front Hit First,Other/Not Known,Male,20,17-24
1210321323,Hounslow,25,513750,175331,1,Goods Vehicle,GDS =< 3.5T,Turning Right,No Skidding/Overturn,On Main CW - Not Rest.,Jct Mid,None,Did Not Leave,None,Front Hit First,Jny Part Of Work,Male,66,65+
1210321328,Lambeth,9,531601,173070,2,Car,Car,Going Ahead Right Bend,No Skidding/Overturn,On Main CW - Not Rest.,Jct Mid,Hit Prev Acc,Did Not Leave,None,Front Hit First,Comm To/From Work,Male,24,17-24
1210321356,Camden,2,529946,182701,1,Bus Or Coach,London Bus,Going Ahead Other,No Skidding/Overturn,On Main CW - Not Rest.,Jct Cleared,None,Did Not Leave,None,Front Hit First,Jny Part Of Work,Male,46,35-64
1210321362,Camden,2,526249,184636,1,Car,Car,Unknown (S/R),Unknown (S/R),Unknown (S/R),Unknown (S/R),Unknown (S/R),Unknown (S/R),Unknown (S/R),Front Hit First,Other/Not Known,Female,44,35-64
1210321372,Barking & Dagenham,16,548739,187588,1,Car,Car,Turning Right,No Skidding/Overturn,On Main CW - Not Rest.,Jct App,None,Did Not Leave,None,Front Hit First,Other/Not Known,Male,26,25-34
1210321376,Redbridge,14,540095,189301,1,Car,Car,Turning Right,No Skidding/Overturn,On Main CW - Not Rest.,Jct Mid,None,Did Not Leave,None,Front Hit First,Unknown,Male,35,35-64
1210321401,Greenwich,6,542635,179099,1,Car,Car,Slowing Or Stopping,No Skidding/Overturn,On Main CW - Not Rest.,Jct App,None,Did Not Leave,None,Front Hit First,Jny Part Of Work,Male,51,35-64
1210321403,Barnet,30,526550,196166,1,Car,Car,Unknown (S/R),Unknown (S/R),Unknown (S/R),Not At Jct,Unknown (S/R),Unknown (S/R),Unknown (S/R),Front Hit First,Other/Not Known,Female,61,35-64
1210321410,Wandsworth,10,529262,177333,1,Goods Vehicle,GDS =< 3.5T,Turning Right,No Skidding/Overturn,On Main CW - Not Rest.,Jct Mid,None,Did Not Leave,None,Front Hit First,Jny Part Of Work,Male,30,25-34
1210321414,Havering,15,551153,181938,1,Car,Car,Going Ahead Other,Skid/Over,On Main CW - Not Rest.,Not At Jct,Hit Kerb,Left Cwy Nearside/Rebound,Hit Nr/Off Bar,Front Hit First,Other/Not Known,Female,43,35-64
1210321430,Newham,17,543723,180978,2,Car,Car,Turning Right,No Skidding/Overturn,On Main CW - Not Rest.,Jct Cleared,None,Did Not Leave,None,Front Hit First,Comm To/From Work,Male,24,17-24
1210321432,Harrow,29,515479,190389,1,Car,Car,Reversing,No Skidding/Overturn,On Main CW - Not Rest.,Entering Main Rd,None,Did Not Leave,None,Front Hit First,Other/Not Known,Male,42,35-64
1210321436,Barnet,30,527553,192420,1,Car,Car,Slowing Or Stopping,No Skidding/Overturn,On Main CW - Not Rest.,Jct App,None,Did Not Leave,None,Front Hit First,Other/Not Known,Male,42,35-64
1210321440,Redbridge,14,546358,187407,1,Car,Car,Going Ahead Other,No Skidding/Overturn,On Main CW - Not Rest.,Jct Mid,None,Did Not Leave,None,Front Hit First,Other/Not Known,Male,57,35-64
1210321446,Kingston-Upon-Thames,23,518635,171028,1,Car,Car,Going Ahead Other,No Skidding/Overturn,On Main CW - Not Rest.,Entering R'about,None,Did Not Leave,None,Front Hit First,Other/Not Known,Female,58,35-64
1210321449,Enfield,32,533952,194526,1,Car,Car,Unknown (S/R),Unknown (S/R),Unknown (S/R),Unknown (S/R),Unknown (S/R),Unknown (S/R),Unknown (S/R),Front Hit First,Comm To/From Work,Male,42,35-64
1210321453,Greenwich,6,544064,178385,1,Car,Car,Unknown (S/R),Unknown (S/R),Unknown (S/R),Unknown (S/R),Unknown (S/R),Unknown (S/R),Unknown (S/R),Front Hit First,Comm To/From Work,Male,53,35-64
1210321469,Camden,2,529420,183465,1,Goods Vehicle,GDS =< 3.5T,Going Ahead Other,No Skidding/Overturn,On Main CW - Not Rest.,Jct Mid,None,Did Not Leave,None,Front Hit First,Jny Part Of Work,Male,44,35-64
1210321501,Kingston-Upon-Thames,23,518080,164445,1,Car,Car,Going Ahead Left Bend,No Skidding/Overturn,On Main CW - Not Rest.,Jct App,None,Did Not Leave,None,Front Hit First,Jny Part Of Work,Female,45,35-64
1210321509,Lambeth,9,530491,176493,1,Goods Vehicle,GDS =< 3.5T,Slowing Or Stopping,No Skidding/Overturn,On Main CW - Not Rest.,Jct App,None,Did Not Leave,None,Front Hit First,Other/Not Known,Male,59,35-64
1210321511,Haringey,31,528984,190479,2,Car,Car,Unknown (S/R),Unknown (S/R),Unknown (S/R),Unknown (S/R),Unknown (S/R),Unknown (S/R),Unknown (S/R),Front Hit First,Unknown,Female,66,65+
1210321519,Hammersmith & Fulham,11,522642,178697,1,Goods Vehicle,GDS =< 3.5T,Going Ahead Other,No Skidding/Overturn,On Main CW - Not Rest.,Not At Jct,None,Did Not Leave,None,Front Hit First,Jny Part Of Work,Male,51,35-64
1210321524,Havering,15,553132,182481,1,Car,Car,Going Ahead Other,No Skidding/Overturn,On Main CW - Not Rest.,Jct App,None,Did Not Leave,None,Front Hit First,Comm To/From Work,Female,43,35-64
1210321526,Westminster,1,525062,182060,1,Car,Car,Going Ahead Other,No Skidding/Overturn,On Main CW - Not Rest.,Jct App,None,Did Not Leave,None,Front Hit First,Other/Not Known,Male,58,35-64
1210321529,Ealing,27,516697,180445,1,Goods Vehicle,GDS => 7.5T,Going Ahead Other,No Skidding/Overturn,On Main CW - Not Rest.,Jct App,None,Did Not Leave,None,Front Hit First,Jny Part Of Work,Male,72,65+
1210321534,Southwark,8,531533,179438,2,Car,Car,Slowing Or Stopping,No Skidding/Overturn,On Main CW - Not Rest.,Jct App,None,Did Not Leave,None,Front Hit First,Unknown,Male,35,35-64
1210321537,Bexley,18,550523,177831,1,Car,Car,Going Ahead Other,No Skidding/Overturn,On Main CW - Not Rest.,Jct Mid,None,Did Not Leave,None,Front Hit First,Comm To/From Work,Male,61,35-64
1210321542,Barnet,30,521584,188555,2,Car,Car,Slowing Or Stopping,No Skidding/Overturn,On Main CW - Not Rest.,Jct App,None,Did Not Leave,None,Front Hit First,Unknown,Male,42,35-64
1210321543,Camden,2,526003,186287,1,Car,Car,Going Ahead Right Bend,No Skidding/Overturn,On Main CW - Not Rest.,Jct App,None,Did Not Leave,None,Front Hit First,Unknown,Male,60,35-64
1210321550,Hackney,4,535001,183718,1,Car,Car,Unknown (S/R),Unknown (S/R),Unknown (S/R),Unknown (S/R),Unknown (S/R),Unknown (S/R),Unknown (S/R),Front Hit First,Other/Not Known,Male,47,35-64
1210321551,Merton,22,526133,168148,2,Car,Car,Unknown (S/R),Unknown (S/R),Unknown (S/R),Unknown (S/R),Unknown (S/R),Unknown (S/R),Unknown (S/R),Front Hit First,Unknown,Not Traced,72,65+
1210321559,Sutton,21,529700,165043,1,Car,Car,Going Ahead Other,Skid/Over,On Main CW - Not Rest.,Not At Jct,Hit Oth Object,Did Not Leave,None,Front Hit First,Unknown,Male,51,35-64
1210321573,Sutton,21,525001,163836,2,Car,Car,Unknown (S/R),Unknown (S/R),Unknown (S/R),Unknown (S/R),Unknown (S/R),Unknown (S/R),Unknown (S/R),Front Hit First,Unknown,Male,70,65+
1210321580,Enfield,32,537057,198737,1,Car,Car,Turning Right,No Skidding/Overturn,On Main CW - Not Rest.,Jct App,None,Did Not Leave,None,Front Hit First,Other/Not Known,Female,74,65+
1210321610,Lewisham,7,534310,171473,1,Car,Car,Turning Right,No Skidding/Overturn,On Main CW - Not Rest.,Jct Mid,None,Did Not Leave,None,Front Hit First,Other/Not Known,Male,58,35-64
1210321620,Haringey,31,534442,189593,1,Car,Car,Turning Right,No Skidding/Overturn,On Main CW - Not Rest.,Entering Main Rd,None,Did Not Leave,None,Front Hit First,Comm To/From Work,Male,32,25-34
1210321621,Croydon,20,529364,161692,1,Car,Car,Going Ahead Other,No Skidding/Overturn,On Main CW - Not Rest.,Jct Mid,Hit Open Door,Did Not Leave,None,Front Hit First,Other/Not Known,Male,63,35-64
1210321622,Hillingdon,26,510692,188873,2,Car,Car,Turning Right,No Skidding/Overturn,On Main CW - Not Rest.,Jct App,None,Did Not Leave,None,Front Hit First,Other/Not Known,Male,39,35-64
1210321632,Brent,28,519512,186589,1,Car,Car,Going Ahead Other,No Skidding/Overturn,On Main CW - Not Rest.,Leaving Main Rd,None,Did Not Leave,None,Front Hit First,Unknown,Male,48,35-64
1210321643,Barking & Dagenham,16,548233,185923,1,Car,Car,Going Ahead Other,No Skidding/Overturn,On Main CW - Not Rest.,Jct App,None,Did Not Leave,None,Front Hit First,Other/Not Known,Male,61,35-64
1210321644,Southwark,8,531946,180246,1,Car,Car,Slowing Or Stopping,No Skidding/Overturn,On Main CW - Not Rest.,Jct App,None,Left Cwy Nearside,None,Front Hit First,Jny Part Of Work,Female,46,35-64
1210321650,Hackney,4,532063,187473,1,Car,Car,Going Ahead Other,No Skidding/Overturn,On Main CW - Not Rest.,Jct Mid,None,Did Not Leave,None,Front Hit First,Other/Not Known,Male,27,25-34
1210321654,Westminster,1,527356,181521,1,Car,Car,U-turning,No Skidding/Overturn,On Main CW - Not Rest.,Not At Jct,None,Did Not Leave,None,Front Hit First,Other/Not Known,Female,20,17-24
1210321663,Southwark,8,533804,175245,1,Goods Vehicle,GDS =< 3.5T,Going Ahead Other,No Skidding/Overturn,On Main CW - Not Rest.,Jct Cleared,None,Did Not Leave,None,Front Hit First,Jny Part Of Work,Male,54,35-64
1210321664,Redbridge,14,544500,188146,1,Private Hire,Private Hire - Licensed,Moving Off,No Skidding/Overturn,On Main CW - Not Rest.,Jct Cleared,None,Did Not Leave,None,Front Hit First,Jny Part Of Work,Male,39,35-64
1210321668,Hounslow,25,512019,178495,1,Car,Car,Going Ahead Other,Skidded,Footway,Jct App,None,Left Cwy Nearside,Hit Oth Object,Front Hit First,Unknown,Male,28,25-34
1210321670,Hillingdon,26,511748,181957,1,Car,Car,Turning Right,No Skidding/Overturn,On Main CW - Not Rest.,Leaving R'about,None,Did Not Leave,None,Front Hit First,Other/Not Known,Male,29,25-34
1210321671,Westminster,1,529302,180693,1,Taxi,Taxi,Overtake Stat Veh O/S,No Skidding/Overturn,On Main CW - Not Rest.,Jct Cleared,None,Did Not Leave,None,Front Hit First,Unknown,Male,30,25-34
1210321672,Croydon,20,532772,170000,1,Car,Car,Overtake Stat Veh O/S,No Skidding/Overturn,On Main CW - Not Rest.,Jct App,Hit Parked Veh,Did Not Leave,None,Front Hit First,Other/Not Known,Male,44,35-64
1210321678,Hillingdon,26,511738,181972,1,Car,Car,Going Ahead Other,Skidded,On Main CW - Not Rest.,Leaving R'about,None,Left Cwy Ahead At Junctn,Hit Oth Object,Front Hit First,Unknown,Male,26,25-34
1210321687,Tower Hamlets,5,534983,181831,2,Car,Car,Unknown (S/R),Unknown (S/R),Unknown (S/R),Unknown (S/R),Unknown (S/R),Unknown (S/R),Unknown (S/R),Front Hit First,Unknown,Female,52,35-64
1210321700,Bromley,19,537970,168563,1,Car,Car,Going Ahead Other,Skidded,On Main CW - Not Rest.,Leaving R'about,None,Left Cwy Offside,Wall Or Fence,Front Hit First,Other/Not Known,Male,29,25-34
1210321704,Southwark,8,532153,179530,2,Taxi,Taxi,Unknown (S/R),Unknown (S/R),Unknown (S/R),Not At Jct,Unknown (S/R),Unknown (S/R),Unknown (S/R),Front Hit First,Unknown,Male,64,35-64
1210321736,Hounslow,25,510606,173133,1,Car,Car,Going Ahead Other,No Skidding/Overturn,On Main CW - Not Rest.,Not At Jct,None,Did Not Leave,None,Front Hit First,Unknown,Male,50,35-64
1210321739,Barking & Dagenham,16,543627,184046,2,Car,Car,Unknown (S/R),Unknown (S/R),Unknown (S/R),Entering R'about,Unknown (S/R),Unknown (S/R),Unknown (S/R),Front Hit First,Unknown,Not Traced,54,35-64
1210321745,Islington,3,530806,185060,1,Car,Car,Going Ahead Other,No Skidding/Overturn,On Main CW - Not Rest.,Jct Mid,None,Did Not Leave,None,Front Hit First,Unknown,Male,20,17-24
1210321746,Ealing,27,511235,183695,1,Goods Vehicle,GDS =< 3.5T,Moving Off,No Skidding/Overturn,On Main CW - Not Rest.,Jct App,None,Did Not Leave,None,Front Hit First,Unknown,Male,50,35-64
1210321774,Hounslow,25,519314,178329,1,Car,Car,Unknown (S/R),Unknown (S/R),Unknown (S/R),Unknown (S/R),Unknown (S/R),Unknown (S/R),Unknown (S/R),Front Hit First,Other/Not Known,Female,50,35-64
1210321778,Kingston-Upon-Thames,23,518272,165902,1,Car,Car,Turning Left,No Skidding/Overturn,On Main CW - Not Rest.,Jct App,None,Did Not Leave,None,Front Hit First,Other/Not Known,Male,33,25-34
1210321801,Hounslow,25,521264,178525,2,Car,Car,Unknown (S/R),Unknown (S/R),Unknown (S/R),Unknown (S/R),Unknown (S/R),Unknown (S/R),Unknown (S/R),Front Hit First,Unknown,Not Traced,44,35-64
1210321803,Hillingdon,26,509776,180291,1,Car,Car,Going Ahead Other,No Skidding/Overturn,On Main CW - Not Rest.,Jct App,None,Did Not Leave,None,Front Hit First,Other/Not Known,Female,31,25-34
1210321806,Bromley,19,543716,164530,1,Car,Car,Going Ahead Other,Skidded,Footway,Jct App,Hit Bollard,Left Cwy Nearside,Hit Telegraph,Front Hit First,Other/Not Known,Male,72,65+
1210321826,Haringey,31,531994,190056,2,Car,Car,Going Ahead Other,No Skidding/Overturn,On Main CW - Not Rest.,Jct App,None,Did Not Leave,None,Front Hit First,Jny Part Of Work,Female,24,17-24
1210321829,Waltham Forest,13,537085,189815,1,Car,Car,Moving Off,No Skidding/Overturn,On Main CW - Not Rest.,Jct App,None,Did Not Leave,None,Front Hit First,Other/Not Known,Male,21,17-24
1210321840,Hillingdon,26,506183,178902,1,Goods Vehicle,GDS =< 3.5T,Going Ahead Right Bend,No Skidding/Overturn,Footway,Not At Jct,None,Left Cwy Offside,Hit Tree,Front Hit First,Unknown,Male,32,25-34
1210321842,Southwark,8,534164,177997,2,Car,Car,Going Ahead Other,No Skidding/Overturn,On Main CW - Not Rest.,Jct App,None,Did Not Leave,None,Front Hit First,Unknown,Male,21,17-24
1210321850,Haringey,31,532071,188875,1,Car,Car,Going Ahead Other,No Skidding/Overturn,On Main CW - Not Rest.,Not At Jct,Hit Bollard,Did Not Leave,None,Front Hit First,Comm To/From Work,Male,27,25-34
1210321855,Kingston-Upon-Thames,23,518689,169326,1,Car,Car,Going Ahead Other,No Skidding/Overturn,On Main CW - Not Rest.,Jct App,None,Did Not Leave,None,Front Hit First,Jny Part Of Work,Male,45,35-64
1210321857,Ealing,27,516668,183267,2,Car,Car,Going Ahead Other,No Skidding/Overturn,On Main CW - Not Rest.,Not At Jct,None,Did Not Leave,None,Front Hit First,Other/Not Known,Female,22,17-24
1210321863,Barking & Dagenham,16,548178,184435,1,Car,Car,Going Ahead Other,Overturn,On Main CW - Not Rest.,Jct Cleared,Hit Parked Veh,Did Not Leave,None,Front Hit First,Other/Not Known,Male,34,25-34
1210321864,Sutton,21,523851,163419,1,Car,Car,Going Ahead Other,Skidded,On Main CW - Not Rest.,Not At Jct,None,Left Cwy Nearside,Hit Lamp Post,Front Hit First,Other/Not Known,Male,19,17-24
1210321865,Ealing,27,518350,182896,2,Car,Car,Overtake Move Veh O/S,No Skidding/Overturn,On Main CW - Not Rest.,Jct App,None,Did Not Leave,None,Front Hit First,Unknown,Male,56,35-64
1210321879,Kingston-Upon-Thames,23,521574,170600,1,Car,Car,Going Ahead Other,No Skidding/Overturn,On Main CW - Not Rest.,Not At Jct,None,Did Not Leave,None,Front Hit First,Other/Not Known,Male,32,25-34
1210321882,Lambeth,9,529443,175276,1,Car,Car,Going Ahead Other,No Skidding/Overturn,On Main CW - Not Rest.,Jct App,None,Did Not Leave,None,Front Hit First,Other/Not Known,Male,32,25-34
1210321890,Greenwich,6,540226,178773,1,Car,Car,Unknown (S/R),Unknown (S/R),Unknown (S/R),Not At Jct,Unknown (S/R),Unknown (S/R),Unknown (S/R),Front Hit First,Other/Not Known,Female,29,25-34
1210321944,Newham,17,540356,183476,1,Car,Car,Going Ahead Right Bend,No Skidding/Overturn,On Main CW - Not Rest.,Jct Mid,None,Did Not Leave,None,Front Hit First,Unknown,Female,51,35-64
1210321949,Barking & Dagenham,16,545302,185038,1,Car,Car,Going Ahead Other,No Skidding/Overturn,On Main CW - Not Rest.,Jct Cleared,None,Did Not Leave,None,Front Hit First,Other/Not Known,Male,39,35-64
1210321958,Brent,28,523122,184680,1,Other Vehicle,Other Vehicle,Going Ahead Other,Skid/Over,On Main CW - Not Rest.,Jct App,None,Did Not Leave,None,Front Hit First,Unknown,Male,22,17-24
1210321969,Haringey,31,532651,191370,1,Car,Car,Waiting To Turn Right,No Skidding/Overturn,On Main CW - Not Rest.,Leaving Main Rd,None,Did Not Leave,None,Front Hit First,Other/Not Known,Male,43,35-64
1210321972,Newham,17,539094,183366,1,Car,Car,Going Ahead Other,No Skidding/Overturn,On Main CW - Not Rest.,Not At Jct,None,Did Not Leave,None,Front Hit First,Jny Part Of Work,Male,37,35-64
1210321977,Lambeth,9,530811,179880,1,Private Hire,Private Hire - Licensed,Overtake Stat Veh O/S,No Skidding/Overturn,On Main CW - Not Rest.,Not At Jct,None,Did Not Leave,None,Front Hit First,Jny Part Of Work,Male,32,25-34
1210321994,Wandsworth,10,523674,173660,1,Car,Car,Going Ahead Other,No Skidding/Overturn,On Main CW - Not Rest.,Not At Jct,None,Did Not Leave,None,Front Hit First,Jny Part Of Work,Female,32,25-34
1210321998,Barnet,30,525512,191072,1,Car,Car,Going Ahead Other,No Skidding/Overturn,On Main CW - Not Rest.,Jct App,Hit Parked Veh,Did Not Leave,None,Front Hit First,Other/Not Known,Female,24,17-24
1210322001,Ealing,27,512433,179056,1,Car,Car,Going Ahead Other,No Skidding/Overturn,On Main CW - Not Rest.,Jct App,None,Did Not Leave,None,Front Hit First,Other/Not Known,Male,23,17-24
1210322008,Newham,17,543481,183878,2,Car,Car,Moving Off,No Skidding/Overturn,On Main CW - Not Rest.,Jct App,None,Did Not Leave,None,Front Hit First,Other/Not Known,Male,33,25-34
1210322012,Hammersmith & Fulham,11,522771,179500,2,Car,Car,Turning Left,No Skidding/Overturn,On Main CW - Not Rest.,Jct App,None,Did Not Leave,None,Front Hit First,Unknown,Male,43,35-64
1210322014,Camden,2,528528,184277,2,Car,Car,Turning Right,No Skidding/Overturn,On Main CW - Not Rest.,Jct App,None,Did Not Leave,None,Front Hit First,Other/Not Known,Male,19,17-24
1210322018,Brent,28,524343,184215,1,Car,Car,Turning Right,No Skidding/Overturn,On Main CW - Not Rest.,Jct App,None,Did Not Leave,None,Front Hit First,Unknown,Male,52,35-64
1210322026,Hackney,4,536148,184322,1,Car,Car,Moving Off,No Skidding/Overturn,On Main CW - Not Rest.,Jct App,None,Did Not Leave,None,Front Hit First,Other/Not Known,Male,29,25-34
1210322032,Havering,15,549860,189061,2,Car,Car,Going Ahead Other,No Skidding/Overturn,On Main CW - Not Rest.,Not At Jct,None,Did Not Leave,None,Front Hit First,Other/Not Known,Male,25,25-34
1210322046,Greenwich,6,541907,175020,1,Car,Car,Overtake Move Veh O/S,Skid/Over,On Main CW - Not Rest.,Not At Jct,None,Did Not Leave,None,Front Hit First,Other/Not Known,Male,20,17-24
1210322056,Ealing,27,512443,180429,2,Car,Car,Going Ahead Other,No Skidding/Overturn,On Main CW - Not Rest.,Jct App,None,Did Not Leave,None,Front Hit First,Unknown,Male,22,17-24
1210322073,Bromley,19,547510,168953,2,Car,Car,Going Ahead Other,No Skidding/Overturn,On Main CW - Not Rest.,Jct App,None,Did Not Leave,None,Front Hit First,Other/Not Known,Male,30,25-34
1210322080,Redbridge,14,541655,188333,1,Car,Car,Going Ahead Left Bend,No Skidding/Overturn,On Main CW - Not Rest.,Entering R'about,None,Left Cwy Offside,Wall Or Fence,Front Hit First,Other/Not Known,Female,36,35-64
1210322102,Croydon,20,530836,166727,1,Car,Car,Going Ahead Other,No Skidding/Overturn,On Main CW - Not Rest.,Jct Mid,None,Did Not Leave,None,Front Hit First,Other/Not Known,Male,52,35-64
1210322108,Kingston-Upon-Thames,23,517924,169471,2,Bus Or Coach,London Bus,Moving Off,No Skidding/Overturn,On Main CW - Not Rest.,Jct Mid,None,Did Not Leave,None,Front Hit First,Jny Part Of Work,Male,54,35-64
1210322119,Hounslow,25,510478,176828,2,Car,Car,Going Ahead Other,No Skidding/Overturn,On Main CW - Not Rest.,Jct App,None,Did Not Leave,None,Front Hit First,Unknown,Male,23,17-24
1210322124,Bromley,19,547084,169266,1,Goods Vehicle,GDS =< 3.5T,Turning Right,No Skidding/Overturn,On Main CW - Not Rest.,Entering Main Rd,None,Did Not Leave,None,Front Hit First,Jny Part Of Work,Male,30,25-34
1210322135,Kensington & Chelsea,12,525901,178672,1,Car,Car,Going Ahead Other,No Skidding/Overturn,On Main CW - Not Rest.,Entering R'about,None,Did Not Leave,None,Front Hit First,Other/Not Known,Male,38,35-64
1210322136,Westminster,1,527032,183025,2,Car,Car,U-turning,No Skidding/Overturn,On Main CW - Not Rest.,Jct Mid,None,Did Not Leave,None,Front Hit First,Other/Not Known,Female,49,35-64
1210322152,Waltham Forest,13,537265,191136,4,Car,Car,Slowing Or Stopping,No Skidding/Overturn,On Main CW - Not Rest.,Not At Jct,None,Did Not Leave,None,Front Hit First,Other/Not Known,Male,25,25-34
1210322162,Ealing,27,518728,179984,1,Car,Car,Going Ahead Held Up,No Skidding/Overturn,On Main CW - Not Rest.,Jct App,None,Did Not Leave,None,Front Hit First,Other/Not Known,Male,30,25-34
1210322164,Ealing,27,512851,184070,2,Car,Car,Turning Right,No Skidding/Overturn,On Main CW - Not Rest.,Entering Main Rd,None,Did Not Leave,None,Front Hit First,Unknown,Male,28,25-34
1210322170,Havering,15,556884,192315,1,Car,Car,Unknown (S/R),Unknown (S/R),On Main CW - Not Rest.,Leaving R'about,Unknown (S/R),Unknown (S/R),Unknown (S/R),Front Hit First,Other/Not Known,Male,61,35-64
1210322189,Ealing,27,515474,181707,1,Goods Vehicle,GDS =< 3.5T,Going Ahead Other,No Skidding/Overturn,On Main CW - Not Rest.,Not At Jct,Hit Parked Veh,Did Not Leave,None,Front Hit First,Unknown,Male,46,35-64
1210322190,Hackney,4,532736,187955,1,Car,Car,Going Ahead Other,No Skidding/Overturn,On Main CW - Not Rest.,Jct App,None,Did Not Leave,None,Front Hit First,Other/Not Known,Male,30,25-34
1210322196,Ealing,27,520794,182102,1,Other Vehicle,Other Vehicle,Going Ahead Other,No Skidding/Overturn,On Main CW - Not Rest.,Not At Jct,None,Did Not Leave,None,Front Hit First,Other/Not Known,Female,24,17-24
1210322216,Tower Hamlets,5,536954,181403,1,Car,Car,Unknown (S/R),Unknown (S/R),Unknown (S/R),Not At Jct,Unknown (S/R),Unknown (S/R),Unknown (S/R),Front Hit First,Other/Not Known,Male,20,17-24
1210322222,Enfield,32,529175,191893,1,Car,Car,Going Ahead Other,No Skidding/Overturn,On Main CW - Not Rest.,Jct App,None,Left Cwy Onto Central Res,Hit Rd Sign/Ats,Front Hit First,Other/Not Known,Male,28,25-34
1210322229,Hounslow,25,513384,172534,2,Car,Car,Going Ahead Other,Overturn,On Main CW - Not Rest.,Not At Jct,Hit Kerb,Did Not Leave,None,Front Hit First,Unknown,Male,28,25-34
1210322230,Greenwich,6,543572,175126,2,Car,Car,Going Ahead Other,No Skidding/Overturn,On Main CW - Not Rest.,Not At Jct,None,Did Not Leave,None,Front Hit First,Other/Not Known,Male,22,17-24
1210322231,Richmond-Upon-Thames,24,514048,173185,1,Car,Car,Going Ahead Other,No Skidding/Overturn,On Main CW - Not Rest.,Not At Jct,None,Left Cwy Offside,None,Front Hit First,Other/Not Known,Male,31,25-34