_Collision Id,Borough Name,Borough Number,Easting,Northing,_Vehicle Id,Vehicle Type Banded,Vehicle Type,Vehicle Manoeuvres,Vehicle Skidding and Overturning,Vehicle Restricted Lane,Location of Vehicle at First Impact,Vehicle Hit Object in Carriageway,Vehicle Leaving Carriageway,Vehicle Hit Object Off Carriageway,First Point of Impact,Journey Purpose,Driver Gender,Driver Age,Driver age (Banded)
1210325172,Barnet,30,524208,196880,1,Car,Car,Going Ahead Other,No Skidding/Overturn,On Main CW - Not Rest.,Jct Cleared,None,Left Cwy Offside,Wall Or Fence,Front Hit First,Other/Not Known,Male,30,25-34
1210325176,Greenwich,6,539457,176760,3,Car,Car,Going Ahead Other,No Skidding/Overturn,On Main CW - Not Rest.,Not At Jct,None,Did Not Leave,None,Front Hit First,Unknown,Female,49,35-64
1210325177,Ealing,27,511626,183140,1,Car,Car,Unknown (S/R),Unknown (S/R),Unknown (S/R),Unknown (S/R),Unknown (S/R),Unknown (S/R),Unknown (S/R),Front Hit First,Other/Not Known,Male,52,35-64
1210325179,Barnet,30,521902,190943,2,Car,Car,Going Ahead Other,No Skidding/Overturn,On Main CW - Not Rest.,Not At Jct,Hit Parked Veh,Did Not Leave,None,Front Hit First,Unknown,Female,57,35-64
1210325180,Merton,22,522284,168147,1,Car,Car,Slowing Or Stopping,No Skidding/Overturn,On Main CW - Not Rest.,Jct App,None,Did Not Leave,None,Front Hit First,Other/Not Known,Female,89,65+
1210325189,Hammersmith & Fulham,11,523403,179751,1,Car,Car,Moving Off,No Skidding/Overturn,On Main CW - Not Rest.,Jct Mid,None,Did Not Leave,None,Front Hit First,Comm To/From Work,Male,49,35-64
1210325200,Southwark,8,532818,177774,1,Car,Car,Slowing Or Stopping,No Skidding/Overturn,On Main CW - Not Rest.,Not At Jct,None,Did Not Leave,None,Front Hit First,Unknown,Female,21,17-24
1210325209,Brent,28,519959,184197,2,Car,Car,Going Ahead Other,No Skidding/Overturn,On Main CW - Not Rest.,Jct App,None,Did Not Leave,None,Front Hit First,Jny Part Of Work,Male,32,25-34
1210325216,Tower Hamlets,5,534652,180902,1,Car,Car,Going Ahead Other,No Skidding/Overturn,On Main CW - Not Rest.,Jct Mid,None,Did Not Leave,None,Front Hit First,Other/Not Known,Male,22,17-24
1210325229,Enfield,32,528938,194723,1,Car,Car,Going Ahead Other,No Skidding/Overturn,On Main CW - Not Rest.,Jct Mid,None,Did Not Leave,None,Front Hit First,Other/Not Known,Female,28,25-34
1210325241,Hackney,4,533272,182354,1,Car,Car,Unknown (S/R),Unknown (S/R),Unknown (S/R),Unknown (S/R),Unknown (S/R),Unknown (S/R),Unknown (S/R),Front Hit First,Other/Not Known,Male,49,35-64
1210325258,Lambeth,9,532168,172692,2,Car,Car,Unknown (S/R),Unknown (S/R),Unknown (S/R),Not At Jct,Unknown (S/R),Unknown (S/R),Unknown (S/R),Front Hit First,Unknown,Not Traced,46,35-64
1210325260,Southwark,8,535040,174586,1,Car,Car,Unknown (S/R),Unknown (S/R),Unknown (S/R),Unknown (S/R),Unknown (S/R),Unknown (S/R),Unknown (S/R),Front Hit First,Other/Not Known,Male,48,35-64
1210325277,Bromley,19,542235,166441,2,Car,Car,Waiting To Turn Left,Unknown (S/R),Unknown (S/R),Unknown (S/R),Unknown (S/R),Did Not Leave,None,Front Hit First,Unknown,Not Traced,45,35-64
1210325295,Ealing,27,517054,180871,1,Car,Car,Going Ahead Other,No Skidding/Overturn,On Main CW - Not Rest.,Jct App,None,Did Not Leave,None,Front Hit First,Other/Not Known,Male,80,65+
1210325302,Brent,28,518490,186197,1,Car,Car,Turning Right,No Skidding/Overturn,On Main CW - Not Rest.,Jct Mid,None,Did Not Leave,None,Front Hit First,Unknown,Female,51,35-64
1210325325,Redbridge,14,546817,189172,2,Goods Vehicle,GDS =< 3.5T,Turning Right,No Skidding/Overturn,On Main CW - Not Rest.,Leaving Main Rd,None,Did Not Leave,None,Front Hit First,Jny Part Of Work,Male,40,35-64
1210325329,Enfield,32,532520,193402,1,Car,Car,Parked,Unknown (S/R),Unknown (S/R),Unknown (S/R),Unknown (S/R),Unknown (S/R),Unknown (S/R),Front Hit First,Unknown,Female,29,25-34
1210325349,Camden,2,525192,185792,1,Car,Car,Going Ahead Other,No Skidding/Overturn,On Main CW - Not Rest.,Jct App,None,Left Cwy Nearside,Hit Oth Object,Front Hit First,Other/Not Known,Female,70,65+
1210325351,Hackney,4,535751,185085,1,Car,Car,Unknown (S/R),Unknown (S/R),Unknown (S/R),Unknown (S/R),Unknown (S/R),Unknown (S/R),Unknown (S/R),Front Hit First,Jny Part Of Work,Female,24,17-24
1210325355,Tower Hamlets,5,537461,182551,2,Car,Car,Going Ahead Other,No Skidding/Overturn,On Main CW - Not Rest.,Jct Cleared,None,Did Not Leave,None,Front Hit First,Unknown,Male,29,25-34
1210325356,Wandsworth,10,528753,174289,2,Other Vehicle,Other Vehicle,Going Ahead Other,No Skidding/Overturn,On Main CW - Not Rest.,Not At Jct,None,Did Not Leave,None,Front Hit First,Unknown,Male,59,35-64
1210325365,Sutton,21,528786,164388,1,Car,Car,Unknown (S/R),Unknown (S/R),Unknown (S/R),Unknown (S/R),Unknown (S/R),Unknown (S/R),Unknown (S/R),Front Hit First,Other/Not Known,Male,56,35-64
1210325366,Barking & Dagenham,16,546594,184131,2,Car,Car,Moving Off,No Skidding/Overturn,Footway,Entering Main Rd,None,Did Not Leave,None,Front Hit First,Other/Not Known,Female,32,25-34
1210325367,Redbridge,14,541394,189313,2,Goods Vehicle,GDS => 7.5T,Going Ahead Other,No Skidding/Overturn,On Main CW - Not Rest.,Not At Jct,None,Did Not Leave,None,Front Hit First,Jny Part Of Work,Male,32,25-34
1210325378,Barnet,30,526332,192454,2,Car,Car,Turning Right,No Skidding/Overturn,On Main CW - Not Rest.,Jct App,None,Did Not Leave,None,Front Hit First,Other/Not Known,Male,36,35-64
1210325380,Southwark,8,532772,180300,1,Car,Car,Turning Right,No Skidding/Overturn,On Main CW - Not Rest.,Jct App,None,Did Not Leave,None,Front Hit First,Jny Part Of Work,Male,31,25-34
1210325391,Bexley,18,547646,175548,1,Car,Car,Going Ahead Other,No Skidding/Overturn,On Main CW - Not Rest.,Jct Mid,Hit Bollard,Did Not Leave,None,Front Hit First,Other/Not Known,Male,20,17-24
1210325397,Westminster,1,529644,180654,1,Car,Car,Going Ahead Other,No Skidding/Overturn,On Main CW - Not Rest.,Jct Cleared,None,Did Not Leave,None,Front Hit First,Jny Part Of Work,Male,52,35-64
1210325401,Haringey,31,532254,190525,2,Car,Car,Going Ahead Held Up,No Skidding/Overturn,On Main CW - Not Rest.,Jct App,None,Did Not Leave,None,Front Hit First,Unknown,Male,27,25-34
1210325402,Havering,15,550650,182023,1,Car,Car,Going Ahead Left Bend,No Skidding/Overturn,On Main CW - Not Rest.,Not At Jct,None,Did Not Leave,None,Front Hit First,Jny Part Of Work,Male,50,35-64
1210325404,Lambeth,9,530595,176640,1,Taxi,Taxi,Going Ahead Other,No Skidding/Overturn,On Main CW - Not Rest.,Not At Jct,None,Did Not Leave,None,Front Hit First,Jny Part Of Work,Male,52,35-64
1210325429,Ealing,27,514944,183720,1,Goods Vehicle,GDS => 7.5T,Slowing Or Stopping,No Skidding/Overturn,On Main CW - Not Rest.,Not At Jct,None,Did Not Leave,None,Front Hit First,Jny Part Of Work,Male,24,17-24
1210325455,Westminster,1,530130,178986,1,Goods Vehicle,GDS =< 3.5T,Unknown (S/R),Unknown (S/R),Unknown (S/R),Unknown (S/R),Unknown (S/R),Unknown (S/R),Unknown (S/R),Front Hit First,Unknown,Male,40,35-64
1210325470,Kingston-Upon-Thames,23,518029,167351,1,Car,Car,Turning Right,No Skidding/Overturn,Footway,Jct Cleared,None,Left Cwy Nearside,Hit Oth Object,Front Hit First,Other/Not Known,Female,83,65+
1210325482,Westminster,1,529052,181084,1,Bus Or Coach,London Bus,Waiting To Turn Right,No Skidding/Overturn,On Main CW - Not Rest.,Jct App,None,Did Not Leave,None,Front Hit First,Jny Part Of Work,Male,46,35-64
1210325487,Brent,28,518616,184024,1,Car,Car,Going Ahead Other,No Skidding/Overturn,On Main CW - Not Rest.,Jct App,None,Did Not Leave,None,Front Hit First,Unknown,Male,42,35-64
1210325498,Tower Hamlets,5,536448,182510,1,Car,Car,Going Ahead Other,No Skidding/Overturn,On Main CW - Not Rest.,Jct Mid,None,Did Not Leave,None,Front Hit First,Unknown,Male,37,35-64
1210325505,Barnet,30,528200,193820,1,Car,Car,Turning Right,No Skidding/Overturn,On Main CW - Not Rest.,Jct App,None,Did Not Leave,None,Front Hit First,Other/Not Known,Male,31,25-34
1210325506,Camden,2,528997,183879,1,Car,Car,Moving Off,No Skidding/Overturn,On Main CW - Not Rest.,Entering Main Rd,None,Did Not Leave,None,Front Hit First,Unknown,Male,41,35-64
1210325512,Waltham Forest,13,539119,185868,1,Goods Vehicle,GDS =< 3.5T,Waiting To Turn Right,No Skidding/Overturn,On Main CW - Not Rest.,Jct App,None,Did Not Leave,None,Front Hit First,Jny Part Of Work,Male,48,35-64
1210325542,Enfield,32,534279,193231,1,Car,Car,Going Ahead Other,No Skidding/Overturn,On Main CW - Not Rest.,Jct App,None,Did Not Leave,None,Front Hit First,Other/Not Known,Male,40,35-64
1210325547,Hackney,4,532915,182541,2,Taxi,Taxi,Unknown (S/R),Unknown (S/R),Unknown (S/R),Unknown (S/R),Unknown (S/R),Unknown (S/R),Unknown (S/R),Front Hit First,Unknown,Male,48,35-64
1210325557,Barnet,30,528194,192463,2,Car,Car,Unknown (S/R),Unknown (S/R),Unknown (S/R),Unknown (S/R),Unknown (S/R),Unknown (S/R),Unknown (S/R),Front Hit First,Unknown,Female,63,35-64
1210325559,Waltham Forest,13,538567,186024,1,Car,Car,Turning Right,No Skidding/Overturn,On Main CW - Not Rest.,Jct Cleared,None,Did Not Leave,None,Front Hit First,Other/Not Known,Female,61,35-64
1210325560,Westminster,1,528955,181461,2,Car,Car,Waiting To Turn Right,No Skidding/Overturn,On Main CW - Not Rest.,Jct Cleared,None,Did Not Leave,None,Front Hit First,Other/Not Known,Male,39,35-64
1210325562,Croydon,20,532402,164969,1,Car,Car,Unknown (S/R),Unknown (S/R),Unknown (S/R),Unknown (S/R),Unknown (S/R),Unknown (S/R),Unknown (S/R),Front Hit First,Other/Not Known,Female,32,25-34
1210325565,Kingston-Upon-Thames,23,518984,169469,2,Car,Car,Waiting To Turn Right,No Skidding/Overturn,On Main CW - Not Rest.,Entering Main Rd,None,Did Not Leave,None,Front Hit First,Other/Not Known,Female,26,25-34
1210325575,Lewisham,7,537370,173556,1,Car,Car,Going Ahead Other,No Skidding/Overturn,On Main CW - Not Rest.,Not At Jct,None,Did Not Leave,None,Front Hit First,Unknown,Male,31,25-34
1210325584,Enfield,32,532057,194946,1,Car,Car,Going Ahead Other,No Skidding/Overturn,On Main CW - Not Rest.,Jct Mid,None,Did Not Leave,None,Front Hit First,Other/Not Known,Male,26,25-34
1210325588,Barnet,30,523334,189357,1,Goods Vehicle,GDS =< 3.5T,Going Ahead Other,No Skidding/Overturn,On Main CW - Not Rest.,Jct App,None,Did Not Leave,None,Front Hit First,Jny Part Of Work,Male,67,65+
1210325590,Westminster,1,528139,180781,2,Car,Car,Going Ahead Other,No Skidding/Overturn,On Main CW - Not Rest.,Jct Mid,None,Did Not Leave,None,Front Hit First,Other/Not Known,Male,61,35-64
1210325591,Croydon,20,534267,168061,2,Car,Car,Unknown (S/R),Unknown (S/R),Unknown (S/R),Unknown (S/R),Unknown (S/R),Unknown (S/R),Unknown (S/R),Front Hit First,Unknown,Not Traced,33,25-34
1210325594,Kensington & Chelsea,12,523915,182332,1,Car,Car,Going Ahead Other,No Skidding/Overturn,On Main CW - Not Rest.,Jct App,Hit Kerb,Did Not Leave,None,Front Hit First,Unknown,Male,33,25-34
1210325603,Lewisham,7,538169,171360,1,Car,Car,Unknown (S/R),Unknown (S/R),Unknown (S/R),Unknown (S/R),Unknown (S/R),Unknown (S/R),Unknown (S/R),Front Hit First,Comm To/From Work,Male,63,35-64
1210325618,Greenwich,6,545331,177820,1,Car,Car,Going Ahead Other,No Skidding/Overturn,On Main CW - Not Rest.,Jct App,Hit Parked Veh,Did Not Leave,None,Front Hit First,Other/Not Known,Male,70,65+
1210325629,Hounslow,25,513995,176907,2,Car,Car,Going Ahead Other,No Skidding/Overturn,On Main CW - Not Rest.,Not At Jct,Hit Parked Veh,Did Not Leave,None,Front Hit First,Jny Part Of Work,Male,60,35-64
1210325633,Merton,22,528764,168465,1,Car,Car,Going Ahead Other,No Skidding/Overturn,On Main CW - Not Rest.,Jct Cleared,None,Did Not Leave,None,Front Hit First,Unknown,Female,74,65+
1210325637,Wandsworth,10,528048,176621,2,Car,Car,Going Ahead Other,No Skidding/Overturn,On Main CW - Not Rest.,Leaving Main Rd,None,Did Not Leave,None,Front Hit First,Other/Not Known,Male,63,35-64
1210325638,Brent,28,517404,184412,1,Car,Car,Going Ahead Other,No Skidding/Overturn,On Main CW - Not Rest.,Not At Jct,None,Did Not Leave,None,Front Hit First,Unknown,Male,65,65+
1210325657,Newham,17,541794,186316,2,Car,Car,Going Ahead Other,No Skidding/Overturn,On Main CW - Not Rest.,Jct Mid,None,Did Not Leave,None,Front Hit First,Unknown,Female,62,35-64
1210325661,Redbridge,14,541847,191073,2,Car,Car,Slowing Or Stopping,No Skidding/Overturn,On Main CW - Not Rest.,Not At Jct,None,Did Not Leave,None,Front Hit First,Other/Not Known,Male,49,35-64
1210325669,Camden,2,529191,183562,1,Car,Car,Going Ahead Other,No Skidding/Overturn,On Main CW - Not Rest.,Jct App,None,Did Not Leave,None,Front Hit First,Other/Not Known,Female,60,35-64
1210325670,Havering,15,555284,183012,1,Car,Car,Going Ahead Other,No Skidding/Overturn,On Main CW - Not Rest.,Not At Jct,None,Did Not Leave,None,Front Hit First,Unknown,Male,35,35-64
1210325677,Redbridge,14,543295,186193,2,Car,Car,Going Ahead Other,No Skidding/Overturn,On Main CW - Not Rest.,Jct App,None,Did Not Leave,None,Front Hit First,Unknown,Male,24,17-24
1210325682,Hounslow,25,512096,172533,1,Car,Car,Turning Left,No Skidding/Overturn,On Main CW - Not Rest.,Leaving Main Rd,None,Did Not Leave,None,Front Hit First,Unknown,Male,48,35-64
1210325687,Hounslow,25,513113,178053,1,Car,Car,Going Ahead Other,Overturn,On Main CW - Not Rest.,Not At Jct,Hit Parked Veh,Did Not Leave,None,Front Hit First,Other/Not Known,Male,36,35-64
1210325688,Havering,15,556277,193085,2,Car,Car,Slowing Or Stopping,No Skidding/Overturn,On Main CW - Not Rest.,Not At Jct,None,Did Not Leave,None,Front Hit First,Jny Part Of Work,Male,24,17-24
1210325695,Croydon,20,532559,167937,1,Car,Car,Going Ahead Other,No Skidding/Overturn,Footway,Jct App,None,Left Cwy Nearside,None,Front Hit First,Unknown,Male,30,25-34
1210325699,Hillingdon,26,511744,181927,2,Car,Car,Going Ahead Other,No Skidding/Overturn,On Main CW - Not Rest.,Jct App,None,Did Not Leave,None,Front Hit First,Unknown,Male,49,35-64
1210325705,Havering,15,550565,182310,2,Bus Or Coach,London Bus,Going Ahead Other,No Skidding/Overturn,On Main CW - Not Rest.,Leaving R'about,None,Did Not Leave,None,Front Hit First,Jny Part Of Work,Male,51,35-64
1210325706,Ealing,27,516423,180359,2,Car,Car,Unknown (S/R),Unknown (S/R),Unknown (S/R),Unknown (S/R),Unknown (S/R),Unknown (S/R),Unknown (S/R),Front Hit First,Unknown,Male,75,65+
1210325711,Wandsworth,10,528701,171333,1,Car,Car,Going Ahead Other,No Skidding/Overturn,On Main CW - Not Rest.,Not At Jct,None,Did Not Leave,None,Front Hit First,Other/Not Known,Female,49,35-64
1210325712,Richmond-Upon-Thames,24,513910,172470,2,Car,Car,Going Ahead Other,No Skidding/Overturn,On Main CW - Not Rest.,Jct App,None,Did Not Leave,None,Front Hit First,Jny Part Of Work,Male,59,35-64
1210325714,Lewisham,7,536111,178522,1,Car,Car,Turning Right,No Skidding/Overturn,On Main CW - Not Rest.,Entering Main Rd,None,Did Not Leave,None,Front Hit First,Other/Not Known,Male,40,35-64
1210325719,Tower Hamlets,5,538065,182538,2,Car,Car,Going Ahead Other,No Skidding/Overturn,On Main CW - Not Rest.,Not At Jct,None,Did Not Leave,None,Front Hit First,Other/Not Known,Male,27,25-34
1210325729,Wandsworth,10,523634,173686,1,Car,Car,Overtaking Nearside,Skidded,On Main CW - Not Rest.,Jct Mid,Hit Brdg Side,Did Not Leave,None,Front Hit First,Other/Not Known,Male,22,17-24
1210325732,Southwark,8,535199,179406,1,Car,Car,Going Ahead Held Up,No Skidding/Overturn,On Main CW - Not Rest.,Not At Jct,None,Did Not Leave,None,Front Hit First,Unknown,Male,34,25-34
1210325733,Southwark,8,532448,177282,2,Car,Car,Turning Right,No Skidding/Overturn,On Main CW - Not Rest.,Jct App,None,Did Not Leave,None,Front Hit First,Unknown,Male,34,25-34
1210325734,Enfield,32,534866,196246,2,Car,Car,Going Ahead Other,No Skidding/Overturn,On Main CW - Not Rest.,Not At Jct,None,Did Not Leave,None,Front Hit First,Other/Not Known,Male,23,17-24
1210325737,Croydon,20,532773,170943,1,Car,Car,Turning Right,No Skidding/Overturn,On Main CW - Not Rest.,Leaving Main Rd,None,Did Not Leave,None,Front Hit First,Other/Not Known,Male,61,35-64
1210325742,Croydon,20,532372,160195,2,Car,Car,Moving Off,No Skidding/Overturn,On Main CW - Not Rest.,Entering Main Rd,None,Did Not Leave,None,Front Hit First,Unknown,Male,30,25-34
1210325743,Richmond-Upon-Thames,24,516800,170779,1,Car,Car,Going Ahead Other,Overturn,On Main CW - Not Rest.,Jct Mid,Hit Parked Veh,Did Not Leave,None,Front Hit First,Other/Not Known,Male,34,25-34
1210325752,Lambeth,9,529060,175895,1,Car,Car,Turning Right,No Skidding/Overturn,On Main CW - Not Rest.,Jct App,None,Did Not Leave,None,Front Hit First,Other/Not Known,Male,61,35-64
1210325754,Hammersmith & Fulham,11,521855,180275,1,Car,Car,Going Ahead Other,Overturn,On Main CW - Not Rest.,Jct App,Hit Parked Veh,Did Not Leave,None,Front Hit First,Other/Not Known,Male,36,35-64
1210325755,Lambeth,9,529778,176668,1,Car,Car,U-turning,No Skidding/Overturn,Leaving Lay-by/Hard Shldr,Jct App,None,Did Not Leave,None,Front Hit First,Other/Not Known,Male,22,17-24
1210325761,Barking & Dagenham,16,546147,183742,1,Car,Car,Parked,Unknown (S/R),Unknown (S/R),Not At Jct,Unknown (S/R),Unknown (S/R),Unknown (S/R),Front Hit First,Unknown,Male,42,35-64
1210325762,Camden,2,528824,182702,2,Car,Car,Change Lane To Right,No Skidding/Overturn,On Main CW - Not Rest.,Jct App,None,Did Not Leave,None,Front Hit First,Other/Not Known,Female,55,35-64
1210325764,Enfield,32,535714,200013,2,Car,Car,Change Lane To Left,No Skidding/Overturn,On Main CW - Not Rest.,Not At Jct,None,Did Not Leave,None,Front Hit First,Unknown,Male,32,25-34
1210325775,Hackney,4,531617,186941,1,Car,Car,Going Ahead Other,No Skidding/Overturn,On Main CW - Not Rest.,Not At Jct,None,Did Not Leave,None,Front Hit First,Other/Not Known,Male,26,25-34
1210325796,Hammersmith & Fulham,11,525515,177074,1,Car,Car,Unknown (S/R),Unknown (S/R),Unknown (S/R),Unknown (S/R),Unknown (S/R),Unknown (S/R),Unknown (S/R),Front Hit First,Other/Not Known,Female,24,17-24
1210325800,Enfield,32,535036,192809,1,Car,Car,Going Ahead Other,No Skidding/Overturn,On Main CW - Not Rest.,Jct App,None,Did Not Leave,None,Front Hit First,Unknown,Male,38,35-64
1210325802,Islington,3,530534,185926,2,Car,Car,Unknown (S/R),Unknown (S/R),Unknown (S/R),Unknown (S/R),Unknown (S/R),Unknown (S/R),Unknown (S/R),Front Hit First,Unknown,Male,29,25-34
1210325808,Lewisham,7,536586,177611,1,Car,Car,Going Ahead Left Bend,No Skidding/Overturn,On Main CW - Not Rest.,Not At Jct,None,Left Cwy Offside,Wall Or Fence,Front Hit First,Other/Not Known,Male,48,35-64
1210325818,Ealing,27,514361,182031,3,Car,Car,Going Ahead Other,No Skidding/Overturn,On Main CW - Not Rest.,Not At Jct,None,Did Not Leave,None,Front Hit First,Other/Not Known,Female,63,35-64
1210325819,Newham,17,541327,184829,1,Car,Car,Unknown (S/R),No Skidding/Overturn,On Main CW - Not Rest.,Jct Mid,None,Did Not Leave,None,Front Hit First,Other/Not Known,Male,26,25-34
1210325835,Bromley,19,542662,171434,2,Car,Car,Going Ahead Other,Unknown (S/R),Unknown (S/R),Unknown (S/R),Unknown (S/R),Did Not Leave,None,Front Hit First,Unknown,Not Traced,37,35-64
1210325845,Waltham Forest,13,538335,186333,2,Car,Car,Unknown (S/R),Unknown (S/R),Unknown (S/R),Unknown (S/R),Unknown (S/R),Unknown (S/R),Unknown (S/R),Front Hit First,Unknown,Not Traced,47,35-64
1210325850,Westminster,1,527913,181480,2,Taxi,Taxi,Unknown (S/R),Unknown (S/R),Unknown (S/R),Unknown (S/R),Unknown (S/R),Unknown (S/R),Unknown (S/R),Front Hit First,Unknown,Not Traced,47,35-64
1210325860,Hillingdon,26,509645,177051,1,Car,Car,Moving Off,Overturn,On Main CW - Not Rest.,Not At Jct,Hit Parked Veh,Did Not Leave,None,Front Hit First,Other/Not Known,Female,22,17-24
1210325868,Southwark,8,531592,179878,1,Taxi,Taxi,Turning Right,No Skidding/Overturn,On Main CW - Not Rest.,Jct App,None,Did Not Leave,None,Front Hit First,Jny Part Of Work,Male,56,35-64
1210325877,Harrow,29,518195,192784,1,Car,Car,Unknown (S/R),Unknown (S/R),Unknown (S/R),Unknown (S/R),Unknown (S/R),Unknown (S/R),Unknown (S/R),Front Hit First,Other/Not Known,Female,48,35-64
1210325888,Camden,2,529029,183821,1,Bus Or Coach,London Bus,Going Ahead Other,No Skidding/Overturn,On Main CW - Not Rest.,Jct App,None,Did Not Leave,None,Front Hit First,Jny Part Of Work,Male,60,35-64
1210325891,Newham,17,539687,184684,1,Car,Car,Overtaking Nearside,No Skidding/Overturn,On Main CW - Not Rest.,Jct App,None,Did Not Leave,None,Front Hit First,Other/Not Known,Male,31,25-34
1210325893,Tower Hamlets,5,538219,181637,3,Car,Car,Going Ahead Other,No Skidding/Overturn,On Main CW - Not Rest.,Not At Jct,None,Did Not Leave,None,Front Hit First,Other/Not Known,Male,37,35-64
1210325894,Westminster,1,525031,181166,1,Car,Car,Turning Right,No Skidding/Overturn,On Main CW - Not Rest.,Jct Cleared,None,Did Not Leave,None,Front Hit First,Other/Not Known,Female,25,25-34
1210325923,Redbridge,14,544493,188029,1,Car,Car,Unknown (S/R),Unknown (S/R),Unknown (S/R),Unknown (S/R),Unknown (S/R),Unknown (S/R),Unknown (S/R),Front Hit First,Other/Not Known,Male,34,25-34
1210325925,Hillingdon,26,508975,184543,2,Car,Car,Going Ahead Other,No Skidding/Overturn,On Main CW - Not Rest.,Not At Jct,Hit Parked Veh,Did Not Leave,None,Front Hit First,Comm To/From Work,Male,32,25-34
1210325943,Brent,28,521163,185864,1,Goods Vehicle,GDS =< 3.5T,Turning Left,No Skidding/Overturn,On Main CW - Not Rest.,Jct App,None,Did Not Leave,None,Front Hit First,Other/Not Known,Male,20,17-24
1210325950,Hackney,4,533477,182686,2,Car,Car,Unknown (S/R),Unknown (S/R),Unknown (S/R),Unknown (S/R),Unknown (S/R),Unknown (S/R),Unknown (S/R),Front Hit First,Unknown,Female,25,25-34
1210325955,Hounslow,25,517610,178194,1,Car,Car,Going Ahead Other,Overturn,On Main CW - Not Rest.,Jct Mid,None,Did Not Leave,None,Front Hit First,Unknown,Female,49,35-64
1210325960,Camden,2,529926,182687,1,Taxi,Taxi,Going Ahead Other,No Skidding/Overturn,Bus Lane,Jct Cleared,Hit Oth Object,Did Not Leave,None,Front Hit First,Other/Not Known,Male,55,35-64
1210325965,Bromley,19,539205,165472,1,Car,Car,Going Ahead Other,No Skidding/Overturn,On Main CW - Not Rest.,Entering R'about,None,Did Not Leave,None,Front Hit First,Jny Part Of Work,Male,29,25-34
1210326012,Sutton,21,529709,163591,1,Car,Car,Going Ahead Other,No Skidding/Overturn,On Main CW - Not Rest.,Jct App,None,Did Not Leave,None,Front Hit First,Comm To/From Work,Male,29,25-34
1210326019,Hackney,4,532039,187496,1,Car,Car,Turning Right,No Skidding/Overturn,On Main CW - Not Rest.,Jct Cleared,None,Did Not Leave,None,Front Hit First,Other/Not Known,Male,36,35-64
1210326024,Camden,2,530103,182383,1,Car,Car,Turning Right,No Skidding/Overturn,On Main CW - Not Rest.,Jct Mid,None,Did Not Leave,None,Front Hit First,Jny Part Of Work,Male,51,35-64
1210326027,Enfield,32,534815,195528,1,Car,Car,Turning Right,No Skidding/Overturn,On Main CW - Not Rest.,Jct Cleared,None,Did Not Leave,None,Front Hit First,Other/Not Known,Female,40,35-64
1210326028,Bromley,19,544802,167896,1,Car,Car,Going Ahead Other,No Skidding/Overturn,On Main CW - Not Rest.,Jct App,None,Did Not Leave,None,Front Hit First,Other/Not Known,Female,73,65+
1210326031,Westminster,1,526761,181050,2,Goods Vehicle,GDS =< 3.5T,Going Ahead Other,No Skidding/Overturn,On Main CW - Not Rest.,Jct App,None,Did Not Leave,None,Front Hit First,Jny Part Of Work,Male,44,35-64
1210326034,Newham,17,537942,183152,2,Other Vehicle,Other Vehicle,Going Ahead Other,No Skidding/Overturn,On Main CW - Not Rest.,Jct Mid,None,Did Not Leave,None,Front Hit First,Unknown,Male,31,25-34
1210326035,Bromley,19,537610,167202,1,Car,Car,Going Ahead Other,No Skidding/Overturn,On Main CW - Not Rest.,Not At Jct,Hit Parked Veh,Did Not Leave,None,Front Hit First,Jny Part Of Work,Male,45,35-64
1210326048,Bexley,18,551175,174785,2,Car,Car,Going Ahead Other,No Skidding/Overturn,On Main CW - Not Rest.,Not At Jct,None,Did Not Leave,None,Front Hit First,Unknown,Male,32,25-34
1210326049,Ealing,27,512666,183890,2,Car,Car,Going Ahead Other,No Skidding/Overturn,On Main CW - Not Rest.,Not At Jct,None,Did Not Leave,None,Front Hit First,Unknown,Female,34,25-34
1210326051,Newham,17,542723,182167,1,Car,Car,Going Ahead Other,No Skidding/Overturn,On Main CW - Not Rest.,Not At Jct,None,Did Not Leave,None,Front Hit First,Jny Part Of Work,Male,42,35-64
1210326059,Lewisham,7,537886,174170,1,Car,Car,Turning Right,No Skidding/Overturn,Bus Lane,Leaving Main Rd,None,Did Not Leave,None,Front Hit First,Other/Not Known,Female,50,35-64
1210326060,Lambeth,9,530758,174598,1,Other Vehicle,Other Vehicle,Going Ahead Other,No Skidding/Overturn,On Main CW - Not Rest.,Jct App,None,Left Cwy Nearside,None,Front Hit First,Unknown,Not Traced,20,17-24
1210326073,Havering,15,551464,188144,1,Car,Car,Moving Off,No Skidding/Overturn,On Main CW - Not Rest.,Jct Mid,None,Did Not Leave,None,Front Hit First,Other/Not Known,Male,38,35-64
1210326076,Wandsworth,10,527144,170979,2,Car,Car,Turning Right,No Skidding/Overturn,On Main CW - Not Rest.,Jct Mid,None,Did Not Leave,None,Front Hit First,Unknown,Not Traced,23,17-24
1210326086,Hillingdon,26,509603,181597,1,Car,Car,Going Ahead Other,No Skidding/Overturn,On Main CW - Not Rest.,Jct App,None,Did Not Leave,None,Front Hit First,Comm To/From Work,Male,45,35-64