_Collision Id,Borough Name,Borough Number,Easting,Northing,_Vehicle Id,Vehicle Type Banded,Vehicle Type,Vehicle Manoeuvres,Vehicle Skidding and Overturning,Vehicle Restricted Lane,Location of Vehicle at First Impact,Vehicle Hit Object in Carriageway,Vehicle Leaving Carriageway,Vehicle Hit Object Off Carriageway,First Point of Impact,Journey Purpose,Driver Gender,Driver Age,Driver age (Banded)
1210333093,Havering,15,552988,180995,1,Car,Car,Going Ahead Other,Skid/Over,On Main CW - Not Rest.,Not At Jct,None,Left Cwy Nearside,None,Front Hit First,Unknown,Male,25,25-34
1210333098,Hounslow,25,510451,176836,2,Car,Car,Going Ahead Other,No Skidding/Overturn,On Main CW - Not Rest.,Jct Mid,None,Did Not Leave,None,Front Hit First,Unknown,Female,59,35-64
1210333106,Hillingdon,26,506311,184320,1,Goods Vehicle,GDS =< 3.5T,Going Ahead Other,No Skidding/Overturn,On Main CW - Not Rest.,Not At Jct,Hit Parked Veh,Did Not Leave,None,Front Hit First,Comm To/From Work,Male,46,35-64
1210333107,City Of London,0,533794,181122,1,Car,Car,Unknown (S/R),Unknown (S/R),Unknown (S/R),Unknown (S/R),Unknown (S/R),Unknown (S/R),Unknown (S/R),Front Hit First,Comm To/From Work,Male,39,35-64
1210333123,Ealing,27,518635,181464,1,Private Hire,Private Hire - Licensed,Slowing Or Stopping,No Skidding/Overturn,On Main CW - Not Rest.,Not At Jct,None,Left Cwy Nearside,None,Front Hit First,Jny Part Of Work,Male,47,35-64
1210333130,Hillingdon,26,507380,177103,1,Goods Vehicle,GDS =< 3.5T,Going Ahead Other,Unknown (S/R),Unknown (S/R),Unknown (S/R),Unknown (S/R),Unknown (S/R),Unknown (S/R),Front Hit First,Unknown,Male,57,35-64
1210333132,Lambeth,9,529833,174369,1,Car,Car,Going Ahead Other,Overturn,On Main CW - Not Rest.,Not At Jct,Hit Kerb,Left Cwy Nearside,Hit Rd Sign/Ats,Front Hit First,Other/Not Known,Male,63,35-64
1210333142,Lambeth,9,532143,176030,2,Car,Car,Unknown (S/R),Unknown (S/R),Unknown (S/R),Unknown (S/R),Unknown (S/R),Unknown (S/R),Unknown (S/R),Front Hit First,Unknown,Not Traced,28,25-34
1210333150,Wandsworth,10,528002,172338,1,Goods Vehicle,GDS =< 3.5T,Turning Right,No Skidding/Overturn,On Main CW - Not Rest.,Jct Cleared,None,Did Not Leave,None,Front Hit First,Jny Part Of Work,Male,30,25-34
1210333170,Kensington & Chelsea,12,523826,181968,1,Car,Car,Going Ahead Other,No Skidding/Overturn,On Main CW - Not Rest.,Jct Mid,None,Did Not Leave,None,Front Hit First,Taking Pupil To/From Sch,Female,32,25-34
1210333189,Westminster,1,529653,178318,1,Car,Car,Slowing Or Stopping,No Skidding/Overturn,On Main CW - Not Rest.,Jct App,None,Did Not Leave,None,Front Hit First,Other/Not Known,Male,23,17-24
1210333205,Croydon,20,533548,164325,1,Car,Car,Going Ahead Other,No Skidding/Overturn,On Main CW - Not Rest.,Not At Jct,None,Did Not Leave,None,Front Hit First,Jny Part Of Work,Female,31,25-34
1210333212,Richmond-Upon-Thames,24,516791,173736,2,Private Hire,Private Hire - Licensed,Turning Right,No Skidding/Overturn,On Main CW - Not Rest.,Jct Mid,None,Did Not Leave,None,Front Hit First,Jny Part Of Work,Male,61,35-64
1210333226,Lambeth,9,530201,176087,1,Car,Car,Turning Left,No Skidding/Overturn,On Main CW - Not Rest.,Jct Mid,None,Left Cwy Nearside,None,Front Hit First,Unknown,Male,30,25-34
1210333229,Barnet,30,521438,191610,1,Car,Car,Turning Right,No Skidding/Overturn,On Main CW - Not Rest.,Leaving Main Rd,None,Did Not Leave,None,Front Hit First,Unknown,Female,49,35-64
1210333231,Bromley,19,542252,166382,1,Goods Vehicle,GDS =< 3.5T,Moving Off,No Skidding/Overturn,On Main CW - Not Rest.,Jct App,None,Did Not Leave,None,Front Hit First,Jny Part Of Work,Male,55,35-64
1210333235,Croydon,20,532109,166089,1,Car,Car,Turning Right,No Skidding/Overturn,On Main CW - Not Rest.,Jct App,None,Did Not Leave,None,Front Hit First,Other/Not Known,Female,47,35-64
1210333244,Enfield,32,527715,197499,1,Goods Vehicle,GDS =< 3.5T,Unknown (S/R),Unknown (S/R),Unknown (S/R),Unknown (S/R),Unknown (S/R),Unknown (S/R),Unknown (S/R),Front Hit First,Comm To/From Work,Male,42,35-64
1210333267,Barking & Dagenham,16,548221,184443,1,Private Hire,Private Hire - Licensed,Going Ahead Other,No Skidding/Overturn,On Main CW - Not Rest.,Not At Jct,None,Did Not Leave,None,Front Hit First,Jny Part Of Work,Male,61,35-64
1210333276,Redbridge,14,546800,189175,1,Car,Car,Turning Right,No Skidding/Overturn,On Main CW - Not Rest.,Jct Cleared,None,Did Not Leave,None,Front Hit First,Other/Not Known,Male,43,35-64
1210333283,Waltham Forest,13,537053,187678,2,Car,Car,Unknown (S/R),Unknown (S/R),Unknown (S/R),Unknown (S/R),Unknown (S/R),Unknown (S/R),Unknown (S/R),Front Hit First,Unknown,Not Traced,30,25-34
1210333309,Havering,15,551048,189045,1,Car,Car,Going Ahead Held Up,No Skidding/Overturn,On Main CW - Not Rest.,Entering R'about,None,Did Not Leave,None,Front Hit First,Other/Not Known,Female,26,25-34
1210333310,Croydon,20,532408,165924,3,Car,Car,Going Ahead Other,No Skidding/Overturn,On Main CW - Not Rest.,Not At Jct,None,Did Not Leave,None,Front Hit First,Unknown,Male,47,35-64
1210333312,Tower Hamlets,5,536822,181660,1,Car,Car,Turning Right,No Skidding/Overturn,On Main CW - Not Rest.,Jct App,None,Did Not Leave,None,Front Hit First,Comm To/From Work,Male,33,25-34
1210333320,Wandsworth,10,528204,171915,1,Car,Car,Unknown (S/R),Unknown (S/R),Unknown (S/R),Unknown (S/R),Unknown (S/R),Unknown (S/R),Unknown (S/R),Front Hit First,Other/Not Known,Female,31,25-34
1210333330,Barking & Dagenham,16,546051,183557,1,Goods Vehicle,GDS =< 3.5T,Moving Off,No Skidding/Overturn,Cycleway/Footway (Separated),Entering Main Rd,None,Did Not Leave,None,Front Hit First,Comm To/From Work,Male,55,35-64
1210333332,Hounslow,25,511837,176414,1,Car,Car,Going Ahead Other,No Skidding/Overturn,On Main CW - Not Rest.,Jct Cleared,None,Did Not Leave,None,Front Hit First,Other/Not Known,Female,23,17-24
1210333340,Harrow,29,514072,191102,1,Car,Car,Turning Right,No Skidding/Overturn,On Main CW - Not Rest.,Leaving Main Rd,None,Did Not Leave,None,Front Hit First,Unknown,Male,31,25-34
1210333341,Croydon,20,530744,166876,1,Car,Car,Moving Off,No Skidding/Overturn,On Main CW - Not Rest.,Leaving Main Rd,None,Did Not Leave,None,Front Hit First,Comm To/From Work,Male,67,65+
1210333342,Redbridge,14,542830,188512,1,Car,Car,Slowing Or Stopping,No Skidding/Overturn,On Main CW - Not Rest.,Entering Main Rd,None,Did Not Leave,None,Front Hit First,Unknown,Male,37,35-64
1210333349,Kingston-Upon-Thames,23,521615,167567,1,Car,Car,Going Ahead Other,No Skidding/Overturn,On Main CW - Not Rest.,Leaving R'about,None,Did Not Leave,None,Front Hit First,Other/Not Known,Male,69,65+
1210333361,Wandsworth,10,527285,171157,1,Car,Car,Moving Off,No Skidding/Overturn,On Main CW - Not Rest.,Jct Mid,None,Did Not Leave,None,Front Hit First,Comm To/From Work,Male,38,35-64
1210333365,Bromley,19,542429,165989,2,Car,Car,Turning Right,No Skidding/Overturn,On Main CW - Not Rest.,Jct Mid,None,Left Cwy Nearside,None,Front Hit First,Comm To/From Work,Male,61,35-64
1210333369,Sutton,21,523288,164813,1,Car,Car,Turning Right,No Skidding/Overturn,On Main CW - Not Rest.,Jct Cleared,None,Did Not Leave,None,Front Hit First,Other/Not Known,Female,44,35-64
1210333372,Westminster,1,527362,181786,1,Car,Car,Going Ahead Other,No Skidding/Overturn,On Main CW - Not Rest.,Jct Cleared,None,Did Not Leave,None,Front Hit First,Jny Part Of Work,Male,37,35-64
1210333394,Tower Hamlets,5,537887,180757,1,Car,Car,Turning Left,No Skidding/Overturn,On Main CW - Not Rest.,Jct Cleared,None,Did Not Leave,None,Front Hit First,Other/Not Known,Male,35,35-64
1210333402,Hackney,4,533547,185160,1,Car,Car,Moving Off,No Skidding/Overturn,On Main CW - Not Rest.,Not At Jct,None,Did Not Leave,None,Front Hit First,Other/Not Known,Male,56,35-64
1210333406,Greenwich,6,540891,174668,1,Car,Car,Turning Right,No Skidding/Overturn,On Main CW - Not Rest.,Jct Mid,None,Did Not Leave,None,Front Hit First,Other/Not Known,Female,49,35-64
1210333407,Tower Hamlets,5,534178,180668,2,Taxi,Taxi,U-turning,No Skidding/Overturn,On Main CW - Not Rest.,Jct Mid,None,Did Not Leave,None,Front Hit First,Jny Part Of Work,Male,52,35-64
1210333412,Kensington & Chelsea,12,524304,180377,1,Car,Car,Unknown (S/R),Unknown (S/R),Unknown (S/R),Unknown (S/R),Unknown (S/R),Unknown (S/R),Unknown (S/R),Front Hit First,Other/Not Known,Male,28,25-34
1210333416,Redbridge,14,544439,187326,2,Goods Vehicle,GDS 3.5-7.5T,Going Ahead Other,No Skidding/Overturn,On Main CW - Not Rest.,Entering R'about,None,Did Not Leave,None,Front Hit First,Jny Part Of Work,Male,55,35-64
1210333424,Lambeth,9,530257,170659,1,Car,Car,Turning Right,No Skidding/Overturn,On Main CW - Not Rest.,Leaving Main Rd,None,Did Not Leave,None,Front Hit First,Other/Not Known,Male,39,35-64
1210333443,Barking & Dagenham,16,546669,185772,2,Car,Car,Going Ahead Other,No Skidding/Overturn,On Main CW - Not Rest.,Jct Mid,None,Did Not Leave,None,Front Hit First,Other/Not Known,Male,64,35-64
1210333445,Hounslow,25,511232,172967,1,Car,Car,Going Ahead Other,No Skidding/Overturn,On Main CW - Not Rest.,Not At Jct,None,Did Not Leave,None,Front Hit First,Other/Not Known,Male,71,65+
1210333451,Tower Hamlets,5,538374,181091,1,Car,Car,Going Ahead Other,No Skidding/Overturn,On Main CW - Not Rest.,Jct App,Hit Oth Object,Did Not Leave,None,Front Hit First,Other/Not Known,Male,51,35-64
1210333458,Brent,28,519129,186406,2,Goods Vehicle,GDS 3.5-7.5T,Moving Off,No Skidding/Overturn,On Main CW - Not Rest.,Jct App,None,Did Not Leave,None,Front Hit First,Unknown,Male,27,25-34
1210333463,Croydon,20,530844,166844,1,Car,Car,Change Lane To Left,No Skidding/Overturn,On Main CW - Not Rest.,Leaving R'about,None,Did Not Leave,None,Front Hit First,Other/Not Known,Female,47,35-64
1210333466,Kingston-Upon-Thames,23,520760,167450,1,Car,Car,Slowing Or Stopping,No Skidding/Overturn,On Main CW - Not Rest.,Jct App,None,Did Not Leave,None,Front Hit First,Other/Not Known,Female,28,25-34
1210333468,Ealing,27,515408,181639,1,Car,Car,Slowing Or Stopping,No Skidding/Overturn,Footway,Not At Jct,None,Left Cwy Offside,Hit Lamp Post,Front Hit First,Other/Not Known,Female,64,35-64
1210333469,Harrow,29,515786,189412,1,Car,Car,Turning Right,No Skidding/Overturn,On Main CW - Not Rest.,Leaving R'about,Hit Oth Object,Did Not Leave,None,Front Hit First,Other/Not Known,Female,46,35-64
1210333471,Islington,3,530763,186277,1,Car,Car,Turning Right,No Skidding/Overturn,On Main CW - Not Rest.,Jct Mid,None,Did Not Leave,None,Front Hit First,Taking Pupil To/From Sch,Female,32,25-34
1210333473,Barnet,30,517438,193941,1,Car,Car,Turning Left,No Skidding/Overturn,On Main CW - Not Rest.,Not At Jct,Hit Parked Veh,Did Not Leave,None,Front Hit First,Other/Not Known,Male,87,65+
1210333474,Wandsworth,10,527489,171457,1,Car,Car,Going Ahead Other,No Skidding/Overturn,On Main CW - Not Rest.,Jct Cleared,None,Did Not Leave,None,Front Hit First,Jny Part Of Work,Male,52,35-64
1210333481,Lewisham,7,537873,175838,1,Car,Car,Turning Right,No Skidding/Overturn,On Main CW - Not Rest.,Jct Mid,None,Did Not Leave,None,Front Hit First,Other/Not Known,Male,58,35-64
1210333482,Barking & Dagenham,16,549021,185092,1,Car,Car,Moving Off,No Skidding/Overturn,On Main CW - Not Rest.,Jct Cleared,None,Did Not Leave,None,Front Hit First,Other/Not Known,Male,25,25-34
1210333489,Havering,15,553399,190671,1,Car,Car,Going Ahead Other,No Skidding/Overturn,On Main CW - Not Rest.,Not At Jct,None,Did Not Leave,None,Front Hit First,Other/Not Known,Female,64,35-64
1210333496,Westminster,1,529298,178707,1,Goods Vehicle,GDS =< 3.5T,Moving Off,No Skidding/Overturn,On Main CW - Not Rest.,Jct App,None,Did Not Leave,None,Front Hit First,Jny Part Of Work,Male,50,35-64
1210333507,Hackney,4,532393,187685,2,Car,Car,Going Ahead Other,No Skidding/Overturn,On Main CW - Not Rest.,Jct App,None,Did Not Leave,None,Front Hit First,Unknown,Male,51,35-64
1210333510,Sutton,21,525942,164425,1,Car,Car,Turning Right,No Skidding/Overturn,On Main CW - Not Rest.,Leaving Main Rd,None,Did Not Leave,None,Front Hit First,Jny Part Of Work,Male,51,35-64
1210333542,Tower Hamlets,5,538919,181015,1,Car,Car,Unknown (S/R),Unknown (S/R),Unknown (S/R),Unknown (S/R),Unknown (S/R),Unknown (S/R),Unknown (S/R),Front Hit First,Comm To/From Work,Male,42,35-64
1210333545,Merton,22,525202,167434,1,Car,Car,Going Ahead Right Bend,No Skidding/Overturn,On Main CW - Not Rest.,Jct Mid,None,Did Not Leave,None,Front Hit First,Jny Part Of Work,Female,22,17-24
1210333568,Camden,2,529006,185185,1,Private Hire,Private Hire - Licensed,Moving Off,No Skidding/Overturn,On Main CW - Not Rest.,Jct App,None,Did Not Leave,None,Front Hit First,Jny Part Of Work,Male,52,35-64
1210333572,Haringey,31,534431,190365,1,Car,Car,Turning Right,No Skidding/Overturn,On Main CW - Not Rest.,Leaving Main Rd,None,Did Not Leave,None,Front Hit First,Comm To/From Work,Male,38,35-64
1210333574,Kingston-Upon-Thames,23,518369,166326,1,Car,Car,Going Ahead Other,No Skidding/Overturn,On Main CW - Not Rest.,Entering R'about,None,Did Not Leave,None,Front Hit First,Other/Not Known,Male,35,35-64
1210333579,Barnet,30,520595,192862,1,Car,Car,Moving Off,No Skidding/Overturn,On Main CW - Not Rest.,Entering Main Rd,Hit Oth Object,Did Not Leave,None,Front Hit First,Other/Not Known,Female,57,35-64
1210333583,Hillingdon,26,509131,187657,1,Car,Car,Slowing Or Stopping,No Skidding/Overturn,On Main CW - Not Rest.,Jct App,None,Did Not Leave,None,Front Hit First,Other/Not Known,Male,30,25-34
1210333596,Brent,28,522971,182765,2,Car,Car,Turning Right,No Skidding/Overturn,On Main CW - Not Rest.,Jct Cleared,None,Did Not Leave,None,Front Hit First,Other/Not Known,Male,31,25-34
1210333604,Hillingdon,26,509417,187111,1,Car,Car,Going Ahead Other,No Skidding/Overturn,On Main CW - Not Rest.,Jct App,None,Did Not Leave,None,Front Hit First,Other/Not Known,Male,70,65+
1210333609,Brent,28,518957,188780,1,Car,Car,Unknown (S/R),Unknown (S/R),Unknown (S/R),Unknown (S/R),Unknown (S/R),Unknown (S/R),Unknown (S/R),Front Hit First,Other/Not Known,Female,26,25-34
1210333611,Hackney,4,533657,186763,1,Car,Car,Going Ahead Other,No Skidding/Overturn,On Main CW - Not Rest.,Jct App,None,Did Not Leave,None,Front Hit First,Jny Part Of Work,Male,46,35-64
1210333615,Croydon,20,532654,170209,2,Car,Car,Going Ahead Other,No Skidding/Overturn,On Main CW - Not Rest.,Jct App,None,Did Not Leave,None,Front Hit First,Unknown,Male,42,35-64
1210333617,Harrow,29,517411,191932,1,Car,Car,Overtaking Nearside,No Skidding/Overturn,On Main CW - Not Rest.,Jct App,None,Did Not Leave,None,Front Hit First,Other/Not Known,Male,22,17-24
1210333618,Islington,3,532322,183990,2,Car,Car,Moving Off,No Skidding/Overturn,On Main CW - Not Rest.,Not At Jct,None,Did Not Leave,None,Front Hit First,Jny Part Of Work,Not Traced,57,35-64
1210333623,Wandsworth,10,529288,171098,1,Car,Car,Turning Right,No Skidding/Overturn,On Main CW - Not Rest.,Jct Mid,None,Did Not Leave,None,Front Hit First,Other/Not Known,Female,21,17-24
1210333634,Islington,3,533270,185151,1,Car,Car,Going Ahead Other,Overturn,On Main CW - Not Rest.,Jct Cleared,Hit Bollard,Did Not Leave,None,Front Hit First,Other/Not Known,Female,21,17-24
1210333644,Westminster,1,528767,179217,1,Car,Car,Turning Left,No Skidding/Overturn,On Main CW - Not Rest.,Jct Cleared,None,Did Not Leave,None,Front Hit First,Other/Not Known,Male,43,35-64
1210333655,Haringey,31,531548,189554,1,Car,Car,Going Ahead Other,No Skidding/Overturn,On Main CW - Not Rest.,Jct Mid,None,Did Not Leave,None,Front Hit First,Unknown,Male,66,65+
1210333656,Barking & Dagenham,16,546853,184522,1,Car,Car,Turning Right,No Skidding/Overturn,On Main CW - Not Rest.,Leaving Main Rd,None,Did Not Leave,None,Front Hit First,Other/Not Known,Male,52,35-64
1210333676,Ealing,27,514344,182255,1,Car,Car,Turning Right,No Skidding/Overturn,On Main CW - Not Rest.,Entering From Slip,None,Did Not Leave,None,Front Hit First,Unknown,Female,30,25-34
1210333688,Bexley,18,546493,174451,1,Car,Car,Moving Off,No Skidding/Overturn,On Main CW - Not Rest.,Jct App,None,Did Not Leave,None,Front Hit First,Comm To/From Work,Male,27,25-34
1210333704,Hammersmith & Fulham,11,525640,177249,2,Car,Car,Moving Off,No Skidding/Overturn,On Main CW - Not Rest.,Not At Jct,None,Did Not Leave,None,Front Hit First,Other/Not Known,Male,36,35-64
1210333721,Enfield,32,536029,192308,1,Car,Car,Slowing Or Stopping,No Skidding/Overturn,On Main CW - Not Rest.,Jct Mid,Hit Roundabout,Left Cwy Ahead At Junctn,Hit Lamp Post,Front Hit First,Other/Not Known,Male,28,25-34
1210333735,Redbridge,14,545232,186638,1,Goods Vehicle,GDS =< 3.5T,Unknown (S/R),Unknown (S/R),Unknown (S/R),Unknown (S/R),Unknown (S/R),Unknown (S/R),Unknown (S/R),Front Hit First,Jny Part Of Work,Male,52,35-64
1210333738,Croydon,20,531143,165363,1,Car,Car,Turning Right,No Skidding/Overturn,On Main CW - Not Rest.,Not At Jct,None,Did Not Leave,None,Front Hit First,Other/Not Known,Female,25,25-34
1210333741,Newham,17,543928,182862,2,Car,Car,Going Ahead Other,No Skidding/Overturn,On Main CW - Not Rest.,Jct App,None,Did Not Leave,None,Front Hit First,Other/Not Known,Male,23,17-24
1210333742,Sutton,21,527607,164211,2,Car,Car,Moving Off,No Skidding/Overturn,On Main CW - Not Rest.,Jct Mid,None,Did Not Leave,None,Front Hit First,Comm To/From Work,Female,57,35-64
1210333746,Brent,28,524572,183262,1,Car,Car,Overtake Stat Veh O/S,No Skidding/Overturn,On Main CW - Not Rest.,Jct App,None,Did Not Leave,None,Front Hit First,Jny Part Of Work,Female,28,25-34
1210333758,Lambeth,9,532490,176423,1,Car,Car,Going Ahead Other,No Skidding/Overturn,On Main CW - Not Rest.,Not At Jct,None,Did Not Leave,None,Front Hit First,Other/Not Known,Male,30,25-34
1210333762,Barnet,30,521278,189904,1,Car,Car,Going Ahead Other,No Skidding/Overturn,On Main CW - Not Rest.,Jct App,None,Did Not Leave,None,Front Hit First,Jny Part Of Work,Male,47,35-64
1210333771,Wandsworth,10,527160,175347,1,Car,Car,Overtake Stat Veh O/S,No Skidding/Overturn,On Main CW - Not Rest.,Jct App,None,Left Cwy Offside,Wall Or Fence,Front Hit First,Comm To/From Work,Male,34,25-34
1210333777,Hillingdon,26,507745,182416,1,Bus Or Coach,London Bus,Going Ahead Other,No Skidding/Overturn,On Main CW - Not Rest.,Jct App,None,Did Not Leave,None,Front Hit First,Jny Part Of Work,Male,37,35-64
1210333784,Croydon,20,534227,168296,1,Car,Car,Turning Right,No Skidding/Overturn,On Main CW - Not Rest.,Leaving Main Rd,Hit Oth Object,Did Not Leave,None,Front Hit First,Taking Pupil To/From Sch,Female,31,25-34
1210333798,Brent,28,518726,188821,1,Car,Car,Going Ahead Other,No Skidding/Overturn,On Main CW - Not Rest.,Jct Cleared,None,Did Not Leave,None,Front Hit First,Other/Not Known,Male,56,35-64
1210333801,Westminster,1,526173,180660,1,Car,Car,Turning Right,No Skidding/Overturn,On Main CW - Not Rest.,Entering Main Rd,None,Did Not Leave,None,Front Hit First,Jny Part Of Work,Male,35,35-64
1210333816,Redbridge,14,547240,187768,1,Car,Car,Turning Right,No Skidding/Overturn,On Main CW - Not Rest.,Jct App,None,Did Not Leave,None,Front Hit First,Other/Not Known,Male,51,35-64
1210333823,Haringey,31,528907,187724,1,Car,Car,Going Ahead Other,No Skidding/Overturn,On Main CW - Not Rest.,Jct App,None,Did Not Leave,None,Front Hit First,Jny Part Of Work,Male,29,25-34
1210333832,Hounslow,25,521406,178541,2,Car,Car,Unknown (S/R),Unknown (S/R),Unknown (S/R),Unknown (S/R),Unknown (S/R),Unknown (S/R),Unknown (S/R),Front Hit First,Unknown,Not Traced,48,35-64
1210333833,Bromley,19,546020,169774,1,Car,Car,Going Ahead Other,No Skidding/Overturn,On Main CW - Not Rest.,Jct App,Hit Bollard,Did Not Leave,None,Front Hit First,Unknown,Male,75,65+
1210333836,Islington,3,529162,186998,1,Private Hire,Private Hire - Licensed,Turning Right,No Skidding/Overturn,On Main CW - Not Rest.,Jct Cleared,None,Did Not Leave,None,Front Hit First,Jny Part Of Work,Male,45,35-64
1210333859,Bexley,18,551289,177953,1,Car,Car,Moving Off,No Skidding/Overturn,On Main CW - Not Rest.,Jct App,None,Did Not Leave,None,Front Hit First,Jny Part Of Work,Male,40,35-64
1210333862,Barnet,30,524484,196578,1,Car,Car,Going Ahead Other,No Skidding/Overturn,On Main CW - Not Rest.,Jct App,Hit Parked Veh,Left Cwy Offside,Hit Telegraph,Front Hit First,Other/Not Known,Male,25,25-34
1210333876,Lambeth,9,530775,180007,1,Taxi,Taxi,Going Ahead Other,No Skidding/Overturn,Cycleway/Footway (Separated),Not At Jct,Hit Oth Object,Did Not Leave,None,Front Hit First,Jny Part Of Work,Male,57,35-64
1210333881,Enfield,32,532339,192536,2,Car,Car,Going Ahead Left Bend,Skidded,Footway,Not At Jct,Hit Parked Veh,Left Cwy Offside,Wall Or Fence,Front Hit First,Unknown,Male,36,35-64
1210333891,Hammersmith & Fulham,11,524465,178376,3,Goods Vehicle,GDS => 7.5T,Going Ahead Other,No Skidding/Overturn,On Main CW - Not Rest.,Not At Jct,None,Did Not Leave,None,Front Hit First,Jny Part Of Work,Male,53,35-64
1210333905,Barking & Dagenham,16,549678,185367,2,Car,Car,Turning Right,No Skidding/Overturn,On Main CW - Not Rest.,Jct App,None,Did Not Leave,None,Front Hit First,Unknown,Male,41,35-64
1210333913,Merton,22,522049,169397,1,Other Vehicle,Other Vehicle,Going Ahead Other,No Skidding/Overturn,On Main CW - Not Rest.,Not At Jct,Hit Parked Veh,Did Not Leave,None,Front Hit First,Comm To/From Work,Male,38,35-64
1210333923,Harrow,29,514611,188225,1,Car,Car,Overtake Stat Veh O/S,No Skidding/Overturn,On Main CW - Not Rest.,Not At Jct,None,Did Not Leave,None,Front Hit First,Jny Part Of Work,Male,42,35-64
1210333930,Barnet,30,523961,185846,1,Car,Car,Turning Right,No Skidding/Overturn,On Main CW - Not Rest.,Jct App,None,Did Not Leave,None,Front Hit First,Other/Not Known,Male,36,35-64
1210333942,Haringey,31,533695,191332,1,Car,Car,Turning Right,No Skidding/Overturn,On Main CW - Not Rest.,Leaving Main Rd,None,Did Not Leave,None,Front Hit First,Taking Pupil To/From Sch,Female,44,35-64
1210333947,Havering,15,550832,182231,1,Car,Car,Unknown (S/R),Unknown (S/R),Unknown (S/R),Not At Jct,Unknown (S/R),Unknown (S/R),Unknown (S/R),Front Hit First,Other/Not Known,Male,63,35-64
1210333953,Redbridge,14,546323,186756,1,Car,Car,Moving Off,No Skidding/Overturn,On Main CW - Not Rest.,Entering R'about,None,Did Not Leave,None,Front Hit First,Comm To/From Work,Female,47,35-64
1210333956,Bromley,19,535125,169625,2,Car,Car,Going Ahead Held Up,No Skidding/Overturn,On Main CW - Not Rest.,Entering Main Rd,None,Did Not Leave,None,Front Hit First,Taking Pupil To/From Sch,Female,43,35-64
1210333957,Southwark,8,532185,179023,1,Car,Car,Overtaking Nearside,No Skidding/Overturn,Bus Lane,Jct App,None,Did Not Leave,None,Front Hit First,Other/Not Known,Male,28,25-34
1210333962,Brent,28,519440,188954,1,Car,Car,Unknown (S/R),Unknown (S/R),Unknown (S/R),Unknown (S/R),Unknown (S/R),Unknown (S/R),Unknown (S/R),Front Hit First,Other/Not Known,Male,38,35-64
1210333963,Croydon,20,531285,167751,1,Car,Car,Change Lane To Left,No Skidding/Overturn,On Main CW - Not Rest.,Entering R'about,None,Unknown (S/R),Unknown (S/R),Front Hit First,Unknown,Male,34,25-34
1210333970,Brent,28,518507,186189,1,Car,Car,Going Ahead Other,No Skidding/Overturn,On Main CW - Not Rest.,Jct Cleared,Hit Oth Object,Did Not Leave,None,Front Hit First,Unknown,Female,22,17-24
1210333971,Camden,2,529134,183969,1,Private Hire,Private Hire - Licensed,Going Ahead Other,No Skidding/Overturn,On Main CW - Not Rest.,Jct App,None,Did Not Leave,None,Front Hit First,Other/Not Known,Male,66,65+
1210333973,Westminster,1,527862,182159,1,Car,Car,Moving Off,No Skidding/Overturn,On Main CW - Not Rest.,Jct Cleared,None,Did Not Leave,None,Front Hit First,Jny Part Of Work,Male,28,25-34
1210333975,Newham,17,543003,184248,2,Car,Car,Going Ahead Other,No Skidding/Overturn,On Main CW - Not Rest.,Jct App,None,Did Not Leave,None,Front Hit First,Comm To/From Work,Male,29,25-34
1210333980,Newham,17,544123,181678,1,Car,Car,Unknown (S/R),Unknown (S/R),Unknown (S/R),Not At Jct,Unknown (S/R),Unknown (S/R),Unknown (S/R),Front Hit First,Other/Not Known,Male,37,35-64
1210333983,Bexley,18,549832,179002,1,Private Hire,Private Hire - Licensed,Change Lane To Right,No Skidding/Overturn,On Main CW - Not Rest.,Jct Cleared,None,Did Not Leave,None,Front Hit First,Jny Part Of Work,Male,58,35-64
1210333991,Sutton,21,530192,164171,1,Car,Car,Going Ahead Other,No Skidding/Overturn,On Main CW - Not Rest.,Not At Jct,None,Did Not Leave,None,Front Hit First,Comm To/From Work,Male,34,25-34
1210334000,Tower Hamlets,5,535402,182049,1,Car,Car,Unknown (S/R),Unknown (S/R),On Main CW - Not Rest.,Unknown (S/R),None,Did Not Leave,None,Front Hit First,Other/Not Known,Female,45,35-64
1210334002,Westminster,1,527563,179502,1,Taxi,Taxi,Unknown (S/R),Unknown (S/R),Unknown (S/R),Unknown (S/R),Unknown (S/R),Unknown (S/R),Unknown (S/R),Front Hit First,Jny Part Of Work,Male,43,35-64
1210334010,Southwark,8,532449,176778,1,Private Hire,Private Hire - Licensed,Moving Off,No Skidding/Overturn,On Main CW - Not Rest.,Jct App,None,Did Not Leave,None,Front Hit First,Jny Part Of Work,Male,55,35-64
1210334011,Hammersmith & Fulham,11,521843,180244,1,Car,Car,Going Ahead Other,Overturn,On Main CW - Not Rest.,Jct App,Hit Parked Veh,Did Not Leave,None,Front Hit First,Unknown,Male,69,65+