_Collision Id,Borough Name,Borough Number,Easting,Northing,_Vehicle Id,Vehicle Type Banded,Vehicle Type,Vehicle Manoeuvres,Vehicle Skidding and Overturning,Vehicle Restricted Lane,Location of Vehicle at First Impact,Vehicle Hit Object in Carriageway,Vehicle Leaving Carriageway,Vehicle Hit Object Off Carriageway,First Point of Impact,Journey Purpose,Driver Gender,Driver Age,Driver age (Banded)
1210335072,Hammersmith & Fulham,11,522476,182486,1,Car,Car,Going Ahead Other,Skidded,On Main CW - Not Rest.,Not At Jct,None,Did Not Leave,None,Front Hit First,Unknown,Male,25,25-34
1210335074,Ealing,27,512917,184119,1,Car,Car,Unknown (S/R),Unknown (S/R),Unknown (S/R),Not At Jct,Unknown (S/R),Unknown (S/R),Unknown (S/R),Front Hit First,Other/Not Known,Female,43,35-64
1210335078,Tower Hamlets,5,535532,180548,1,Car,Car,Going Ahead Other,No Skidding/Overturn,On Main CW - Not Rest.,Not At Jct,None,Did Not Leave,None,Front Hit First,Other/Not Known,Male,38,35-64
1210335080,Wandsworth,10,524190,174144,1,Car,Car,Going Ahead Other,No Skidding/Overturn,On Main CW - Not Rest.,Jct App,None,Did Not Leave,None,Front Hit First,Other/Not Known,Male,24,17-24
1210335087,Redbridge,14,544214,185890,1,Car,Car,Going Ahead Other,Skid/Over,On Main CW - Not Rest.,Entering R'about,Hit Parked Veh,Did Not Leave,None,Front Hit First,Unknown,Male,39,35-64
1210335089,Lewisham,7,537623,175988,1,Car,Car,Going Ahead Other,No Skidding/Overturn,On Main CW - Not Rest.,Jct Cleared,None,Did Not Leave,None,Front Hit First,Jny Part Of Work,Male,59,35-64
1210335090,Barnet,30,524618,194135,1,Car,Car,Reversing,No Skidding/Overturn,On Main CW - Not Rest.,Not At Jct,None,Did Not Leave,None,Front Hit First,Jny Part Of Work,Male,31,25-34
1210335094,Hackney,4,532763,183278,1,Taxi,Taxi,Unknown (S/R),Unknown (S/R),Unknown (S/R),Unknown (S/R),Unknown (S/R),Unknown (S/R),Unknown (S/R),Front Hit First,Jny Part Of Work,Male,38,35-64
1210335098,Barking & Dagenham,16,544791,183187,1,Car,Car,Going Ahead Other,No Skidding/Overturn,On Main CW - Not Rest.,Not At Jct,None,Did Not Leave,None,Front Hit First,Other/Not Known,Male,22,17-24
1210335099,Haringey,31,534038,189568,1,Car,Car,Overtake Move Veh O/S,No Skidding/Overturn,On Main CW - Not Rest.,Not At Jct,None,Did Not Leave,None,Front Hit First,Unknown,Male,29,25-34
1210335103,Ealing,27,513181,184333,2,Car,Car,Moving Off,No Skidding/Overturn,On Main CW - Not Rest.,Not At Jct,None,Did Not Leave,None,Front Hit First,Unknown,Male,34,25-34
1210335114,Ealing,27,514219,180250,1,Car,Car,Unknown (S/R),Unknown (S/R),Unknown (S/R),Unknown (S/R),Unknown (S/R),Unknown (S/R),Unknown (S/R),Front Hit First,Comm To/From Work,Female,38,35-64
1210335121,Waltham Forest,13,537258,189351,1,Car,Car,Going Ahead Other,No Skidding/Overturn,Footway,Jct Mid,Hit Kerb,Did Not Leave,None,Front Hit First,Comm To/From Work,Male,19,17-24
1210335144,Greenwich,6,544011,177928,2,Car,Car,Going Ahead Other,No Skidding/Overturn,On Main CW - Not Rest.,Jct App,None,Did Not Leave,None,Front Hit First,Unknown,Male,23,17-24
1210335150,Hammersmith & Fulham,11,524150,178793,1,Car,Car,Turning Right,No Skidding/Overturn,On Main CW - Not Rest.,Leaving Main Rd,None,Did Not Leave,None,Front Hit First,Other/Not Known,Male,58,35-64
1210335152,Hillingdon,26,505354,181863,2,Car,Car,Moving Off,No Skidding/Overturn,On Main CW - Not Rest.,Not At Jct,Hit Parked Veh,Did Not Leave,None,Front Hit First,Other/Not Known,Female,67,65+
1210335154,Barnet,30,526169,189501,1,Car,Car,Slowing Or Stopping,No Skidding/Overturn,On Main CW - Not Rest.,Jct Cleared,None,Did Not Leave,None,Front Hit First,Unknown,Male,41,35-64
1210335156,Barnet,30,526442,193859,2,Car,Car,Unknown (S/R),Unknown (S/R),Unknown (S/R),Unknown (S/R),Unknown (S/R),Unknown (S/R),Unknown (S/R),Front Hit First,Unknown,Not Traced,21,17-24
1210335162,Hackney,4,536466,184866,1,Car,Car,Going Ahead Right Bend,No Skidding/Overturn,On Main CW - Not Rest.,Jct Mid,None,Did Not Leave,None,Front Hit First,Other/Not Known,Female,33,25-34
1210335168,Richmond-Upon-Thames,24,521673,176411,1,Car,Car,Going Ahead Held Up,No Skidding/Overturn,On Main CW - Not Rest.,Not At Jct,None,Did Not Leave,None,Front Hit First,Other/Not Known,Male,67,65+
1210335171,Redbridge,14,543797,187341,2,Car,Car,Going Ahead Other,No Skidding/Overturn,On Main CW - Not Rest.,Jct Mid,Hit Oth Object,Did Not Leave,None,Front Hit First,Other/Not Known,Male,41,35-64
1210335172,Croydon,20,529765,160911,2,Car,Car,Going Ahead Other,No Skidding/Overturn,On Main CW - Not Rest.,Jct App,None,Did Not Leave,None,Front Hit First,Other/Not Known,Male,20,17-24
1210335182,Sutton,21,530023,163866,1,Car,Car,Moving Off,No Skidding/Overturn,On Main CW - Not Rest.,Jct Mid,None,Did Not Leave,None,Front Hit First,Other/Not Known,Male,33,25-34
1210335183,Brent,28,518847,189668,1,Car,Car,Going Ahead Left Bend,No Skidding/Overturn,On Main CW - Not Rest.,Leaving Main Rd,None,Did Not Leave,None,Front Hit First,Other/Not Known,Male,33,25-34
1210335192,Westminster,1,528550,179017,2,Goods Vehicle,GDS =< 3.5T,Going Ahead Other,No Skidding/Overturn,On Main CW - Not Rest.,Jct App,None,Did Not Leave,None,Front Hit First,Jny Part Of Work,Male,19,17-24
1210335203,Islington,3,531346,184518,2,Car,Car,Unknown (S/R),Unknown (S/R),Unknown (S/R),Unknown (S/R),Unknown (S/R),Unknown (S/R),Unknown (S/R),Front Hit First,Unknown,Female,39,35-64
1210335211,Hounslow,25,508055,173374,1,Car,Car,Going Ahead Other,No Skidding/Overturn,On Main CW - Not Rest.,Entering R'about,None,Did Not Leave,None,Front Hit First,Comm To/From Work,Male,46,35-64
1210335215,Greenwich,6,544066,178394,2,Car,Car,Turning Right,No Skidding/Overturn,On Main CW - Not Rest.,Jct Cleared,None,Did Not Leave,None,Front Hit First,Other/Not Known,Male,60,35-64
1210335220,Harrow,29,513851,186859,2,Car,Car,Unknown (S/R),Unknown (S/R),Unknown (S/R),Unknown (S/R),Unknown (S/R),Unknown (S/R),Unknown (S/R),Front Hit First,Unknown,Female,38,35-64
1210335222,Enfield,32,535214,197150,2,Car,Car,Moving Off,No Skidding/Overturn,On Main CW - Not Rest.,Not At Jct,None,Did Not Leave,None,Front Hit First,Unknown,Female,22,17-24
1210335237,Hounslow,25,512065,172539,2,Car,Car,Moving Off,No Skidding/Overturn,On Main CW - Not Rest.,Jct Mid,None,Did Not Leave,None,Front Hit First,Comm To/From Work,Male,52,35-64
1210335243,Richmond-Upon-Thames,24,518750,175833,2,Car,Car,Unknown (S/R),Unknown (S/R),Unknown (S/R),Unknown (S/R),Unknown (S/R),Unknown (S/R),Unknown (S/R),Front Hit First,Unknown,Not Traced,42,35-64
1210335249,Camden,2,529197,183554,1,Car,Car,Going Ahead Other,No Skidding/Overturn,On Main CW - Not Rest.,Jct App,None,Did Not Leave,None,Front Hit First,Jny Part Of Work,Male,24,17-24
1210335254,Westminster,1,530703,181031,2,Private Hire,Private Hire - Licensed,Going Ahead Right Bend,No Skidding/Overturn,On Main CW - Not Rest.,Jct Cleared,None,Did Not Leave,None,Front Hit First,Jny Part Of Work,Male,40,35-64
1210335256,Croydon,20,532706,166384,2,Car,Car,Unknown (S/R),Unknown (S/R),Unknown (S/R),Not At Jct,Unknown (S/R),Unknown (S/R),Unknown (S/R),Front Hit First,Unknown,Not Traced,19,17-24
1210335259,Southwark,8,536467,179695,1,Car,Car,Going Ahead Other,No Skidding/Overturn,On Main CW - Not Rest.,Jct App,None,Did Not Leave,None,Front Hit First,Unknown,Male,20,17-24
1210335260,Bromley,19,545814,169563,1,Bus Or Coach,London Bus,Going Ahead Other,No Skidding/Overturn,On Main CW - Not Rest.,Not At Jct,None,Did Not Leave,None,Front Hit First,Jny Part Of Work,Male,60,35-64
1210335263,Ealing,27,518617,180655,1,Car,Car,Turning Right,No Skidding/Overturn,On Main CW - Not Rest.,Entering Main Rd,None,Did Not Leave,None,Front Hit First,Other/Not Known,Female,36,35-64
1210335269,Wandsworth,10,528799,174047,1,Car,Car,Going Ahead Other,No Skidding/Overturn,On Main CW - Not Rest.,Not At Jct,None,Did Not Leave,None,Front Hit First,Comm To/From Work,Male,68,65+
1210335274,Newham,17,538220,185003,2,Car,Car,Unknown (S/R),Unknown (S/R),Unknown (S/R),Unknown (S/R),Unknown (S/R),Unknown (S/R),Unknown (S/R),Front Hit First,Unknown,Male,29,25-34
1210335278,Barking & Dagenham,16,550953,186531,1,Car,Car,Going Ahead Other,No Skidding/Overturn,On Main CW - Not Rest.,Jct Mid,Hit Oth Object,Left Cwy Offside,Hit Rd Sign/Ats,Front Hit First,Other/Not Known,Male,43,35-64
1210335288,Greenwich,6,545416,178554,1,Car,Car,Going Ahead Other,Unknown (S/R),Unknown (S/R),Unknown (S/R),Unknown (S/R),Unknown (S/R),Unknown (S/R),Front Hit First,Unknown,Male,36,35-64
1210335295,Barking & Dagenham,16,550047,185915,1,Car,Car,Overtake Stat Veh O/S,No Skidding/Overturn,On Main CW - Not Rest.,Not At Jct,None,Did Not Leave,None,Front Hit First,Jny Part Of Work,Male,36,35-64
1210335309,Southwark,8,532877,180282,1,Car,Car,Going Ahead Other,No Skidding/Overturn,On Main CW - Not Rest.,Not At Jct,None,Did Not Leave,None,Front Hit First,Jny Part Of Work,Female,54,35-64
1210335310,Southwark,8,532897,174545,1,Car,Car,Moving Off,No Skidding/Overturn,On Main CW - Not Rest.,Jct App,None,Did Not Leave,None,Front Hit First,Other/Not Known,Male,75,65+
1210335311,Camden,2,529398,184835,1,Goods Vehicle,GDS 3.5-7.5T,Moving Off,No Skidding/Overturn,On Main CW - Not Rest.,Jct App,None,Did Not Leave,None,Front Hit First,Jny Part Of Work,Male,40,35-64
1210335320,Hounslow,25,513959,175140,1,Car,Car,Turning Right,No Skidding/Overturn,On Main CW - Not Rest.,Jct App,None,Did Not Leave,None,Front Hit First,Taking Pupil To/From Sch,Male,51,35-64
1210335351,Barking & Dagenham,16,546011,185582,1,Car,Car,Going Ahead Other,No Skidding/Overturn,On Main CW - Not Rest.,Jct App,None,Did Not Leave,None,Front Hit First,Other/Not Known,Female,36,35-64
1210335353,Greenwich,6,547187,178729,1,Car,Car,Going Ahead Other,No Skidding/Overturn,On Main CW - Not Rest.,Jct Mid,None,Did Not Leave,None,Front Hit First,Other/Not Known,Female,35,35-64
1210335363,Bromley,19,539900,166281,1,Car,Car,Going Ahead Held Up,No Skidding/Overturn,On Main CW - Not Rest.,Jct App,None,Did Not Leave,None,Front Hit First,Unknown,Male,23,17-24
1210335370,Havering,15,556156,190339,1,Car,Car,Moving Off,No Skidding/Overturn,On Main CW - Not Rest.,Jct Mid,None,Did Not Leave,None,Front Hit First,Jny Part Of Work,Female,23,17-24
1210335379,Croydon,20,534810,167092,1,Car,Car,Going Ahead Other,No Skidding/Overturn,On Main CW - Not Rest.,Jct App,None,Did Not Leave,None,Front Hit First,Comm To/From Work,Female,58,35-64
1210335385,Lewisham,7,540602,172358,1,Bus Or Coach,London Bus,Turning Right,No Skidding/Overturn,On Main CW - Not Rest.,Entering Main Rd,None,Did Not Leave,None,Front Hit First,Jny Part Of Work,Male,49,35-64
1210335401,Kensington & Chelsea,12,526721,177711,2,Car,Car,Unknown (S/R),Unknown (S/R),Unknown (S/R),Not At Jct,Unknown (S/R),Unknown (S/R),Unknown (S/R),Front Hit First,Unknown,Not Traced,57,35-64
1210335412,Enfield,32,532997,192947,1,Car,Car,Going Ahead Other,No Skidding/Overturn,On Main CW - Not Rest.,Jct App,None,Did Not Leave,None,Front Hit First,Other/Not Known,Male,29,25-34
1210335442,Ealing,27,514608,183206,1,Car,Car,Turning Left,No Skidding/Overturn,On Main CW - Not Rest.,Leaving Main Rd,None,Did Not Leave,None,Front Hit First,Other/Not Known,Female,32,25-34
1210335446,Hillingdon,26,509534,179283,1,Car,Car,Going Ahead Other,No Skidding/Overturn,On Main CW - Not Rest.,Not At Jct,None,Did Not Leave,None,Front Hit First,Other/Not Known,Female,28,25-34
1210335447,Lewisham,7,534571,172494,1,Car,Car,Going Ahead Held Up,No Skidding/Overturn,On Main CW - Not Rest.,Jct App,Hit Parked Veh,Did Not Leave,None,Front Hit First,Other/Not Known,Female,80,65+
1210335450,Barnet,30,522455,187477,1,Car,Car,Turning Left,No Skidding/Overturn,On Main CW - Not Rest.,Jct Cleared,None,Did Not Leave,None,Front Hit First,Unknown,Male,71,65+
1210335452,Brent,28,521124,185195,1,Car,Car,Going Ahead Other,No Skidding/Overturn,On Main CW - Not Rest.,Not At Jct,None,Did Not Leave,None,Front Hit First,Comm To/From Work,Male,25,25-34
1210335454,Wandsworth,10,525330,174762,1,Private Hire,Private Hire - Licensed,Going Ahead Other,No Skidding/Overturn,On Main CW - Not Rest.,Jct Cleared,None,Did Not Leave,None,Front Hit First,Jny Part Of Work,Male,49,35-64
1210335472,Bromley,19,536678,168944,1,Private Hire,Private Hire - Licensed,Going Ahead Other,No Skidding/Overturn,On Main CW - Not Rest.,Jct App,Hit Bollard,Did Not Leave,None,Front Hit First,Jny Part Of Work,Male,29,25-34
1210335476,Barnet,30,525466,188161,1,Car,Car,Going Ahead Other,No Skidding/Overturn,On Main CW - Not Rest.,Entering R'about,None,Did Not Leave,None,Front Hit First,Unknown,Male,51,35-64
1210335477,Newham,17,539822,180795,1,Car,Car,Going Ahead Other,Skidded,On Main CW - Not Rest.,Jct Mid,Hit Kerb,Left Cwy Nearside,Hit Nr/Off Bar,Front Hit First,Other/Not Known,Male,30,25-34
1210335478,Bromley,19,537721,166201,1,Private Hire,Private Hire - Licensed,Going Ahead Other,Overturn,Footway,Jct App,Hit Parked Veh,Left Cwy Nearside,Hit Tree,Front Hit First,Other/Not Known,Male,19,17-24
1210335480,Southwark,8,535236,177661,2,Car,Car,Going Ahead Other,No Skidding/Overturn,On Main CW - Not Rest.,Jct App,None,Left Cwy Nearside,Hit Rd Sign/Ats,Front Hit First,Unknown,Not Traced,21,17-24
1210335484,Waltham Forest,13,536314,190020,2,Other Vehicle,Other Vehicle,Going Ahead Other,Overturn,On Main CW - Not Rest.,Not At Jct,None,Did Not Leave,None,Front Hit First,Unknown,Male,33,25-34
1210335485,Croydon,20,532582,165379,1,Car,Car,Slowing Or Stopping,No Skidding/Overturn,On Main CW - Not Rest.,Jct App,None,Did Not Leave,None,Front Hit First,Comm To/From Work,Male,61,35-64
1210335494,Harrow,29,515602,191849,2,Car,Car,Going Ahead Other,No Skidding/Overturn,On Main CW - Not Rest.,Entering R'about,None,Did Not Leave,None,Front Hit First,Other/Not Known,Male,65,65+
1210335505,Tower Hamlets,5,534990,182712,2,Car,Car,Moving Off,No Skidding/Overturn,On Main CW - Not Rest.,Jct Cleared,None,Did Not Leave,None,Front Hit First,Other/Not Known,Male,60,35-64
1210335511,Barnet,30,519416,193584,1,Car,Car,Going Ahead Other,No Skidding/Overturn,On Main CW - Not Rest.,Jct Mid,None,Did Not Leave,None,Front Hit First,Unknown,Female,32,25-34
1210335512,Westminster,1,528943,178833,1,Car,Car,Going Ahead Other,No Skidding/Overturn,On Main CW - Not Rest.,Not At Jct,None,Did Not Leave,None,Front Hit First,Comm To/From Work,Male,46,35-64
1210335515,Lewisham,7,538278,175729,2,Car,Car,Unknown (S/R),Unknown (S/R),Unknown (S/R),Unknown (S/R),Unknown (S/R),Unknown (S/R),Unknown (S/R),Front Hit First,Unknown,Not Traced,31,25-34
1210335529,Waltham Forest,13,536176,190748,1,Car,Car,Going Ahead Other,No Skidding/Overturn,On Main CW - Not Rest.,Jct Cleared,None,Did Not Leave,None,Front Hit First,Comm To/From Work,Male,40,35-64
1210335556,Hillingdon,26,505246,190623,1,Car,Car,Going Ahead Other,Unknown (S/R),Unknown (S/R),Unknown (S/R),Unknown (S/R),Did Not Leave,None,Front Hit First,Unknown,Male,24,17-24
1210335563,Hounslow,25,516093,176120,1,Car,Car,Unknown (S/R),Unknown (S/R),Unknown (S/R),Unknown (S/R),Unknown (S/R),Unknown (S/R),Unknown (S/R),Front Hit First,Unknown,Not Traced,35,35-64
1210335570,Hillingdon,26,508061,178608,1,Car,Car,Slowing Or Stopping,No Skidding/Overturn,On Main CW - Not Rest.,Not At Jct,Hit Parked Veh,Did Not Leave,None,Front Hit First,Jny Part Of Work,Male,35,35-64
1210335574,Lewisham,7,535851,178601,1,Car,Car,Turning Left,No Skidding/Overturn,On Main CW - Not Rest.,Jct Cleared,None,Did Not Leave,None,Front Hit First,Other/Not Known,Male,53,35-64
1210335579,Kingston-Upon-Thames,23,519271,170368,1,Car,Car,Waiting To Turn Right,No Skidding/Overturn,On Main CW - Not Rest.,Leaving Main Rd,None,Did Not Leave,None,Front Hit First,Unknown,Not Traced,47,35-64
1210335591,Wandsworth,10,523569,174875,1,Car,Car,Moving Off,No Skidding/Overturn,On Main CW - Not Rest.,Jct App,None,Did Not Leave,None,Front Hit First,Comm To/From Work,Male,35,35-64
1210335612,Harrow,29,519208,190938,2,Car,Car,Moving Off,No Skidding/Overturn,On Main CW - Not Rest.,Jct App,None,Did Not Leave,None,Front Hit First,Comm To/From Work,Male,31,25-34
1210335619,Croydon,20,532230,168298,2,Car,Car,Going Ahead Other,No Skidding/Overturn,On Main CW - Not Rest.,Jct Cleared,None,Did Not Leave,None,Front Hit First,Other/Not Known,Male,25,25-34
1210335621,Redbridge,14,543847,185806,1,Car,Car,Turning Right,No Skidding/Overturn,On Main CW - Not Rest.,Leaving Main Rd,Hit Bollard,Did Not Leave,None,Front Hit First,Unknown,Male,82,65+
1210335646,Tower Hamlets,5,537985,179747,1,Car,Car,Turning Right,No Skidding/Overturn,On Main CW - Not Rest.,Jct Mid,None,Did Not Leave,None,Front Hit First,Unknown,Male,26,25-34
1210335655,Barking & Dagenham,16,548991,186834,1,Car,Car,Going Ahead Held Up,No Skidding/Overturn,On Main CW - Not Rest.,Jct App,None,Did Not Leave,None,Front Hit First,Unknown,Male,30,25-34
1210335666,Westminster,1,525513,181806,2,Other Vehicle,Other Vehicle,Going Ahead Other,No Skidding/Overturn,On Main CW - Not Rest.,Jct App,None,Did Not Leave,None,Front Hit First,Other/Not Known,Male,49,35-64
1210335667,Barnet,30,526611,188447,1,Car,Car,Going Ahead Other,No Skidding/Overturn,On Main CW - Not Rest.,Not At Jct,None,Did Not Leave,None,Front Hit First,Unknown,Male,45,35-64
1210335670,Tower Hamlets,5,537653,179797,2,Car,Car,Unknown (S/R),Unknown (S/R),Unknown (S/R),Unknown (S/R),Unknown (S/R),Unknown (S/R),Unknown (S/R),Front Hit First,Unknown,Not Traced,36,35-64
1210335672,Newham,17,543170,181648,1,Car,Car,Going Ahead Held Up,No Skidding/Overturn,Footway,Not At Jct,Hit Parked Veh,Did Not Leave,None,Front Hit First,Jny Part Of Work,Male,53,35-64
1210335688,Merton,22,526997,168679,1,Car,Car,Turning Right,No Skidding/Overturn,On Main CW - Not Rest.,Leaving R'about,Hit Bollard,Did Not Leave,None,Front Hit First,Other/Not Known,Male,32,25-34
1210335695,Southwark,8,532254,179958,1,Car,Car,Turning Right,No Skidding/Overturn,On Main CW - Not Rest.,Leaving Main Rd,None,Did Not Leave,None,Front Hit First,Other/Not Known,Male,22,17-24
1210335696,Barnet,30,521474,188685,1,Car,Car,Going Ahead Other,No Skidding/Overturn,On Main CW - Not Rest.,Jct App,None,Did Not Leave,None,Front Hit First,Other/Not Known,Female,55,35-64
1210335702,Barnet,30,523892,188507,1,Car,Car,Turning Right,No Skidding/Overturn,On Main CW - Not Rest.,Jct App,None,Did Not Leave,None,Front Hit First,Comm To/From Work,Female,43,35-64
1210335707,Bromley,19,535310,169080,1,Car,Car,Turning Right,No Skidding/Overturn,On Main CW - Not Rest.,Jct Mid,None,Left Cwy Offside,Hit Tree,Front Hit First,Other/Not Known,Female,54,35-64
1210335708,Havering,15,553098,182505,2,Car,Car,U-turning,No Skidding/Overturn,On Main CW - Not Rest.,Jct App,None,Did Not Leave,None,Front Hit First,Comm To/From Work,Female,48,35-64
1210335731,Southwark,8,533675,178306,2,Car,Car,Unknown (S/R),Unknown (S/R),Unknown (S/R),Unknown (S/R),Unknown (S/R),Unknown (S/R),Unknown (S/R),Front Hit First,Unknown,Not Traced,28,25-34
1210335733,Bexley,18,547647,175550,1,Car,Car,Unknown (S/R),Unknown (S/R),Unknown (S/R),Unknown (S/R),Unknown (S/R),Unknown (S/R),Unknown (S/R),Front Hit First,Comm To/From Work,Female,24,17-24
1210335734,Hackney,4,536136,185185,1,Car,Car,Turning Right,No Skidding/Overturn,On Main CW - Not Rest.,Jct Cleared,None,Did Not Leave,None,Front Hit First,Other/Not Known,Male,43,35-64
1210335742,Haringey,31,532276,189713,1,Car,Car,Unknown (S/R),Unknown (S/R),Unknown (S/R),Unknown (S/R),Unknown (S/R),Unknown (S/R),Unknown (S/R),Front Hit First,Other/Not Known,Female,35,35-64
1210335772,Brent,28,522193,183575,1,Car,Car,Going Ahead Other,No Skidding/Overturn,On Main CW - Not Rest.,Not At Jct,None,Did Not Leave,None,Front Hit First,Comm To/From Work,Female,51,35-64
1210335773,Southwark,8,534030,174104,1,Car,Car,Going Ahead Other,No Skidding/Overturn,On Main CW - Not Rest.,Not At Jct,None,Did Not Leave,None,Front Hit First,Unknown,Female,64,35-64
1210335775,Bromley,19,542831,171667,2,Private Hire,Private Hire - Licensed,Turning Right,No Skidding/Overturn,On Main CW - Not Rest.,Leaving Main Rd,None,Left Cwy Offside,None,Front Hit First,Other/Not Known,Male,61,35-64
1210335778,Harrow,29,516904,192256,2,Car,Car,Turning Right,No Skidding/Overturn,On Main CW - Not Rest.,Jct Mid,None,Did Not Leave,None,Front Hit First,Other/Not Known,Male,22,17-24
1210335779,Kingston-Upon-Thames,23,517908,166076,2,Car,Car,Going Ahead Other,No Skidding/Overturn,On Main CW - Not Rest.,Not At Jct,None,Did Not Leave,None,Front Hit First,Comm To/From Work,Female,77,65+
1210335786,Tower Hamlets,5,538500,180683,2,Car,Car,Unknown (S/R),Unknown (S/R),Unknown (S/R),Not At Jct,Unknown (S/R),Unknown (S/R),Unknown (S/R),Front Hit First,Unknown,Male,53,35-64
1210335788,Bromley,19,547089,169056,2,Car,Car,Going Ahead Other,No Skidding/Overturn,On Main CW - Not Rest.,Not At Jct,None,Did Not Leave,None,Front Hit First,Unknown,Male,79,65+
1210335814,Brent,28,518533,186007,1,Car,Car,Change Lane To Right,No Skidding/Overturn,On Main CW - Not Rest.,Not At Jct,None,Did Not Leave,None,Front Hit First,Comm To/From Work,Male,32,25-34
1210335822,Enfield,32,533282,200375,2,Car,Car,Going Ahead Other,No Skidding/Overturn,On Main CW - Not Rest.,Not At Jct,None,Did Not Leave,None,Front Hit First,Other/Not Known,Male,44,35-64
1210335848,Barking & Dagenham,16,547765,183569,1,Car,Car,Going Ahead Other,No Skidding/Overturn,On Main CW - Not Rest.,Jct Mid,None,Left Cwy Nearside,Hit Oth Object,Front Hit First,Unknown,Male,35,35-64
1210335855,Newham,17,542494,183773,1,Car,Car,Turning Right,No Skidding/Overturn,On Main CW - Not Rest.,Entering Main Rd,None,Did Not Leave,None,Front Hit First,Other/Not Known,Male,29,25-34
1210335863,Kensington & Chelsea,12,528498,178005,1,Taxi,Taxi,Unknown (S/R),Unknown (S/R),Unknown (S/R),Not At Jct,Unknown (S/R),Unknown (S/R),Unknown (S/R),Front Hit First,Jny Part Of Work,Male,45,35-64
1210335865,Croydon,20,532225,166631,1,Car,Car,Turning Left,No Skidding/Overturn,On Main CW - Not Rest.,Entering Main Rd,None,Did Not Leave,None,Front Hit First,Unknown,Male,72,65+
1210335893,Barking & Dagenham,16,549602,185770,2,Other Vehicle,Other Vehicle,Going Ahead Other,No Skidding/Overturn,On Main CW - Not Rest.,Jct App,None,Did Not Leave,None,Front Hit First,Jny Part Of Work,Male,29,25-34
1210335913,Ealing,27,512859,180920,1,Car,Car,Going Ahead Other,No Skidding/Overturn,On Main CW - Not Rest.,Not At Jct,None,Did Not Leave,None,Front Hit First,Comm To/From Work,Female,39,35-64
1210335927,Barnet,30,524004,188448,3,Car,Car,Moving Off,No Skidding/Overturn,On Main CW - Not Rest.,Not At Jct,None,Did Not Leave,None,Front Hit First,Unknown,Female,59,35-64
1210335933,Bexley,18,547993,174313,2,Goods Vehicle,GDS =< 3.5T,Slowing Or Stopping,No Skidding/Overturn,On Main CW - Not Rest.,Not At Jct,None,Did Not Leave,None,Front Hit First,Taking Pupil To/From Sch,Male,31,25-34
1210335941,Enfield,32,534723,198931,2,Car,Car,Unknown (S/R),Unknown (S/R),Unknown (S/R),Unknown (S/R),Unknown (S/R),Unknown (S/R),Unknown (S/R),Front Hit First,Unknown,Male,48,35-64
1210335955,Islington,3,530765,186277,2,Car,Car,Turning Right,No Skidding/Overturn,On Main CW - Not Rest.,Jct Mid,None,Did Not Leave,None,Front Hit First,Other/Not Known,Male,75,65+
1210335956,Kingston-Upon-Thames,23,520418,168575,1,Car,Car,Going Ahead Other,No Skidding/Overturn,On Main CW - Not Rest.,Not At Jct,None,Did Not Leave,None,Front Hit First,Jny Part Of Work,Male,57,35-64
1210335963,Bromley,19,537954,168625,1,Car,Car,Turning Right,No Skidding/Overturn,On Main CW - Not Rest.,Entering Main Rd,None,Did Not Leave,None,Front Hit First,Other/Not Known,Female,55,35-64
1210335964,Wandsworth,10,527516,175133,1,Car,Car,Turning Right,No Skidding/Overturn,On Main CW - Not Rest.,Leaving Main Rd,None,Did Not Leave,None,Front Hit First,Other/Not Known,Female,39,35-64
1210335981,Croydon,20,536130,162953,1,Car,Car,Going Ahead Other,No Skidding/Overturn,On Main CW - Not Rest.,Not At Jct,Hit Parked Veh,Did Not Leave,None,Front Hit First,Unknown,Male,55,35-64
1210335984,Sutton,21,528771,164385,1,Goods Vehicle,GDS =< 3.5T,Turning Right,No Skidding/Overturn,On Main CW - Not Rest.,Jct App,None,Did Not Leave,None,Front Hit First,Comm To/From Work,Male,26,25-34
1210335990,Hounslow,25,508029,173397,2,Car,Car,Slowing Or Stopping,No Skidding/Overturn,On Main CW - Not Rest.,Leaving R'about,None,Did Not Leave,None,Front Hit First,Taking Pupil To/From Sch,Female,33,25-34
1210335992,Barnet,30,521110,190483,1,Car,Car,Going Ahead Other,No Skidding/Overturn,On Main CW - Not Rest.,Jct Mid,None,Did Not Leave,None,Front Hit First,Other/Not Known,Female,48,35-64
1210335998,Hammersmith & Fulham,11,525256,176434,1,Goods Vehicle,GDS =< 3.5T,Turning Left,No Skidding/Overturn,Cycle Lane (On CWY),Entering Main Rd,None,Did Not Leave,None,Front Hit First,Jny Part Of Work,Male,43,35-64
1210335999,Kingston-Upon-Thames,23,520685,167111,2,Car,Car,Overtake Stat Veh O/S,No Skidding/Overturn,On Main CW - Not Rest.,Jct App,None,Did Not Leave,None,Front Hit First,Unknown,Male,75,65+