_Collision Id,Borough Name,Borough Number,Easting,Northing,_Vehicle Id,Vehicle Type Banded,Vehicle Type,Vehicle Manoeuvres,Vehicle Skidding and Overturning,Vehicle Restricted Lane,Location of Vehicle at First Impact,Vehicle Hit Object in Carriageway,Vehicle Leaving Carriageway,Vehicle Hit Object Off Carriageway,First Point of Impact,Journey Purpose,Driver Gender,Driver Age,Driver age (Banded)
1210337103,Tower Hamlets,5,536041,183148,1,Car,Car,Unknown (S/R),Unknown (S/R),Unknown (S/R),Unknown (S/R),Unknown (S/R),Unknown (S/R),Unknown (S/R),Front Hit First,Other/Not Known,Male,25,25-34
1210337107,Havering,15,557210,191292,1,Goods Vehicle,GDS => 7.5T,Slowing Or Stopping,No Skidding/Overturn,On Main CW - Not Rest.,Not At Jct,None,Did Not Leave,None,Front Hit First,Jny Part Of Work,Male,24,17-24
1210337119,Brent,28,520708,186380,1,Car,Car,Going Ahead Other,No Skidding/Overturn,On Main CW - Not Rest.,Jct Cleared,None,Did Not Leave,None,Front Hit First,Other/Not Known,Female,69,65+
1210337127,Kensington & Chelsea,12,527505,178455,2,Other Vehicle,Other Vehicle,Going Ahead Other,No Skidding/Overturn,On Main CW - Not Rest.,Jct Mid,None,Did Not Leave,None,Front Hit First,Unknown,Male,29,25-34
1210337134,Wandsworth,10,527280,175454,1,Bus Or Coach,London Bus,Going Ahead Other,No Skidding/Overturn,Bus Lane,Not At Jct,None,Did Not Leave,None,Front Hit First,Jny Part Of Work,Male,36,35-64
1210337145,Newham,17,541390,182753,1,Private Hire,Private Hire - Licensed,Going Ahead Other,No Skidding/Overturn,On Main CW - Not Rest.,Jct App,None,Did Not Leave,None,Front Hit First,Other/Not Known,Male,33,25-34
1210337146,Brent,28,522853,184603,1,Car,Car,Turning Left,No Skidding/Overturn,On Main CW - Not Rest.,Entering From Slip,Hit Oth Object,Left Cwy Nearside,Hit Lamp Post,Front Hit First,Unknown,Male,22,17-24
1210337147,Havering,15,552060,183782,1,Car,Car,Going Ahead Right Bend,No Skidding/Overturn,On Main CW - Not Rest.,Not At Jct,None,Left Cwy Nearside,Hit Lamp Post,Front Hit First,Other/Not Known,Female,24,17-24
1210337149,Hackney,4,531591,186906,1,Car,Car,Going Ahead Other,No Skidding/Overturn,On Main CW - Not Rest.,Leaving Main Rd,None,Did Not Leave,None,Front Hit First,Other/Not Known,Male,20,17-24
1210337152,Camden,2,529773,181478,1,Car,Car,Going Ahead Other,No Skidding/Overturn,On Main CW - Not Rest.,Not At Jct,None,Did Not Leave,None,Front Hit First,Jny Part Of Work,Male,48,35-64
1210337159,Lewisham,7,537230,177254,1,Goods Vehicle,GDS =< 3.5T,Turning Right,No Skidding/Overturn,On Main CW - Not Rest.,Jct App,None,Did Not Leave,None,Front Hit First,Jny Part Of Work,Male,32,25-34
1210337168,Croydon,20,531305,166905,1,Taxi,Taxi,Going Ahead Other,No Skidding/Overturn,On Main CW - Not Rest.,Jct Mid,None,Did Not Leave,None,Front Hit First,Comm To/From Work,Male,57,35-64
1210337172,Hammersmith & Fulham,11,522082,180649,1,Goods Vehicle,GDS =< 3.5T,Going Ahead Other,No Skidding/Overturn,On Main CW - Not Rest.,Entering R'about,None,Did Not Leave,None,Front Hit First,Comm To/From Work,Male,67,65+
1210337185,Westminster,1,526546,181670,1,Car,Car,Going Ahead Other,No Skidding/Overturn,On Main CW - Not Rest.,Jct App,None,Did Not Leave,None,Front Hit First,Other/Not Known,Female,35,35-64
1210337211,Barking & Dagenham,16,548511,189084,1,Car,Car,Moving Off,No Skidding/Overturn,On Main CW - Not Rest.,Entering Main Rd,None,Did Not Leave,None,Front Hit First,Other/Not Known,Female,34,25-34
1210337222,Havering,15,549418,190966,4,Goods Vehicle,GDS =< 3.5T,Overtaking Nearside,No Skidding/Overturn,On Main CW - Not Rest.,Entering Main Rd,None,Did Not Leave,None,Front Hit First,Unknown,Male,21,17-24
1210337225,Kingston-Upon-Thames,23,518988,169467,2,Other Vehicle,Other Vehicle,Going Ahead Other,No Skidding/Overturn,Cycle Lane (On CWY),Jct App,None,Did Not Leave,None,Front Hit First,Jny Part Of Work,Male,44,35-64
1210337226,Barnet,30,523835,189460,1,Car,Car,Going Ahead Other,No Skidding/Overturn,On Main CW - Not Rest.,Jct Mid,None,Did Not Leave,None,Front Hit First,Other/Not Known,Male,27,25-34
1210337227,Islington,3,529295,186883,1,Bus Or Coach,London Bus,Moving Off,No Skidding/Overturn,On Main CW - Not Rest.,Jct App,None,Did Not Leave,None,Front Hit First,Jny Part Of Work,Male,55,35-64
1210337228,Lewisham,7,538242,175863,1,Car,Car,Going Ahead Other,No Skidding/Overturn,On Main CW - Not Rest.,Jct Mid,Hit Kerb,Left Cwy Cross Cent/Res,Hit Rd Sign/Ats,Front Hit First,Other/Not Known,Female,55,35-64
1210337237,Wandsworth,10,527571,171440,2,Car,Car,Unknown (S/R),Unknown (S/R),Unknown (S/R),Unknown (S/R),Unknown (S/R),Unknown (S/R),Unknown (S/R),Front Hit First,Unknown,Male,28,25-34
1210337239,Barnet,30,524543,196488,1,Car,Car,Going Ahead Held Up,No Skidding/Overturn,On Main CW - Not Rest.,Not At Jct,None,Did Not Leave,None,Front Hit First,Other/Not Known,Female,36,35-64
1210337320,Lambeth,9,528960,174384,1,Goods Vehicle,GDS 3.5-7.5T,Unknown (S/R),Unknown (S/R),Unknown (S/R),Not At Jct,Unknown (S/R),Unknown (S/R),Unknown (S/R),Front Hit First,Jny Part Of Work,Male,30,25-34
1210337328,Southwark,8,532595,176746,1,Goods Vehicle,GDS =< 3.5T,Turning Right,No Skidding/Overturn,On Main CW - Not Rest.,Leaving Main Rd,None,Did Not Leave,None,Front Hit First,Jny Part Of Work,Male,35,35-64
1210337330,Lewisham,7,540874,172655,1,Car,Car,Going Ahead Other,Overturn,On Main CW - Not Rest.,Entering Main Rd,Hit Parked Veh,Did Not Leave,None,Front Hit First,Unknown,Female,50,35-64
1210337332,Greenwich,6,541538,174598,1,Car,Car,Moving Off,No Skidding/Overturn,On Main CW - Not Rest.,Entering R'about,None,Did Not Leave,None,Front Hit First,Unknown,Female,27,25-34
1210337338,Wandsworth,10,528180,175194,1,Goods Vehicle,GDS =< 3.5T,Turning Right,No Skidding/Overturn,On Main CW - Not Rest.,Leaving Main Rd,None,Did Not Leave,None,Front Hit First,Other/Not Known,Male,53,35-64
1210337349,Waltham Forest,13,538730,188859,1,Bus Or Coach,London Bus,Going Ahead Other,No Skidding/Overturn,On Main CW - Not Rest.,Jct Mid,None,Did Not Leave,None,Front Hit First,Jny Part Of Work,Male,72,65+
1210337369,Lambeth,9,530143,170996,2,Car,Car,Turning Right,No Skidding/Overturn,On Main CW - Not Rest.,Jct Cleared,None,Did Not Leave,None,Front Hit First,Other/Not Known,Female,58,35-64
1210337406,Hillingdon,26,506513,178505,2,Goods Vehicle,GDS 3.5-7.5T,Going Ahead Other,No Skidding/Overturn,On Main CW - Not Rest.,Not At Jct,None,Did Not Leave,None,Front Hit First,Other/Not Known,Male,60,35-64
1210337409,Barking & Dagenham,16,544002,184364,1,Goods Vehicle,GDS =< 3.5T,Slowing Or Stopping,No Skidding/Overturn,On Main CW - Not Rest.,Jct App,None,Did Not Leave,None,Front Hit First,Comm To/From Work,Male,31,25-34
1210337422,Barnet,30,525750,192039,1,Car,Car,Going Ahead Other,No Skidding/Overturn,On Main CW - Not Rest.,Entering Main Rd,None,Did Not Leave,None,Front Hit First,Other/Not Known,Male,85,65+
1210337423,Greenwich,6,539713,177476,1,Goods Vehicle,GDS =< 3.5T,Going Ahead Other,No Skidding/Overturn,On Main CW - Not Rest.,Entering R'about,None,Did Not Leave,None,Front Hit First,Unknown,Male,57,35-64
1210337438,Westminster,1,525837,181309,1,Car,Car,Moving Off,Skidded,On Main CW - Not Rest.,Not At Jct,None,Did Not Leave,None,Front Hit First,Other/Not Known,Male,56,35-64
1210337483,Croydon,20,534328,163589,1,Car,Car,Overtaking Nearside,No Skidding/Overturn,On Main CW - Not Rest.,Jct App,Hit Parked Veh,Did Not Leave,None,Front Hit First,Jny Part Of Work,Male,41,35-64
1210337491,Waltham Forest,13,537386,188834,1,Car,Car,Going Ahead Other,No Skidding/Overturn,Footway,Jct Mid,None,Left Cwy Nearside,Hit Oth Object,Front Hit First,Jny Part Of Work,Male,65,65+
1210337544,Wandsworth,10,526524,175630,1,Car,Car,Turning Left,No Skidding/Overturn,On Main CW - Not Rest.,Jct Mid,None,Did Not Leave,None,Front Hit First,Other/Not Known,Male,54,35-64
1210337552,Southwark,8,535331,178708,2,Car,Car,Slowing Or Stopping,No Skidding/Overturn,On Main CW - Not Rest.,Entering R'about,None,Did Not Leave,None,Front Hit First,Unknown,Female,31,25-34
1210337555,Kingston-Upon-Thames,23,521143,168398,2,Car,Car,Turning Right,No Skidding/Overturn,On Main CW - Not Rest.,Jct App,None,Left Cwy Nearside,None,Front Hit First,Unknown,Male,24,17-24
1210337565,Hillingdon,26,506907,179511,1,Car,Car,Going Ahead Other,No Skidding/Overturn,On Main CW - Not Rest.,Jct App,None,Did Not Leave,None,Front Hit First,Other/Not Known,Male,28,25-34
1210337566,Waltham Forest,13,538472,185461,1,Car,Car,Turning Right,No Skidding/Overturn,On Main CW - Not Rest.,Jct App,None,Did Not Leave,None,Front Hit First,Other/Not Known,Male,19,17-24
1210337572,Sutton,21,528361,164990,2,Car,Car,Going Ahead Other,No Skidding/Overturn,On Main CW - Not Rest.,Jct App,None,Did Not Leave,None,Front Hit First,Taking Pupil To/From Sch,Female,33,25-34
1210337581,Redbridge,14,544469,188684,1,Car,Car,Going Ahead Other,No Skidding/Overturn,On Main CW - Not Rest.,Jct App,None,Did Not Leave,None,Front Hit First,Unknown,Male,60,35-64
1210337588,Barnet,30,519634,191055,1,Goods Vehicle,GDS =< 3.5T,Going Ahead Other,No Skidding/Overturn,On Main CW - Not Rest.,Entering Main Rd,None,Did Not Leave,None,Front Hit First,Jny Part Of Work,Male,24,17-24
1210337604,Hackney,4,536131,185186,1,Other Vehicle,Other Vehicle,Turning Right,No Skidding/Overturn,On Main CW - Not Rest.,Jct App,None,Did Not Leave,None,Front Hit First,Jny Part Of Work,Male,30,25-34
1210337612,Newham,17,541564,183574,1,Car,Car,Turning Right,No Skidding/Overturn,Footway,Entering Main Rd,None,Did Not Leave,None,Front Hit First,Other/Not Known,Female,25,25-34
1210337630,Hackney,4,534185,186842,2,Car,Car,Unknown (S/R),Unknown (S/R),Unknown (S/R),Not At Jct,Unknown (S/R),Unknown (S/R),Unknown (S/R),Front Hit First,Unknown,Not Traced,62,35-64
1210337636,Barnet,30,525965,196127,2,Car,Car,Unknown (S/R),Unknown (S/R),Unknown (S/R),Unknown (S/R),Unknown (S/R),Unknown (S/R),Unknown (S/R),Front Hit First,Other/Not Known,Female,47,35-64
1210337637,Hackney,4,533665,187834,1,Car,Car,Moving Off,No Skidding/Overturn,On Main CW - Not Rest.,Jct Cleared,None,Did Not Leave,None,Front Hit First,Comm To/From Work,Female,52,35-64
1210337647,Hillingdon,26,508703,178852,1,Car,Car,Turning Left,No Skidding/Overturn,On Main CW - Not Rest.,Jct Cleared,Hit Parked Veh,Did Not Leave,None,Front Hit First,Other/Not Known,Male,48,35-64
1210337654,Greenwich,6,543268,178602,1,Bus Or Coach,London Bus,Slowing Or Stopping,No Skidding/Overturn,On Main CW - Not Rest.,Not At Jct,None,Did Not Leave,None,Front Hit First,Jny Part Of Work,Male,21,17-24
1210337655,Camden,2,526697,184255,1,Car,Car,Change Lane To Right,No Skidding/Overturn,On Main CW - Not Rest.,Not At Jct,None,Did Not Leave,None,Front Hit First,Other/Not Known,Female,34,25-34
1210337658,Enfield,32,529471,194293,1,Car,Car,Going Ahead Held Up,No Skidding/Overturn,On Main CW - Not Rest.,Not At Jct,None,Did Not Leave,None,Front Hit First,Unknown,Not Traced,21,17-24
1210337659,Barnet,30,527033,189876,2,Car,Car,Unknown (S/R),Unknown (S/R),Unknown (S/R),Unknown (S/R),Unknown (S/R),Unknown (S/R),Unknown (S/R),Front Hit First,Unknown,Not Traced,55,35-64
1210337667,Enfield,32,534420,195774,1,Car,Car,Turning Right,No Skidding/Overturn,On Main CW - Not Rest.,Leaving Main Rd,None,Did Not Leave,None,Front Hit First,Other/Not Known,Male,54,35-64
1210337674,Hillingdon,26,508747,188036,2,Car,Car,Moving Off,No Skidding/Overturn,On Main CW - Not Rest.,Jct Mid,None,Did Not Leave,None,Front Hit First,Unknown,Male,50,35-64
1210337678,Westminster,1,527148,183304,1,Car,Car,Going Ahead Other,No Skidding/Overturn,On Main CW - Not Rest.,Jct Mid,None,Did Not Leave,None,Front Hit First,Other/Not Known,Male,23,17-24
1210337681,Lambeth,9,532210,170993,1,Car,Car,Turning Right,No Skidding/Overturn,On Main CW - Not Rest.,Leaving Main Rd,None,Did Not Leave,None,Front Hit First,Unknown,Male,41,35-64
1210337682,Sutton,21,527593,165332,1,Car,Car,Turning Right,No Skidding/Overturn,On Main CW - Not Rest.,Jct Mid,None,Did Not Leave,None,Front Hit First,Other/Not Known,Male,70,65+
1210337683,Havering,15,551682,181531,1,Goods Vehicle,GDS =< 3.5T,Going Ahead Other,No Skidding/Overturn,On Main CW - Not Rest.,Entering R'about,None,Did Not Leave,None,Front Hit First,Jny Part Of Work,Male,42,35-64
1210337685,Bromley,19,546497,168594,1,Car,Car,Going Ahead Other,No Skidding/Overturn,On Main CW - Not Rest.,Jct App,None,Did Not Leave,None,Front Hit First,Comm To/From Work,Male,60,35-64
1210337695,Greenwich,6,541681,175249,3,Car,Car,Going Ahead Other,No Skidding/Overturn,On Main CW - Not Rest.,Entering Main Rd,None,Did Not Leave,None,Front Hit First,Other/Not Known,Male,37,35-64
1210337707,Kensington & Chelsea,12,526372,177420,2,Car,Car,Going Ahead Other,No Skidding/Overturn,On Main CW - Not Rest.,Jct App,None,Did Not Leave,None,Front Hit First,Other/Not Known,Male,51,35-64
1210337719,Barking & Dagenham,16,549009,185666,1,Car,Car,Going Ahead Other,No Skidding/Overturn,On Main CW - Not Rest.,Jct App,Hit Kerb,Left Cwy Offside,Hit Tree,Front Hit First,Comm To/From Work,Male,30,25-34
1210337736,Tower Hamlets,5,533974,181585,1,Car,Car,Turning Right,No Skidding/Overturn,On Main CW - Not Rest.,Jct App,None,Did Not Leave,None,Front Hit First,Other/Not Known,Male,48,35-64
1210337737,Lambeth,9,530517,170156,1,Car,Car,Moving Off,No Skidding/Overturn,On Main CW - Not Rest.,Jct App,None,Did Not Leave,None,Front Hit First,Jny Part Of Work,Male,49,35-64
1210337745,Greenwich,6,542344,174475,1,Car,Car,Unknown (S/R),Unknown (S/R),Unknown (S/R),Unknown (S/R),Unknown (S/R),Unknown (S/R),Unknown (S/R),Front Hit First,Other/Not Known,Male,33,25-34
1210337747,Brent,28,523957,185520,1,Car,Car,Moving Off,No Skidding/Overturn,Leaving Lay-by/Hard Shldr,Entering Main Rd,None,Did Not Leave,None,Front Hit First,Other/Not Known,Female,38,35-64
1210337752,Hounslow,25,514264,176086,1,Private Hire,Private Hire - Licensed,Waiting To Turn Right,No Skidding/Overturn,On Main CW - Not Rest.,Entering Main Rd,None,Did Not Leave,None,Front Hit First,Jny Part Of Work,Male,50,35-64
1210337753,Harrow,29,515963,191940,1,Car,Car,Turning Right,No Skidding/Overturn,On Main CW - Not Rest.,Jct Mid,None,Did Not Leave,None,Front Hit First,Other/Not Known,Male,83,65+
1210337755,Brent,28,520676,185032,2,Goods Vehicle,GDS =< 3.5T,Slowing Or Stopping,No Skidding/Overturn,On Main CW - Not Rest.,Jct App,None,Did Not Leave,None,Front Hit First,Unknown,Male,36,35-64
1210337759,Hackney,4,536289,184797,1,Private Hire,Private Hire - Licensed,Turning Right,No Skidding/Overturn,On Main CW - Not Rest.,Leaving Main Rd,None,Did Not Leave,None,Front Hit First,Unknown,Male,42,35-64
1210337765,Enfield,32,532550,196567,2,Car,Car,Going Ahead Left Bend,No Skidding/Overturn,On Main CW - Not Rest.,Jct Cleared,None,Did Not Leave,None,Front Hit First,Other/Not Known,Male,25,25-34
1210337767,Islington,3,530328,186913,2,Goods Vehicle,GDS =< 3.5T,Unknown (S/R),Unknown (S/R),Unknown (S/R),Unknown (S/R),Unknown (S/R),Unknown (S/R),Unknown (S/R),Front Hit First,Unknown,Male,57,35-64
1210337782,Hammersmith & Fulham,11,523667,179896,1,Car,Car,Slowing Or Stopping,No Skidding/Overturn,On Main CW - Not Rest.,Not At Jct,None,Did Not Leave,None,Front Hit First,Comm To/From Work,Male,32,25-34
1210337785,Hammersmith & Fulham,11,524250,176426,1,Bus Or Coach,London Bus,Going Ahead Other,No Skidding/Overturn,On Main CW - Not Rest.,Not At Jct,None,Did Not Leave,None,Front Hit First,Jny Part Of Work,Male,48,35-64
1210337786,Brent,28,517038,185140,1,Car,Car,Going Ahead Right Bend,No Skidding/Overturn,Footway,Jct Mid,Hit Kerb,Left Cwy Nearside,Hit Tree,Front Hit First,Unknown,Male,25,25-34
1210337787,Waltham Forest,13,538038,190857,1,Car,Car,Going Ahead Other,Overturn,On Main CW - Not Rest.,Not At Jct,Hit Parked Veh,Did Not Leave,None,Front Hit First,Unknown,Male,28,25-34
1210337788,Haringey,31,534424,189581,1,Goods Vehicle,GDS =< 3.5T,Going Ahead Left Bend,No Skidding/Overturn,On Main CW - Not Rest.,Jct Cleared,None,Did Not Leave,None,Front Hit First,Comm To/From Work,Male,48,35-64
1210337789,Southwark,8,533614,179826,1,Car,Car,Turning Left,No Skidding/Overturn,Cycle Lane (On CWY),Entering Main Rd,None,Did Not Leave,None,Front Hit First,Unknown,Female,60,35-64
1210337802,Greenwich,6,540893,178720,2,Bus Or Coach,London Bus,Moving Off,No Skidding/Overturn,Bus Lane,Jct Mid,None,Did Not Leave,None,Front Hit First,Other/Not Known,Male,51,35-64
1210337803,Croydon,20,531324,167650,1,Car,Car,Overtake Stat Veh O/S,No Skidding/Overturn,On Main CW - Not Rest.,Jct App,None,Did Not Leave,None,Front Hit First,Other/Not Known,Female,60,35-64
1210337820,Hounslow,25,511212,176212,1,Car,Car,Going Ahead Held Up,No Skidding/Overturn,On Main CW - Not Rest.,Not At Jct,None,Did Not Leave,None,Front Hit First,Unknown,Male,85,65+
1210337834,Westminster,1,528518,179805,2,Car,Car,Unknown (S/R),Unknown (S/R),Unknown (S/R),Unknown (S/R),Unknown (S/R),Unknown (S/R),Unknown (S/R),Front Hit First,Unknown,Not Traced,44,35-64
1210337838,Barnet,30,526276,196072,1,Car,Car,Unknown (S/R),Unknown (S/R),Unknown (S/R),Unknown (S/R),Unknown (S/R),Unknown (S/R),Unknown (S/R),Front Hit First,Other/Not Known,Male,36,35-64
1210337848,Barnet,30,527304,189056,1,Car,Car,Turning Right,No Skidding/Overturn,On Main CW - Not Rest.,Jct Cleared,None,Did Not Leave,None,Front Hit First,Comm To/From Work,Male,50,35-64
1210337850,Westminster,1,527200,181745,2,Car,Car,Moving Off,No Skidding/Overturn,On Main CW - Not Rest.,Not At Jct,None,Did Not Leave,None,Front Hit First,Other/Not Known,Male,26,25-34
1210337859,Waltham Forest,13,539116,185778,1,Car,Car,Moving Off,No Skidding/Overturn,On Main CW - Not Rest.,Jct App,None,Did Not Leave,None,Front Hit First,Unknown,Male,35,35-64
1210337868,Westminster,1,530159,179116,1,Car,Car,Going Ahead Other,No Skidding/Overturn,On Main CW - Not Rest.,Jct App,None,Did Not Leave,None,Front Hit First,Other/Not Known,Male,28,25-34
1210337875,Croydon,20,532547,166537,1,Car,Car,Turning Right,No Skidding/Overturn,On Main CW - Not Rest.,Entering Main Rd,None,Left Cwy Nearside,None,Front Hit First,Unknown,Male,51,35-64
1210337891,Wandsworth,10,525668,174461,1,Bus Or Coach,London Bus,Going Ahead Other,No Skidding/Overturn,On Main CW - Not Rest.,Not At Jct,None,Did Not Leave,None,Front Hit First,Jny Part Of Work,Male,25,25-34
1210337910,Westminster,1,530552,180787,1,Bus Or Coach,London Bus,Going Ahead Other,No Skidding/Overturn,On Main CW - Not Rest.,Not At Jct,None,Did Not Leave,None,Front Hit First,Jny Part Of Work,Male,46,35-64
1210337917,Barnet,30,527187,189654,1,Private Hire,Private Hire - Licensed,Going Ahead Other,No Skidding/Overturn,On Main CW - Not Rest.,Jct Mid,None,Did Not Leave,None,Front Hit First,Other/Not Known,Male,61,35-64
1210337925,Hackney,4,535454,184906,2,Car,Car,Moving Off,No Skidding/Overturn,On Main CW - Not Rest.,Jct App,None,Did Not Leave,None,Front Hit First,Unknown,Female,27,25-34
1210337926,Islington,3,531468,183147,2,Goods Vehicle,Goods Unknown kg (S/R),Unknown (S/R),Unknown (S/R),Unknown (S/R),Unknown (S/R),Unknown (S/R),Unknown (S/R),Unknown (S/R),Front Hit First,Unknown,Male,63,35-64
1210337929,Bromley,19,541926,158849,1,Car,Car,Turning Right,No Skidding/Overturn,On Main CW - Not Rest.,Leaving Main Rd,None,Did Not Leave,None,Front Hit First,Other/Not Known,Male,17,17-24
1210337931,Westminster,1,528300,181083,1,Taxi,Taxi,U-turning,No Skidding/Overturn,On Main CW - Not Rest.,Not At Jct,None,Did Not Leave,None,Front Hit First,Comm To/From Work,Male,38,35-64
1210337941,Greenwich,6,544508,178394,2,Car,Car,Turning Right,No Skidding/Overturn,On Main CW - Not Rest.,Entering Main Rd,None,Did Not Leave,None,Front Hit First,Other/Not Known,Female,41,35-64
1210337946,Waltham Forest,13,537582,186186,2,Car,Car,Slowing Or Stopping,No Skidding/Overturn,On Main CW - Not Rest.,Jct App,None,Did Not Leave,None,Front Hit First,Other/Not Known,Male,19,17-24
1210337956,Harrow,29,513852,185861,1,Car,Car,Going Ahead Other,No Skidding/Overturn,On Main CW - Not Rest.,Jct App,None,Did Not Leave,None,Front Hit First,Unknown,Male,54,35-64
1210337957,Kensington & Chelsea,12,525482,178131,1,Private Hire,Private Hire - Licensed,Moving Off,No Skidding/Overturn,On Main CW - Not Rest.,Not At Jct,None,Did Not Leave,None,Front Hit First,Jny Part Of Work,Male,38,35-64
1210337964,Ealing,27,512350,179250,1,Car,Car,Waiting To Turn Right,No Skidding/Overturn,On Main CW - Not Rest.,Jct App,None,Did Not Leave,None,Front Hit First,Other/Not Known,Female,44,35-64
1210337965,Hillingdon,26,509380,180576,1,Car,Car,Going Ahead Other,Overturn,On Main CW - Not Rest.,Not At Jct,Hit Parked Veh,Did Not Leave,None,Front Hit First,Unknown,Female,24,17-24
1210337968,Islington,3,532790,182456,1,Car,Car,Going Ahead Other,No Skidding/Overturn,On Main CW - Not Rest.,Jct App,Hit Parked Veh,Did Not Leave,None,Front Hit First,Other/Not Known,Female,18,17-24
1210337973,Barking & Dagenham,16,544623,184531,1,Car,Car,Going Ahead Held Up,No Skidding/Overturn,On Main CW - Not Rest.,Jct Mid,None,Did Not Leave,None,Front Hit First,Unknown,Female,35,35-64
1210337979,Hammersmith & Fulham,11,523753,177510,1,Car,Car,Unknown (S/R),Unknown (S/R),Unknown (S/R),Unknown (S/R),Unknown (S/R),Unknown (S/R),Unknown (S/R),Front Hit First,Unknown,Female,32,25-34
1210337993,Sutton,21,528755,165564,2,Car,Car,Overtake Move Veh O/S,Skidded,On Main CW - Not Rest.,Jct App,None,Did Not Leave,None,Front Hit First,Unknown,Male,29,25-34
1210338003,Croydon,20,534355,168173,1,Bus Or Coach,London Bus,Going Ahead Other,No Skidding/Overturn,On Main CW - Not Rest.,Jct App,None,Did Not Leave,None,Front Hit First,Jny Part Of Work,Male,32,25-34
1210338009,Greenwich,6,541272,177079,1,Car,Car,Slowing Or Stopping,No Skidding/Overturn,On Main CW - Not Rest.,Jct App,None,Did Not Leave,None,Front Hit First,Other/Not Known,Male,38,35-64
1210338045,Hackney,4,536650,184719,1,Car,Car,Slowing Or Stopping,No Skidding/Overturn,On Main CW - Not Rest.,Jct App,None,Did Not Leave,None,Front Hit First,Unknown,Male,38,35-64
1210338046,Westminster,1,528311,178455,1,Taxi,Taxi,Going Ahead Other,No Skidding/Overturn,On Main CW - Not Rest.,Jct App,None,Did Not Leave,None,Front Hit First,Other/Not Known,Male,63,35-64
1210338058,Ealing,27,514396,182231,1,Car,Car,Waiting To Turn Right,No Skidding/Overturn,On Main CW - Not Rest.,Not At Jct,None,Did Not Leave,None,Front Hit First,Comm To/From Work,Male,20,17-24
1210338073,Haringey,31,534091,189086,1,Car,Car,Turning Right,No Skidding/Overturn,On Main CW - Not Rest.,Entering Main Rd,None,Did Not Leave,None,Front Hit First,Other/Not Known,Male,27,25-34
1210338075,Tower Hamlets,5,534991,181898,1,Car,Car,Going Ahead Other,No Skidding/Overturn,On Main CW - Not Rest.,Jct App,None,Did Not Leave,None,Front Hit First,Other/Not Known,Male,35,35-64
1210338080,Merton,22,523199,170777,1,Goods Vehicle,GDS =< 3.5T,Going Ahead Other,No Skidding/Overturn,On Main CW - Not Rest.,Jct App,Hit Animal (Not Rid-horse),Did Not Leave,None,Front Hit First,Jny Part Of Work,Male,22,17-24
1210338081,Redbridge,14,541912,191930,1,Car,Car,Slowing Or Stopping,No Skidding/Overturn,On Main CW - Not Rest.,Not At Jct,Hit Parked Veh,Did Not Leave,None,Front Hit First,Other/Not Known,Male,46,35-64
1210338089,Tower Hamlets,5,535010,181285,2,Car,Car,Going Ahead Other,No Skidding/Overturn,On Main CW - Not Rest.,Entering Main Rd,None,Did Not Leave,None,Front Hit First,Other/Not Known,Male,51,35-64
1210338091,Brent,28,517127,187928,1,Car,Car,Going Ahead Other,No Skidding/Overturn,On Main CW - Not Rest.,Not At Jct,Hit Parked Veh,Did Not Leave,None,Front Hit First,Other/Not Known,Female,74,65+
1210338104,Wandsworth,10,527910,173288,2,Car,Car,Going Ahead Right Bend,No Skidding/Overturn,On Main CW - Not Rest.,Not At Jct,None,Did Not Leave,None,Front Hit First,Unknown,Female,55,35-64
1210338109,Camden,2,528812,182593,1,Car,Car,Going Ahead Other,Skidded,On Main CW - Not Rest.,Jct App,Hit Bollard,Left Cwy Onto Central Res,Hit Rd Sign/Ats,Front Hit First,Other/Not Known,Male,55,35-64
1210338110,Wandsworth,10,528365,173430,2,Car,Car,Going Ahead Other,No Skidding/Overturn,On Main CW - Not Rest.,Not At Jct,None,Did Not Leave,None,Front Hit First,Jny Part Of Work,Male,41,35-64
1210338114,Tower Hamlets,5,534088,180989,1,Car,Car,Going Ahead Other,Skidded,On Main CW - Not Rest.,Jct Mid,None,Did Not Leave,None,Front Hit First,Other/Not Known,Male,19,17-24
1210338117,Croydon,20,532358,162847,2,Car,Car,Going Ahead Other,No Skidding/Overturn,On Main CW - Not Rest.,Entering Main Rd,None,Did Not Leave,None,Front Hit First,Unknown,Male,66,65+
1210338118,Barnet,30,525599,189726,1,Car,Car,Going Ahead Other,No Skidding/Overturn,On Main CW - Not Rest.,Not At Jct,None,Did Not Leave,None,Front Hit First,Other/Not Known,Male,63,35-64
1210338136,Waltham Forest,13,536235,192237,1,Goods Vehicle,GDS => 7.5T,Going Ahead Other,No Skidding/Overturn,On Main CW - Not Rest.,Not At Jct,None,Did Not Leave,None,Front Hit First,Jny Part Of Work,Male,38,35-64
1210338139,Greenwich,6,540653,174065,2,Car,Car,Turning Right,No Skidding/Overturn,On Main CW - Not Rest.,Jct Mid,None,Did Not Leave,None,Front Hit First,Unknown,Male,49,35-64