_Collision Id,Borough Name,Borough Number,Easting,Northing,_Vehicle Id,Vehicle Type Banded,Vehicle Type,Vehicle Manoeuvres,Vehicle Skidding and Overturning,Vehicle Restricted Lane,Location of Vehicle at First Impact,Vehicle Hit Object in Carriageway,Vehicle Leaving Carriageway,Vehicle Hit Object Off Carriageway,First Point of Impact,Journey Purpose,Driver Gender,Driver Age,Driver age (Banded)
1210338143,Islington,3,529769,185702,1,Car,Car,Moving Off,No Skidding/Overturn,On Main CW - Not Rest.,Jct Mid,None,Did Not Leave,None,Front Hit First,Taking Pupil To/From Sch,Male,67,65+
1210338147,Kensington & Chelsea,12,524675,181851,1,Car,Car,Moving Off,No Skidding/Overturn,On Main CW - Not Rest.,Jct Mid,None,Did Not Leave,None,Front Hit First,Taking Pupil To/From Sch,Female,24,17-24
1210338150,Wandsworth,10,527121,174999,2,Car,Car,Turning Right,No Skidding/Overturn,On Main CW - Not Rest.,Leaving Main Rd,None,Did Not Leave,None,Front Hit First,Taking Pupil To/From Sch,Female,46,35-64
1210338158,Lewisham,7,537349,176915,1,Car,Car,Unknown (S/R),Unknown (S/R),Unknown (S/R),Unknown (S/R),Unknown (S/R),Unknown (S/R),Unknown (S/R),Front Hit First,Other/Not Known,Female,29,25-34
1210338170,Richmond-Upon-Thames,24,517590,170230,2,Car,Car,Unknown (S/R),Unknown (S/R),Unknown (S/R),Unknown (S/R),Unknown (S/R),Unknown (S/R),Unknown (S/R),Front Hit First,Unknown,Male,46,35-64
1210338207,Southwark,8,534545,176477,1,Car,Car,Moving Off,No Skidding/Overturn,On Main CW - Not Rest.,Entering R'about,None,Did Not Leave,None,Front Hit First,Other/Not Known,Male,73,65+
1210338209,Westminster,1,526512,182282,1,Bus Or Coach,London Bus,Going Ahead Other,No Skidding/Overturn,On Main CW - Not Rest.,Jct App,None,Did Not Leave,None,Front Hit First,Jny Part Of Work,Male,52,35-64
1210338217,Tower Hamlets,5,537167,182784,2,Car,Car,Change Lane To Right,No Skidding/Overturn,On Main CW - Not Rest.,Jct App,None,Did Not Leave,None,Front Hit First,Comm To/From Work,Female,51,35-64
1210338223,Haringey,31,531518,189696,1,Goods Vehicle,GDS =< 3.5T,Turning Right,No Skidding/Overturn,On Main CW - Not Rest.,Jct Cleared,None,Did Not Leave,None,Front Hit First,Jny Part Of Work,Not Traced,26,25-34
1210338229,Greenwich,6,542184,179051,1,Taxi,Taxi,Going Ahead Other,No Skidding/Overturn,On Main CW - Not Rest.,Not At Jct,None,Did Not Leave,None,Front Hit First,Comm To/From Work,Male,66,65+
1210338233,Islington,3,531607,184752,1,Other Vehicle,Other Vehicle,Moving Off,No Skidding/Overturn,On Main CW - Not Rest.,Jct Mid,None,Did Not Leave,None,Front Hit First,Jny Part Of Work,Male,52,35-64
1210338240,Southwark,8,531783,179471,1,Goods Vehicle,GDS =< 3.5T,Turning Right,No Skidding/Overturn,On Main CW - Not Rest.,Leaving Main Rd,None,Did Not Leave,None,Front Hit First,Jny Part Of Work,Female,29,25-34
1210338250,Hounslow,25,514871,177157,1,Goods Vehicle,GDS =< 3.5T,Slowing Or Stopping,No Skidding/Overturn,On Main CW - Not Rest.,Jct App,None,Did Not Leave,None,Front Hit First,Unknown,Male,25,25-34
1210338254,Havering,15,551774,186734,1,Car,Car,Moving Off,No Skidding/Overturn,On Main CW - Not Rest.,Jct App,None,Did Not Leave,None,Front Hit First,Jny Part Of Work,Male,32,25-34
1210338268,Brent,28,521578,184019,1,Car,Car,Unknown (S/R),Unknown (S/R),Unknown (S/R),Not At Jct,Unknown (S/R),Unknown (S/R),Unknown (S/R),Front Hit First,Other/Not Known,Female,37,35-64
1210338290,Redbridge,14,543637,186258,1,Car,Car,Unknown (S/R),Unknown (S/R),Unknown (S/R),Not At Jct,Unknown (S/R),Unknown (S/R),Unknown (S/R),Front Hit First,Unknown,Female,22,17-24
1210338295,Enfield,32,534714,198991,1,Car,Car,Going Ahead Other,No Skidding/Overturn,On Main CW - Not Rest.,Jct Mid,None,Did Not Leave,None,Front Hit First,Unknown,Female,19,17-24
1210338296,Newham,17,543440,185729,1,Car,Car,Slowing Or Stopping,No Skidding/Overturn,On Main CW - Not Rest.,Not At Jct,None,Did Not Leave,None,Front Hit First,Unknown,Female,45,35-64
1210338300,Brent,28,521158,188555,1,Car,Car,Turning Right,No Skidding/Overturn,On Main CW - Not Rest.,Jct App,None,Did Not Leave,None,Front Hit First,Comm To/From Work,Female,25,25-34
1210338304,Haringey,31,531634,190340,2,Car,Car,Going Ahead Other,No Skidding/Overturn,On Main CW - Not Rest.,Jct Mid,None,Did Not Leave,None,Front Hit First,Other/Not Known,Female,30,25-34
1210338307,Westminster,1,530061,180955,1,Car,Car,Going Ahead Other,No Skidding/Overturn,On Main CW - Not Rest.,Not At Jct,None,Did Not Leave,None,Front Hit First,Jny Part Of Work,Male,53,35-64
1210338316,Brent,28,520991,185423,1,Car,Car,Turning Right,No Skidding/Overturn,On Main CW - Not Rest.,Jct Mid,None,Did Not Leave,None,Front Hit First,Unknown,Male,38,35-64
1210338317,Barnet,30,526279,193948,2,Car,Car,Unknown (S/R),Unknown (S/R),Unknown (S/R),Unknown (S/R),Unknown (S/R),Unknown (S/R),Unknown (S/R),Front Hit First,Unknown,Not Traced,31,25-34
1210338320,Camden,2,525335,183732,1,Bus Or Coach,London Bus,Going Ahead Other,No Skidding/Overturn,On Main CW - Not Rest.,Jct Cleared,None,Did Not Leave,None,Front Hit First,Jny Part Of Work,Male,62,35-64
1210338327,Ealing,27,516334,183270,1,Car,Car,Going Ahead Other,No Skidding/Overturn,On Main CW - Not Rest.,Jct Cleared,None,Did Not Leave,None,Front Hit First,Other/Not Known,Female,37,35-64
1210338335,Lambeth,9,529210,175038,1,Car,Car,Turning Left,Skidded,On Main CW - Not Rest.,Leaving Main Rd,None,Did Not Leave,None,Front Hit First,Other/Not Known,Male,20,17-24
1210338345,Croydon,20,530567,169726,1,Car,Car,Going Ahead Other,No Skidding/Overturn,On Main CW - Not Rest.,Jct Cleared,Hit Parked Veh,Did Not Leave,None,Front Hit First,Unknown,Male,29,25-34
1210338346,Southwark,8,533502,179781,1,Private Hire,Private Hire - Licensed,Going Ahead Held Up,No Skidding/Overturn,On Main CW - Not Rest.,Jct App,None,Did Not Leave,None,Front Hit First,Other/Not Known,Male,42,35-64
1210338348,Bexley,18,549471,175377,1,Car,Car,Going Ahead Other,No Skidding/Overturn,On Main CW - Not Rest.,Not At Jct,None,Left Cwy Offside,Wall Or Fence,Front Hit First,Unknown,Female,56,35-64
1210338354,Bromley,19,544348,170196,1,Car,Car,Going Ahead Other,No Skidding/Overturn,On Main CW - Not Rest.,Jct Mid,None,Did Not Leave,None,Front Hit First,Unknown,Male,66,65+
1210338381,Tower Hamlets,5,536904,181368,2,Car,Car,Unknown (S/R),Unknown (S/R),Unknown (S/R),Unknown (S/R),Unknown (S/R),Unknown (S/R),Unknown (S/R),Front Hit First,Unknown,Female,29,25-34
1210338388,Barking & Dagenham,16,547771,186227,1,Car,Car,Unknown (S/R),Unknown (S/R),Unknown (S/R),Unknown (S/R),Unknown (S/R),Unknown (S/R),Unknown (S/R),Front Hit First,Unknown,Female,49,35-64
1210338418,Barnet,30,527536,193227,2,Car,Car,Going Ahead Other,No Skidding/Overturn,On Main CW - Not Rest.,Jct Mid,None,Did Not Leave,None,Front Hit First,Other/Not Known,Female,34,25-34
1210338421,Sutton,21,526046,166629,2,Car,Car,Slowing Or Stopping,No Skidding/Overturn,On Main CW - Not Rest.,Leaving R'about,None,Did Not Leave,None,Front Hit First,Unknown,Male,28,25-34
1210338429,Brent,28,521379,183700,2,Car,Car,U-turning,No Skidding/Overturn,On Main CW - Not Rest.,Not At Jct,None,Did Not Leave,None,Front Hit First,Unknown,Male,64,35-64
1210338435,Hounslow,25,511070,174523,2,Car,Car,Turning Right,No Skidding/Overturn,On Main CW - Not Rest.,Jct App,None,Did Not Leave,None,Front Hit First,Jny Part Of Work,Male,32,25-34
1210338453,Croydon,20,531948,168145,1,Car,Car,Going Ahead Other,No Skidding/Overturn,On Main CW - Not Rest.,Jct App,None,Did Not Leave,None,Front Hit First,Comm To/From Work,Female,55,35-64
1210338460,Ealing,27,521394,182452,1,Car,Car,Going Ahead Other,No Skidding/Overturn,On Main CW - Not Rest.,Leaving R'about,None,Did Not Leave,None,Front Hit First,Unknown,Male,62,35-64
1210338465,Westminster,1,526838,182476,1,Car,Car,Turning Left,No Skidding/Overturn,On Main CW - Not Rest.,Entering Main Rd,None,Did Not Leave,None,Front Hit First,Other/Not Known,Male,58,35-64
1210338467,Croydon,20,533575,168162,2,Car,Car,Unknown (S/R),Unknown (S/R),Unknown (S/R),Unknown (S/R),Unknown (S/R),Unknown (S/R),Unknown (S/R),Front Hit First,Unknown,Male,29,25-34
1210338468,Hackney,4,533561,183059,2,Other Vehicle,Other Vehicle,Going Ahead Left Bend,Overturn,On Main CW - Not Rest.,Jct App,None,Did Not Leave,None,Front Hit First,Other/Not Known,Male,23,17-24
1210338474,Bexley,18,549626,175086,1,Car,Car,Waiting To Turn Left,No Skidding/Overturn,On Main CW - Not Rest.,Leaving R'about,None,Did Not Leave,None,Front Hit First,Comm To/From Work,Male,65,65+
1210338486,Hounslow,25,514761,176080,3,Car,Car,Moving Off,No Skidding/Overturn,On Main CW - Not Rest.,Not At Jct,Hit Parked Veh,Did Not Leave,None,Front Hit First,Other/Not Known,Male,71,65+
1210338488,Lewisham,7,537906,174449,1,Bus Or Coach,London Bus,Going Ahead Other,No Skidding/Overturn,Bus Lane,Jct App,None,Did Not Leave,None,Front Hit First,Jny Part Of Work,Male,50,35-64
1210338495,Havering,15,551257,188087,1,Goods Vehicle,GDS 3.5-7.5T,Slowing Or Stopping,No Skidding/Overturn,On Main CW - Not Rest.,Leaving R'about,None,Did Not Leave,None,Front Hit First,Jny Part Of Work,Male,37,35-64
1210338499,Lambeth,9,529516,170191,2,Car,Car,Unknown (S/R),Unknown (S/R),Unknown (S/R),Unknown (S/R),Unknown (S/R),Unknown (S/R),Unknown (S/R),Front Hit First,Unknown,Female,23,17-24
1210338500,Lambeth,9,530032,171252,1,Bus Or Coach,London Bus,Going Ahead Other,No Skidding/Overturn,Busway,Jct Cleared,None,Did Not Leave,None,Front Hit First,Jny Part Of Work,Male,55,35-64
1210338501,Croydon,20,532012,163671,1,Car,Car,Overtake Move Veh O/S,Skidded,On Main CW - Not Rest.,Jct Cleared,None,Left Cwy Offside,None,Front Hit First,Unknown,Male,20,17-24
1210338502,Lewisham,7,536718,177504,1,Car,Car,Going Ahead Other,No Skidding/Overturn,On Main CW - Not Rest.,Jct Mid,None,Did Not Leave,None,Front Hit First,Unknown,Male,25,25-34
1210338534,Havering,15,553895,185824,1,Car,Car,Going Ahead Other,Overturn,On Main CW - Not Rest.,Not At Jct,Hit Parked Veh,Did Not Leave,None,Front Hit First,Unknown,Male,19,17-24
1210338539,Merton,22,524227,167175,1,Private Hire,Private Hire - Licensed,Going Ahead Other,No Skidding/Overturn,Footway,Not At Jct,Hit Kerb,Left Cwy Nearside,Hit Lamp Post,Front Hit First,Comm To/From Work,Male,63,35-64
1210338542,Redbridge,14,546402,189179,1,Car,Car,Going Ahead Other,Overturn,On Main CW - Not Rest.,Not At Jct,Hit Oth Object,Left Cwy Nearside,Wall Or Fence,Front Hit First,Other/Not Known,Male,25,25-34
1210338544,Hackney,4,535155,184881,1,Car,Car,Turning Right,No Skidding/Overturn,On Main CW - Not Rest.,Jct App,None,Did Not Leave,None,Front Hit First,Other/Not Known,Male,34,25-34
1210338547,Southwark,8,533963,175926,1,Car,Car,Going Ahead Other,No Skidding/Overturn,On Main CW - Not Rest.,Jct Cleared,None,Did Not Leave,None,Front Hit First,Taking Pupil To/From Sch,Male,35,35-64
1210338558,Wandsworth,10,526249,172086,2,Car,Car,Unknown (S/R),Unknown (S/R),Unknown (S/R),Unknown (S/R),Unknown (S/R),Unknown (S/R),Unknown (S/R),Front Hit First,Unknown,Not Traced,55,35-64
1210338561,Merton,22,526177,168206,1,Car,Car,Going Ahead Held Up,No Skidding/Overturn,On Main CW - Not Rest.,Leaving R'about,None,Did Not Leave,None,Front Hit First,Comm To/From Work,Male,47,35-64
1210338565,Lewisham,7,535824,176854,2,Car,Car,Unknown (S/R),Unknown (S/R),Unknown (S/R),Unknown (S/R),Unknown (S/R),Unknown (S/R),Unknown (S/R),Front Hit First,Unknown,Not Traced,44,35-64
1210338566,Lambeth,9,533340,171188,1,Car,Car,Turning Right,No Skidding/Overturn,On Main CW - Not Rest.,Jct App,None,Did Not Leave,None,Front Hit First,Taking Pupil To/From Sch,Male,54,35-64
1210338577,Waltham Forest,13,536865,187504,2,Car,Car,Turning Right,No Skidding/Overturn,On Main CW - Not Rest.,Entering Main Rd,None,Did Not Leave,None,Front Hit First,Unknown,Female,31,25-34
1210338585,Croydon,20,532557,165617,1,Goods Vehicle,GDS => 7.5T,Slowing Or Stopping,No Skidding/Overturn,On Main CW - Not Rest.,Not At Jct,None,Did Not Leave,None,Front Hit First,Jny Part Of Work,Male,56,35-64
1210338596,Westminster,1,527208,182838,1,Goods Vehicle,GDS =< 3.5T,Going Ahead Right Bend,No Skidding/Overturn,On Main CW - Not Rest.,Entering R'about,None,Did Not Leave,None,Front Hit First,Jny Part Of Work,Male,32,25-34
1210338603,Hammersmith & Fulham,11,523091,181349,2,Car,Car,Unknown (S/R),Unknown (S/R),Unknown (S/R),Unknown (S/R),Unknown (S/R),Unknown (S/R),Unknown (S/R),Front Hit First,Unknown,Not Traced,42,35-64
1210338606,Redbridge,14,542357,187375,6,Car,Car,Going Ahead Other,Skidded,On Main CW - Not Rest.,Not At Jct,None,Did Not Leave,None,Front Hit First,Unknown,Male,22,17-24
1210338615,Kingston-Upon-Thames,23,518055,168647,1,Car,Car,Going Ahead Other,No Skidding/Overturn,On Main CW - Not Rest.,Jct App,None,Did Not Leave,None,Front Hit First,Comm To/From Work,Female,25,25-34
1210338620,Brent,28,524740,183966,1,Car,Car,Going Ahead Other,No Skidding/Overturn,On Main CW - Not Rest.,Jct App,None,Did Not Leave,None,Front Hit First,Comm To/From Work,Female,29,25-34
1210338626,Ealing,27,512933,184136,1,Car,Car,U-turning,No Skidding/Overturn,On Main CW - Not Rest.,Jct Mid,None,Did Not Leave,None,Front Hit First,Jny Part Of Work,Male,54,35-64
1210338628,Tower Hamlets,5,536505,182554,1,Car,Car,Going Ahead Other,No Skidding/Overturn,On Main CW - Not Rest.,Not At Jct,None,Did Not Leave,None,Front Hit First,Jny Part Of Work,Male,36,35-64
1210338644,Hillingdon,26,507616,179346,2,Car,Car,Going Ahead Other,No Skidding/Overturn,On Main CW - Not Rest.,Entering R'about,None,Did Not Leave,None,Front Hit First,Comm To/From Work,Female,52,35-64
1210338645,Newham,17,543284,180071,1,Car,Car,Going Ahead Left Bend,No Skidding/Overturn,On Main CW - Not Rest.,Jct App,Hit Oth Object,Did Not Leave,None,Front Hit First,Taking Pupil To/From Sch,Female,37,35-64
1210338652,Barking & Dagenham,16,547698,184366,1,Car,Car,Overtake Stat Veh O/S,No Skidding/Overturn,On Main CW - Not Rest.,Entering Main Rd,None,Did Not Leave,None,Front Hit First,Comm To/From Work,Female,46,35-64
1210338659,Merton,22,529521,169091,1,Car,Car,Unknown (S/R),Unknown (S/R),Unknown (S/R),Unknown (S/R),Unknown (S/R),Unknown (S/R),Unknown (S/R),Front Hit First,Other/Not Known,Female,32,25-34
1210338665,Richmond-Upon-Thames,24,513175,174335,2,Car,Car,Going Ahead Held Up,No Skidding/Overturn,On Main CW - Not Rest.,Jct App,None,Did Not Leave,None,Front Hit First,Unknown,Female,69,65+
1210338671,Newham,17,540165,180982,1,Bus Or Coach,London Bus,Going Ahead Right Bend,No Skidding/Overturn,On Main CW - Not Rest.,Jct Cleared,None,Did Not Leave,None,Front Hit First,Jny Part Of Work,Not Traced,22,17-24
1210338680,Haringey,31,533907,190256,2,Car,Car,Unknown (S/R),Unknown (S/R),Unknown (S/R),Unknown (S/R),Unknown (S/R),Unknown (S/R),Unknown (S/R),Front Hit First,Unknown,Not Traced,24,17-24
1210338684,Barking & Dagenham,16,544709,183532,1,Car,Car,Going Ahead Other,No Skidding/Overturn,On Main CW - Not Rest.,Jct App,None,Did Not Leave,None,Front Hit First,Unknown,Male,37,35-64
1210338690,Greenwich,6,543799,177946,1,Car,Car,Moving Off,No Skidding/Overturn,On Main CW - Not Rest.,Not At Jct,None,Did Not Leave,None,Front Hit First,Other/Not Known,Male,53,35-64
1210338699,Redbridge,14,543463,188291,2,Car,Car,Unknown (S/R),Unknown (S/R),Unknown (S/R),Unknown (S/R),Unknown (S/R),Unknown (S/R),Unknown (S/R),Front Hit First,Unknown,Male,42,35-64
1210338700,Camden,2,529176,183286,1,Car,Car,Turning Right,No Skidding/Overturn,On Main CW - Not Rest.,Jct Mid,None,Did Not Leave,None,Front Hit First,Comm To/From Work,Male,42,35-64
1210338715,Havering,15,553907,185980,1,Car,Car,Turning Right,No Skidding/Overturn,On Main CW - Not Rest.,Jct Mid,None,Did Not Leave,None,Front Hit First,Other/Not Known,Female,54,35-64
1210338718,Barnet,30,520019,192470,2,Car,Car,Turning Right,No Skidding/Overturn,On Main CW - Not Rest.,Jct Mid,None,Did Not Leave,None,Front Hit First,Other/Not Known,Male,18,17-24
1210338720,Greenwich,6,544363,177844,1,Car,Car,Going Ahead Left Bend,No Skidding/Overturn,On Main CW - Not Rest.,Not At Jct,None,Did Not Leave,None,Front Hit First,Other/Not Known,Male,60,35-64
1210338731,Barnet,30,527202,193612,2,Car,Car,Unknown (S/R),Unknown (S/R),Unknown (S/R),Unknown (S/R),Unknown (S/R),Unknown (S/R),Unknown (S/R),Front Hit First,Unknown,Male,41,35-64
1210338741,Wandsworth,10,525658,174605,1,Taxi,Taxi,Going Ahead Other,No Skidding/Overturn,Bus Lane,Jct App,None,Did Not Leave,None,Front Hit First,Jny Part Of Work,Male,60,35-64
1210338751,Croydon,20,532108,166093,1,Bus Or Coach,London Bus,Moving Off,No Skidding/Overturn,On Main CW - Not Rest.,Jct App,None,Did Not Leave,None,Front Hit First,Jny Part Of Work,Male,23,17-24
1210338756,Southwark,8,535087,179596,1,Car,Car,Moving Off,No Skidding/Overturn,On Main CW - Not Rest.,Entering R'about,None,Did Not Leave,None,Front Hit First,Other/Not Known,Male,26,25-34
1210338783,Bromley,19,546958,165279,2,Car,Car,Turning Right,Skidded,On Main CW - Not Rest.,Entering Main Rd,None,Did Not Leave,None,Front Hit First,Comm To/From Work,Male,56,35-64
1210338790,Wandsworth,10,528828,172746,2,Car,Car,Unknown (S/R),Unknown (S/R),Unknown (S/R),Unknown (S/R),Unknown (S/R),Unknown (S/R),Unknown (S/R),Front Hit First,Unknown,Not Traced,43,35-64
1210338824,Kensington & Chelsea,12,524126,179905,1,Car,Car,Turning Right,No Skidding/Overturn,On Main CW - Not Rest.,Jct App,None,Did Not Leave,None,Front Hit First,Other/Not Known,Male,60,35-64
1210338831,Greenwich,6,541102,175630,2,Car,Car,Slowing Or Stopping,No Skidding/Overturn,On Main CW - Not Rest.,Not At Jct,None,Did Not Leave,None,Front Hit First,Other/Not Known,Male,33,25-34
1210338836,Hounslow,25,514177,175908,2,Goods Vehicle,GDS =< 3.5T,Turning Left,No Skidding/Overturn,On Main CW - Not Rest.,Jct Cleared,None,Did Not Leave,None,Front Hit First,Jny Part Of Work,Male,46,35-64
1210338837,Bromley,19,536784,167885,1,Car,Car,Turning Right,No Skidding/Overturn,On Main CW - Not Rest.,Jct App,None,Did Not Leave,None,Front Hit First,Jny Part Of Work,Female,64,35-64
1210338845,Enfield,32,534711,193782,1,Car,Car,Going Ahead Right Bend,No Skidding/Overturn,On Main CW - Not Rest.,Jct Cleared,None,Did Not Leave,None,Front Hit First,Other/Not Known,Female,67,65+
1210338848,Barking & Dagenham,16,548916,187286,1,Car,Car,Going Ahead Other,No Skidding/Overturn,On Main CW - Not Rest.,Jct App,None,Did Not Leave,None,Front Hit First,Jny Part Of Work,Female,45,35-64
1210338853,Enfield,32,534921,199717,2,Car,Car,Unknown (S/R),Unknown (S/R),Unknown (S/R),Unknown (S/R),Unknown (S/R),Unknown (S/R),Unknown (S/R),Front Hit First,Unknown,Male,54,35-64
1210338854,Barking & Dagenham,16,544634,183108,2,Bus Or Coach,London Bus,Going Ahead Other,No Skidding/Overturn,On Main CW - Not Rest.,Jct Cleared,None,Did Not Leave,None,Front Hit First,Jny Part Of Work,Female,42,35-64
1210338862,Hillingdon,26,510600,179281,1,Car,Car,Going Ahead Other,No Skidding/Overturn,On Main CW - Not Rest.,Not At Jct,None,Did Not Leave,None,Front Hit First,Unknown,Female,25,25-34
1210338869,Tower Hamlets,5,534484,181801,2,Car,Car,Turning Right,No Skidding/Overturn,On Main CW - Not Rest.,Jct App,None,Did Not Leave,None,Front Hit First,Unknown,Male,31,25-34
1210338872,Hounslow,25,510868,175978,2,Car,Car,Unknown (S/R),Unknown (S/R),Unknown (S/R),Unknown (S/R),Unknown (S/R),Unknown (S/R),Unknown (S/R),Front Hit First,Unknown,Not Traced,39,35-64
1210338895,Enfield,32,535971,199755,2,Car,Car,Going Ahead Other,No Skidding/Overturn,On Main CW - Not Rest.,Jct App,None,Did Not Leave,None,Front Hit First,Other/Not Known,Male,37,35-64
1210338905,Harrow,29,517613,191144,3,Car,Car,Slowing Or Stopping,No Skidding/Overturn,On Main CW - Not Rest.,Not At Jct,Hit Parked Veh,Did Not Leave,None,Front Hit First,Comm To/From Work,Male,33,25-34
1210338931,Lambeth,9,530621,178967,2,Car,Car,Turning Right,No Skidding/Overturn,On Main CW - Not Rest.,Jct App,None,Did Not Leave,None,Front Hit First,Jny Part Of Work,Male,44,35-64
1210338945,Bexley,18,552706,175323,2,Car,Car,Unknown (S/R),Unknown (S/R),Unknown (S/R),Unknown (S/R),Unknown (S/R),Unknown (S/R),Unknown (S/R),Front Hit First,Unknown,Not Traced,57,35-64
1210338947,Brent,28,521346,183788,2,Car,Car,Going Ahead Other,Skidded,On Main CW - Not Rest.,Jct App,None,Did Not Leave,None,Front Hit First,Unknown,Male,19,17-24
1210338955,Harrow,29,518607,190519,1,Car,Car,Going Ahead Other,No Skidding/Overturn,On Main CW - Not Rest.,Jct App,None,Did Not Leave,None,Front Hit First,Other/Not Known,Female,35,35-64
1210338976,Lewisham,7,536074,176879,1,Car,Car,Moving Off,No Skidding/Overturn,On Main CW - Not Rest.,Not At Jct,Hit Kerb,Did Not Leave,None,Front Hit First,Other/Not Known,Male,21,17-24
1210338979,Lambeth,9,531213,180248,1,Car,Car,Going Ahead Held Up,No Skidding/Overturn,On Main CW - Not Rest.,Not At Jct,Hit Parked Veh,Did Not Leave,None,Front Hit First,Jny Part Of Work,Male,50,35-64
1210338983,Camden,2,529211,182713,1,Car,Car,Turning Right,No Skidding/Overturn,On Main CW - Not Rest.,Leaving Main Rd,None,Did Not Leave,None,Front Hit First,Comm To/From Work,Male,44,35-64
1210338984,Hillingdon,26,507505,184894,1,Car,Car,Going Ahead Other,No Skidding/Overturn,On Main CW - Not Rest.,Entering R'about,Hit Roundabout,Left Cwy Nearside,None,Front Hit First,Unknown,Male,25,25-34
1210339007,Ealing,27,515657,180361,1,Car,Car,Turning Left,No Skidding/Overturn,Cycle Lane (On CWY),Leaving Main Rd,None,Left Cwy Nearside,None,Front Hit First,Other/Not Known,Female,49,35-64
1210339009,Kensington & Chelsea,12,524485,181502,1,Car,Car,Going Ahead Other,Skidded,On Main CW - Not Rest.,Not At Jct,None,Left Cwy Onto Res/Rebound,Hit Central Bar,Front Hit First,Unknown,Male,19,17-24
1210339041,Brent,28,521166,185874,2,Goods Vehicle,GDS =< 3.5T,Going Ahead Held Up,No Skidding/Overturn,On Main CW - Not Rest.,Jct App,None,Did Not Leave,None,Front Hit First,Jny Part Of Work,Male,48,35-64
1210339067,Greenwich,6,543820,178957,1,Bus Or Coach,London Bus,Waiting To Turn Right,No Skidding/Overturn,On Main CW - Not Rest.,Jct App,Hit Bollard,Left Cwy Ahead At Junctn,Hit Oth Object,Front Hit First,Jny Part Of Work,Male,61,35-64
1210339068,Westminster,1,528836,177939,1,Goods Vehicle,GDS =< 3.5T,Going Ahead Other,No Skidding/Overturn,On Main CW - Not Rest.,Jct Cleared,None,Left Cwy Onto Central Res,Hit Rd Sign/Ats,Front Hit First,Jny Part Of Work,Male,52,35-64
1210339077,Kensington & Chelsea,12,524507,182013,1,Car,Car,Unknown (S/R),Unknown (S/R),Unknown (S/R),Unknown (S/R),Unknown (S/R),Unknown (S/R),Unknown (S/R),Front Hit First,Jny Part Of Work,Male,47,35-64
1210339078,Haringey,31,532263,190848,1,Car,Car,Going Ahead Other,Skidded,On Main CW - Not Rest.,Jct App,None,Left Cwy Onto Res/Rebound,Hit Tree,Front Hit First,Unknown,Male,37,35-64
1210339083,Ealing,27,516874,181436,2,Car,Car,Overtaking Nearside,No Skidding/Overturn,On Main CW - Not Rest.,Jct App,None,Did Not Leave,None,Front Hit First,Unknown,Female,43,35-64
1210339084,Lewisham,7,538148,171396,1,Car,Car,Unknown (S/R),Unknown (S/R),Unknown (S/R),Unknown (S/R),Unknown (S/R),Unknown (S/R),Unknown (S/R),Front Hit First,Other/Not Known,Female,37,35-64
1210339106,Haringey,31,532229,190730,1,Private Hire,Private Hire - Licensed,Turning Left,No Skidding/Overturn,On Main CW - Not Rest.,Leaving Main Rd,None,Did Not Leave,None,Front Hit First,Jny Part Of Work,Male,36,35-64
1210339109,Enfield,32,529663,192837,1,Car,Car,Unknown (S/R),Unknown (S/R),Unknown (S/R),Unknown (S/R),Unknown (S/R),Unknown (S/R),Unknown (S/R),Front Hit First,Other/Not Known,Female,18,17-24
1210339117,Newham,17,540381,184229,1,Private Hire,Private Hire - Licensed,Slowing Or Stopping,No Skidding/Overturn,On Main CW - Not Rest.,Jct App,Hit Oth Object,Did Not Leave,None,Front Hit First,Jny Part Of Work,Male,43,35-64
1210339120,Ealing,27,520542,180110,2,Car,Car,Unknown (S/R),Unknown (S/R),Unknown (S/R),Unknown (S/R),Unknown (S/R),Unknown (S/R),Unknown (S/R),Front Hit First,Unknown,Not Traced,19,17-24
1210339132,Croydon,20,533696,168777,2,Car,Car,Going Ahead Other,No Skidding/Overturn,On Main CW - Not Rest.,Jct App,None,Did Not Leave,None,Front Hit First,Other/Not Known,Male,47,35-64
1210339139,Westminster,1,526279,181759,2,Goods Vehicle,GDS =< 3.5T,Unknown (S/R),Unknown (S/R),Unknown (S/R),Unknown (S/R),Unknown (S/R),Unknown (S/R),Unknown (S/R),Front Hit First,Unknown,Not Traced,52,35-64
1210339141,Havering,15,553889,191262,1,Car,Car,Going Ahead Other,No Skidding/Overturn,On Main CW - Not Rest.,Jct Cleared,None,Did Not Leave,None,Front Hit First,Unknown,Male,24,17-24
1210339146,Hounslow,25,512709,176606,1,Car,Car,Going Ahead Other,No Skidding/Overturn,On Main CW - Not Rest.,Not At Jct,None,Did Not Leave,None,Front Hit First,Other/Not Known,Male,32,25-34
1210339154,Westminster,1,530122,178181,2,Car,Car,Moving Off,No Skidding/Overturn,On Main CW - Not Rest.,Not At Jct,None,Did Not Leave,None,Front Hit First,Other/Not Known,Female,24,17-24
1210339156,Redbridge,14,547625,188074,1,Car,Car,Going Ahead Other,No Skidding/Overturn,On Main CW - Not Rest.,Jct App,None,Did Not Leave,None,Front Hit First,Unknown,Male,40,35-64