_Collision Id,Borough Name,Borough Number,Easting,Northing,_Vehicle Id,Vehicle Type Banded,Vehicle Type,Vehicle Manoeuvres,Vehicle Skidding and Overturning,Vehicle Restricted Lane,Location of Vehicle at First Impact,Vehicle Hit Object in Carriageway,Vehicle Leaving Carriageway,Vehicle Hit Object Off Carriageway,First Point of Impact,Journey Purpose,Driver Gender,Driver Age,Driver age (Banded)
1210339163,Camden,2,529792,184353,1,Car,Car,Going Ahead Other,No Skidding/Overturn,On Main CW - Not Rest.,Jct Cleared,None,Did Not Leave,None,Front Hit First,Jny Part Of Work,Male,44,35-64
1210339166,Barking & Dagenham,16,545982,183539,1,Car,Car,Going Ahead Other,No Skidding/Overturn,Cycleway/Footway (Separated),Jct Mid,None,Did Not Leave,None,Front Hit First,Unknown,Male,42,35-64
1210339171,Lambeth,9,530204,172350,2,Car,Car,Going Ahead Other,No Skidding/Overturn,On Main CW - Not Rest.,Jct App,None,Did Not Leave,None,Front Hit First,Other/Not Known,Male,41,35-64
1210339174,Southwark,8,534596,174242,1,Private Hire,Private Hire - Licensed,Turning Right,No Skidding/Overturn,On Main CW - Not Rest.,Entering Main Rd,None,Did Not Leave,None,Front Hit First,Jny Part Of Work,Male,48,35-64
1210339178,Greenwich,6,543793,178467,2,Car,Car,Unknown (S/R),Unknown (S/R),Unknown (S/R),Unknown (S/R),Unknown (S/R),Unknown (S/R),Unknown (S/R),Front Hit First,Unknown,Male,74,65+
1210339179,Havering,15,550948,188836,1,Car,Car,Turning Left,No Skidding/Overturn,On Main CW - Not Rest.,Entering Main Rd,None,Did Not Leave,None,Front Hit First,Other/Not Known,Male,78,65+
1210339190,Ealing,27,520832,182338,1,Car,Car,Going Ahead Other,No Skidding/Overturn,On Main CW - Not Rest.,Jct Mid,None,Did Not Leave,None,Front Hit First,Comm To/From Work,Female,33,25-34
1210339203,Wandsworth,10,526225,175166,2,Private Hire,Private Hire - Licensed,Overtaking Nearside,No Skidding/Overturn,On Main CW - Not Rest.,Not At Jct,None,Did Not Leave,None,Front Hit First,Jny Part Of Work,Male,56,35-64
1210339210,Enfield,32,530979,192454,1,Car,Car,Going Ahead Other,Skidded,On Main CW - Not Rest.,Jct Mid,Hit Kerb,Did Not Leave,None,Front Hit First,Other/Not Known,Male,46,35-64
1210339219,Croydon,20,532427,167633,1,Car,Car,Going Ahead Right Bend,No Skidding/Overturn,Footway,Jct App,Hit Oth Object,Left Cwy Offside,Wall Or Fence,Front Hit First,Unknown,Female,31,25-34
1210339227,Hammersmith & Fulham,11,523185,181090,1,Car,Car,Turning Left,No Skidding/Overturn,On Main CW - Not Rest.,Entering From Slip,None,Did Not Leave,None,Front Hit First,Comm To/From Work,Male,38,35-64
1210339231,Hammersmith & Fulham,11,524349,175907,2,Car,Car,Unknown (S/R),Unknown (S/R),Unknown (S/R),Leaving Main Rd,Unknown (S/R),Unknown (S/R),Unknown (S/R),Front Hit First,Unknown,Not Traced,41,35-64
1210339233,Hillingdon,26,509497,179212,2,Car,Car,Going Ahead Other,No Skidding/Overturn,On Main CW - Not Rest.,Jct Mid,None,Did Not Leave,None,Front Hit First,Comm To/From Work,Male,64,35-64
1210339240,Ealing,27,513068,184285,1,Goods Vehicle,GDS =< 3.5T,Turning Right,No Skidding/Overturn,On Main CW - Not Rest.,Leaving Main Rd,None,Did Not Leave,None,Front Hit First,Jny Part Of Work,Male,31,25-34
1210339244,Harrow,29,513459,185555,1,Car,Car,Turning Left,No Skidding/Overturn,On Main CW - Not Rest.,Jct App,None,Did Not Leave,None,Front Hit First,Other/Not Known,Male,67,65+
1210339250,Newham,17,542182,185598,1,Car,Car,Turning Right,No Skidding/Overturn,On Main CW - Not Rest.,Jct App,None,Did Not Leave,None,Front Hit First,Other/Not Known,Male,41,35-64
1210339254,Brent,28,519449,188818,2,Goods Vehicle,GDS =< 3.5T,Slowing Or Stopping,No Skidding/Overturn,On Main CW - Not Rest.,Jct App,None,Left Cwy Nearside,None,Front Hit First,Other/Not Known,Male,31,25-34
1210339263,Havering,15,552200,184012,2,Car,Car,Going Ahead Other,No Skidding/Overturn,On Main CW - Not Rest.,Jct App,None,Did Not Leave,None,Front Hit First,Unknown,Not Traced,25,25-34
1210339272,Hillingdon,26,510306,188377,1,Car,Car,Unknown (S/R),Unknown (S/R),Unknown (S/R),Unknown (S/R),Unknown (S/R),Unknown (S/R),Unknown (S/R),Front Hit First,Other/Not Known,Female,35,35-64
1210339275,Sutton,21,525975,162902,2,Car,Car,Unknown (S/R),Unknown (S/R),Unknown (S/R),Unknown (S/R),Unknown (S/R),Unknown (S/R),Unknown (S/R),Front Hit First,Unknown,Not Traced,48,35-64
1210339285,Hounslow,25,511343,171459,2,Car,Car,Change Lane To Right,No Skidding/Overturn,On Main CW - Not Rest.,Not At Jct,None,Did Not Leave,None,Front Hit First,Other/Not Known,Female,44,35-64
1210339286,Ealing,27,514331,182266,2,Car,Car,Turning Right,No Skidding/Overturn,On Main CW - Not Rest.,Entering Main Rd,None,Did Not Leave,None,Front Hit First,Other/Not Known,Male,20,17-24
1210339293,Bexley,18,545504,171986,1,Car,Car,Turning Right,No Skidding/Overturn,On Main CW - Not Rest.,Jct Mid,None,Did Not Leave,None,Front Hit First,Unknown,Female,49,35-64
1210339297,Redbridge,14,540968,190927,2,Car,Car,Unknown (S/R),Unknown (S/R),Unknown (S/R),Unknown (S/R),Unknown (S/R),Unknown (S/R),Unknown (S/R),Front Hit First,Unknown,Male,52,35-64
1210339299,Westminster,1,528862,181192,1,Goods Vehicle,GDS =< 3.5T,Unknown (S/R),Unknown (S/R),Unknown (S/R),Unknown (S/R),Unknown (S/R),Unknown (S/R),Unknown (S/R),Front Hit First,Unknown,Male,50,35-64
1210339305,Enfield,32,532356,197046,1,Car,Car,Turning Left,No Skidding/Overturn,On Main CW - Not Rest.,Entering Main Rd,None,Did Not Leave,None,Front Hit First,Other/Not Known,Male,26,25-34
1210339306,Redbridge,14,545778,186834,1,Car,Car,Going Ahead Other,No Skidding/Overturn,On Main CW - Not Rest.,Jct Cleared,None,Did Not Leave,None,Front Hit First,Unknown,Female,28,25-34
1210339323,Wandsworth,10,527132,177138,2,Taxi,Taxi,Turning Right,No Skidding/Overturn,On Main CW - Not Rest.,Jct App,None,Did Not Leave,None,Front Hit First,Jny Part Of Work,Male,61,35-64
1210339330,Havering,15,558656,187901,2,Car,Car,Going Ahead Other,No Skidding/Overturn,On Main CW - Not Rest.,Not At Jct,None,Did Not Leave,None,Front Hit First,Other/Not Known,Male,23,17-24
1210339335,Kensington & Chelsea,12,525557,179369,1,Private Hire,Private Hire - Licensed,Going Ahead Other,No Skidding/Overturn,On Main CW - Not Rest.,Jct Cleared,None,Did Not Leave,None,Front Hit First,Unknown,Male,20,17-24
1210339338,Kensington & Chelsea,12,524727,181340,2,Car,Car,Turning Right,No Skidding/Overturn,On Main CW - Not Rest.,Jct App,None,Did Not Leave,None,Front Hit First,Other/Not Known,Male,28,25-34
1210339361,Wandsworth,10,527650,171280,1,Car,Car,Turning Right,No Skidding/Overturn,On Main CW - Not Rest.,Leaving Main Rd,None,Did Not Leave,None,Front Hit First,Other/Not Known,Male,36,35-64
1210339370,Lewisham,7,535958,178266,2,Car,Car,Going Ahead Held Up,Skidded,On Main CW - Not Rest.,Not At Jct,None,Did Not Leave,None,Front Hit First,Comm To/From Work,Female,39,35-64
1210339380,Croydon,20,532908,165733,1,Car,Car,Going Ahead Other,No Skidding/Overturn,Tram Track,Jct Cleared,None,Did Not Leave,None,Front Hit First,Unknown,Male,32,25-34
1210339388,Southwark,8,532342,178979,1,Private Hire,Private Hire - Licensed,Going Ahead Other,No Skidding/Overturn,On Main CW - Not Rest.,Not At Jct,None,Did Not Leave,None,Front Hit First,Jny Part Of Work,Male,47,35-64
1210339419,Barking & Dagenham,16,543774,184074,1,Car,Car,Going Ahead Other,No Skidding/Overturn,Cycle Lane (On CWY),Not At Jct,None,Did Not Leave,None,Front Hit First,Unknown,Female,25,25-34
1210339431,Wandsworth,10,528251,176538,2,Goods Vehicle,GDS =< 3.5T,Moving Off,No Skidding/Overturn,On Main CW - Not Rest.,Jct App,None,Did Not Leave,None,Front Hit First,Jny Part Of Work,Male,27,25-34
1210339436,Richmond-Upon-Thames,24,522478,175596,1,Car,Car,Going Ahead Other,No Skidding/Overturn,On Main CW - Not Rest.,Jct App,None,Did Not Leave,None,Front Hit First,Other/Not Known,Male,55,35-64
1210339440,Wandsworth,10,528167,175608,1,Car,Car,Going Ahead Other,No Skidding/Overturn,On Main CW - Not Rest.,Not At Jct,None,Did Not Leave,None,Front Hit First,Other/Not Known,Male,30,25-34
1210339442,Havering,15,558646,187966,1,Car,Car,Slowing Or Stopping,No Skidding/Overturn,On Main CW - Not Rest.,Jct App,None,Did Not Leave,None,Front Hit First,Unknown,Male,25,25-34
1210339473,Lambeth,9,530137,171931,3,Car,Car,Turning Right,No Skidding/Overturn,On Main CW - Not Rest.,Entering Main Rd,None,Did Not Leave,None,Front Hit First,Comm To/From Work,Female,23,17-24
1210339497,Barking & Dagenham,16,548162,183847,1,Car,Car,Change Lane To Right,No Skidding/Overturn,On Main CW - Not Rest.,Jct App,None,Did Not Leave,None,Front Hit First,Other/Not Known,Male,23,17-24
1210339500,Lewisham,7,534660,172987,1,Car,Car,Going Ahead Other,Overturn,On Main CW - Not Rest.,Jct Mid,None,Left Cwy Nearside,None,Front Hit First,Unknown,Female,21,17-24
1210339503,Southwark,8,535533,180373,1,Car,Car,Going Ahead Other,No Skidding/Overturn,On Main CW - Not Rest.,Not At Jct,None,Did Not Leave,None,Front Hit First,Jny Part Of Work,Male,51,35-64
1210339512,Islington,3,530319,187766,1,Car,Car,Turning Right,No Skidding/Overturn,On Main CW - Not Rest.,Jct App,None,Did Not Leave,None,Front Hit First,Unknown,Male,62,35-64
1210339514,Newham,17,542200,184939,1,Car,Car,Turning Right,No Skidding/Overturn,On Main CW - Not Rest.,Entering Main Rd,None,Did Not Leave,None,Front Hit First,Other/Not Known,Male,36,35-64
1210339521,Hackney,4,533209,182541,1,Goods Vehicle,GDS =< 3.5T,Going Ahead Other,No Skidding/Overturn,On Main CW - Not Rest.,Jct App,None,Did Not Leave,None,Front Hit First,Unknown,Male,35,35-64
1210339526,Croydon,20,531033,164891,2,Car,Car,Unknown (S/R),Unknown (S/R),Unknown (S/R),Leaving Main Rd,Unknown (S/R),Unknown (S/R),Unknown (S/R),Front Hit First,Unknown,Not Traced,46,35-64
1210339527,Haringey,31,535183,190977,1,Car,Car,Going Ahead Other,No Skidding/Overturn,On Main CW - Not Rest.,Not At Jct,Hit Oth Object,Left Cwy Cross Cent/Res,Hit Bus Stop,Front Hit First,Other/Not Known,Male,34,25-34
1210339562,Camden,2,529395,184168,1,Taxi,Taxi,Turning Right,No Skidding/Overturn,On Main CW - Not Rest.,Jct App,None,Did Not Leave,None,Front Hit First,Jny Part Of Work,Male,54,35-64
1210339564,Greenwich,6,541598,176997,2,Other Vehicle,Other Vehicle,Going Ahead Other,No Skidding/Overturn,Footway,Jct App,None,Did Not Leave,None,Front Hit First,Unknown,Female,24,17-24
1210339573,Redbridge,14,541648,188332,3,Car,Car,Slowing Or Stopping,No Skidding/Overturn,On Main CW - Not Rest.,Entering R'about,None,Did Not Leave,None,Front Hit First,Jny Part Of Work,Male,58,35-64
1210339578,Kensington & Chelsea,12,527847,179413,1,Car,Car,Turning Right,No Skidding/Overturn,On Main CW - Not Rest.,Jct Cleared,None,Did Not Leave,None,Front Hit First,Jny Part Of Work,Male,43,35-64
1210339583,Lewisham,7,536149,172509,1,Goods Vehicle,GDS =< 3.5T,Turning Left,No Skidding/Overturn,Footway,Entering Main Rd,None,Left Cwy Offside,Wall Or Fence,Front Hit First,Unknown,Male,67,65+
1210339588,Croydon,20,531443,162327,1,Car,Car,Going Ahead Held Up,No Skidding/Overturn,On Main CW - Not Rest.,Not At Jct,None,Did Not Leave,None,Front Hit First,Jny Part Of Work,Male,46,35-64
1210339595,Enfield,32,532035,193025,1,Car,Car,Going Ahead Other,No Skidding/Overturn,On Main CW - Not Rest.,Jct Mid,None,Did Not Leave,None,Front Hit First,Other/Not Known,Female,29,25-34
1210339596,Havering,15,556476,187878,2,Goods Vehicle,GDS =< 3.5T,Going Ahead Other,No Skidding/Overturn,On Main CW - Not Rest.,Jct App,None,Did Not Leave,None,Front Hit First,Other/Not Known,Male,31,25-34
1210339617,Hammersmith & Fulham,11,525909,177089,1,Car,Car,Waiting To Turn Right,No Skidding/Overturn,On Main CW - Not Rest.,Jct Mid,None,Did Not Leave,None,Front Hit First,Other/Not Known,Male,48,35-64
1210339618,Croydon,20,532644,165630,1,Bus Or Coach,London Bus,Going Ahead Other,No Skidding/Overturn,On Main CW - Not Rest.,Not At Jct,None,Did Not Leave,None,Front Hit First,Other/Not Known,Male,45,35-64
1210339619,Merton,22,528519,169497,1,Car,Car,Unknown (S/R),Unknown (S/R),Unknown (S/R),Unknown (S/R),Unknown (S/R),Unknown (S/R),Unknown (S/R),Front Hit First,Jny Part Of Work,Male,69,65+
1210339631,Kensington & Chelsea,12,526806,178823,1,Bus Or Coach,London Bus,Turning Left,No Skidding/Overturn,On Main CW - Not Rest.,Leaving Main Rd,None,Left Cwy Nearside,None,Front Hit First,Other/Not Known,Male,51,35-64
1210339644,Havering,15,553255,191206,2,Car,Car,Unknown (S/R),Unknown (S/R),Unknown (S/R),Not At Jct,Unknown (S/R),Unknown (S/R),Unknown (S/R),Front Hit First,Unknown,Not Traced,22,17-24
1210339674,Westminster,1,526426,181198,1,Car,Car,Turning Left,No Skidding/Overturn,On Main CW - Not Rest.,Jct Cleared,None,Did Not Leave,None,Front Hit First,Jny Part Of Work,Male,32,25-34
1210339686,Enfield,32,531177,192916,1,Car,Car,Going Ahead Other,No Skidding/Overturn,On Main CW - Not Rest.,Entering Main Rd,None,Did Not Leave,None,Front Hit First,Other/Not Known,Male,35,35-64
1210339688,Merton,22,529665,168851,2,Car,Car,Going Ahead Held Up,No Skidding/Overturn,On Main CW - Not Rest.,Jct App,None,Did Not Leave,None,Front Hit First,Other/Not Known,Male,20,17-24
1210339694,Sutton,21,528694,164792,1,Car,Car,Going Ahead Other,No Skidding/Overturn,On Main CW - Not Rest.,Not At Jct,None,Did Not Leave,None,Front Hit First,Other/Not Known,Male,59,35-64
1210339701,Bromley,19,543943,171109,1,Car,Car,Turning Right,No Skidding/Overturn,On Main CW - Not Rest.,Entering Main Rd,None,Did Not Leave,None,Front Hit First,Other/Not Known,Female,22,17-24
1210339703,Redbridge,14,545840,186345,1,Car,Car,Going Ahead Other,No Skidding/Overturn,On Main CW - Not Rest.,Jct Mid,None,Did Not Leave,None,Front Hit First,Other/Not Known,Female,34,25-34
1210339706,Barking & Dagenham,16,547886,186911,2,Goods Vehicle,GDS =< 3.5T,Moving Off,No Skidding/Overturn,On Main CW - Not Rest.,Entering Main Rd,None,Did Not Leave,None,Front Hit First,Comm To/From Work,Male,35,35-64
1210339722,Waltham Forest,13,537320,189203,1,Other Vehicle,Other Vehicle,Slowing Or Stopping,No Skidding/Overturn,On Main CW - Not Rest.,Jct App,None,Did Not Leave,None,Front Hit First,Comm To/From Work,Female,18,17-24
1210339725,Bexley,18,544842,175384,1,Car,Car,Turning Left,Skidded,On Main CW - Not Rest.,Jct Cleared,None,Left Cwy Offside,Wall Or Fence,Front Hit First,Other/Not Known,Female,19,17-24
1210339730,Sutton,21,526330,166852,2,Car,Car,Overtake Stat Veh O/S,No Skidding/Overturn,On Main CW - Not Rest.,Jct Mid,None,Left Cwy Nearside,Hit Lamp Post,Front Hit First,Other/Not Known,Female,56,35-64
1210339741,Merton,22,527880,169375,1,Car,Car,Going Ahead Right Bend,No Skidding/Overturn,On Main CW - Not Rest.,Entering Main Rd,None,Did Not Leave,None,Front Hit First,Jny Part Of Work,Male,34,25-34
1210339743,Lambeth,9,531406,179655,1,Car,Car,Going Ahead Other,No Skidding/Overturn,On Main CW - Not Rest.,Jct App,None,Did Not Leave,None,Front Hit First,Comm To/From Work,Male,21,17-24
1210339755,Wandsworth,10,527331,176318,2,Car,Car,Turning Right,No Skidding/Overturn,On Main CW - Not Rest.,Jct App,None,Did Not Leave,None,Front Hit First,Taking Pupil To/From Sch,Female,39,35-64
1210339772,Lambeth,9,531463,172974,2,Private Hire,Private Hire - Licensed,Going Ahead Other,No Skidding/Overturn,On Main CW - Not Rest.,Not At Jct,None,Did Not Leave,None,Front Hit First,Jny Part Of Work,Male,58,35-64
1210339773,Lambeth,9,531109,179457,2,Car,Car,Unknown (S/R),Unknown (S/R),Unknown (S/R),Unknown (S/R),Unknown (S/R),Unknown (S/R),Unknown (S/R),Front Hit First,Unknown,Not Traced,40,35-64
1210339783,Redbridge,14,540555,188402,1,Bus Or Coach,London Bus,Going Ahead Held Up,No Skidding/Overturn,On Main CW - Not Rest.,Jct App,None,Did Not Leave,None,Front Hit First,Jny Part Of Work,Male,50,35-64
1210339807,Hackney,4,532052,187485,1,Car,Car,Going Ahead Other,No Skidding/Overturn,On Main CW - Not Rest.,Jct Mid,None,Did Not Leave,None,Front Hit First,Unknown,Female,31,25-34
1210339819,Greenwich,6,541738,175223,3,Goods Vehicle,GDS =< 3.5T,Slowing Or Stopping,No Skidding/Overturn,On Main CW - Not Rest.,Jct App,None,Did Not Leave,None,Front Hit First,Jny Part Of Work,Male,43,35-64
1210339823,Merton,22,529689,168868,3,Car,Car,Going Ahead Other,No Skidding/Overturn,On Main CW - Not Rest.,Jct App,None,Did Not Leave,None,Front Hit First,Other/Not Known,Male,37,35-64
1210339830,Wandsworth,10,522781,173189,2,Car,Car,Slowing Or Stopping,No Skidding/Overturn,On Main CW - Not Rest.,Jct App,None,Did Not Leave,None,Front Hit First,Other/Not Known,Female,35,35-64
1210339833,Merton,22,524615,170680,1,Bus Or Coach,London Bus,Moving Off,No Skidding/Overturn,On Main CW - Not Rest.,Not At Jct,None,Did Not Leave,None,Front Hit First,Jny Part Of Work,Male,59,35-64
1210339868,Wandsworth,10,523218,174189,1,Goods Vehicle,GDS =< 3.5T,Going Ahead Left Bend,No Skidding/Overturn,On Main CW - Not Rest.,Not At Jct,None,Did Not Leave,None,Front Hit First,Jny Part Of Work,Male,32,25-34
1210339884,Harrow,29,515632,189018,2,Car,Car,Slowing Or Stopping,No Skidding/Overturn,On Main CW - Not Rest.,Jct Cleared,None,Did Not Leave,None,Front Hit First,Other/Not Known,Male,26,25-34
1210339906,Kensington & Chelsea,12,525910,178665,1,Car,Car,Going Ahead Other,No Skidding/Overturn,On Main CW - Not Rest.,Entering R'about,None,Left Cwy Nearside,None,Front Hit First,Comm To/From Work,Male,40,35-64
1210339911,Sutton,21,525064,162421,3,Car,Car,Going Ahead Other,No Skidding/Overturn,On Main CW - Not Rest.,Jct Cleared,None,Did Not Leave,None,Front Hit First,Comm To/From Work,Female,25,25-34
1210339919,Hounslow,25,512150,177311,1,Car,Car,U-turning,No Skidding/Overturn,On Main CW - Not Rest.,Jct Mid,None,Did Not Leave,None,Front Hit First,Comm To/From Work,Male,47,35-64
1210339931,Barking & Dagenham,16,547202,184994,1,Car,Car,Going Ahead Other,No Skidding/Overturn,On Main CW - Not Rest.,Jct Cleared,None,Did Not Leave,None,Front Hit First,Other/Not Known,Male,63,35-64
1210339934,Haringey,31,533471,188752,1,Car,Car,Change Lane To Right,No Skidding/Overturn,On Main CW - Not Rest.,Leaving Main Rd,None,Did Not Leave,None,Front Hit First,Unknown,Female,34,25-34
1210339949,Croydon,20,533618,166217,1,Car,Car,Going Ahead Other,No Skidding/Overturn,On Main CW - Not Rest.,Jct App,None,Did Not Leave,None,Front Hit First,Unknown,Female,31,25-34
1210339953,Havering,15,551856,186985,2,Car,Car,Going Ahead Left Bend,No Skidding/Overturn,On Main CW - Not Rest.,Not At Jct,None,Did Not Leave,None,Front Hit First,Other/Not Known,Male,27,25-34
1210339960,Barnet,30,523484,188822,1,Car,Car,Going Ahead Other,No Skidding/Overturn,On Main CW - Not Rest.,Not At Jct,Hit Parked Veh,Did Not Leave,None,Front Hit First,Unknown,Male,24,17-24
1210339962,Southwark,8,535262,178684,1,Car,Car,Going Ahead Other,No Skidding/Overturn,On Main CW - Not Rest.,Jct App,None,Did Not Leave,None,Front Hit First,Comm To/From Work,Male,39,35-64
1210339968,Tower Hamlets,5,535651,182137,1,Car,Car,Going Ahead Other,No Skidding/Overturn,On Main CW - Not Rest.,Jct App,None,Did Not Leave,None,Front Hit First,Other/Not Known,Female,31,25-34
1210339970,Westminster,1,525802,181381,2,Goods Vehicle,GDS =< 3.5T,Unknown (S/R),Unknown (S/R),Unknown (S/R),Unknown (S/R),Unknown (S/R),Unknown (S/R),Unknown (S/R),Front Hit First,Unknown,Not Traced,48,35-64
1210339979,Bromley,19,541806,159251,2,Car,Car,Going Ahead Other,No Skidding/Overturn,On Main CW - Not Rest.,Jct Cleared,None,Did Not Leave,None,Front Hit First,Other/Not Known,Male,21,17-24
1210339988,Ealing,27,516366,181967,1,Car,Car,Moving Off,No Skidding/Overturn,On Main CW - Not Rest.,Entering R'about,None,Did Not Leave,None,Front Hit First,Other/Not Known,Female,70,65+
1210339994,Barnet,30,521464,188732,2,Car,Car,Going Ahead Other,No Skidding/Overturn,On Main CW - Not Rest.,Entering Main Rd,None,Did Not Leave,None,Front Hit First,Unknown,Male,25,25-34
1210340019,Harrow,29,515078,188269,1,Car,Car,Unknown (S/R),Unknown (S/R),Unknown (S/R),Unknown (S/R),Unknown (S/R),Unknown (S/R),Unknown (S/R),Front Hit First,Unknown,Not Traced,39,35-64
1210340028,Richmond-Upon-Thames,24,512687,173569,1,Goods Vehicle,GDS =< 3.5T,Going Ahead Other,No Skidding/Overturn,On Main CW - Not Rest.,Entering R'about,None,Did Not Leave,None,Front Hit First,Jny Part Of Work,Male,46,35-64
1210340071,Richmond-Upon-Thames,24,518981,175774,1,Car,Car,Going Ahead Other,No Skidding/Overturn,On Main CW - Not Rest.,Jct App,None,Did Not Leave,None,Front Hit First,Unknown,Female,52,35-64
1210340072,Southwark,8,533573,180002,1,Car,Car,Overtake Stat Veh O/S,No Skidding/Overturn,Bus Lane,Not At Jct,None,Did Not Leave,None,Front Hit First,Unknown,Male,48,35-64
1210340084,Croydon,20,531390,165967,1,Car,Car,Unknown (S/R),Unknown (S/R),Unknown (S/R),Not At Jct,Unknown (S/R),Unknown (S/R),Unknown (S/R),Front Hit First,Other/Not Known,Male,52,35-64
1210340087,Brent,28,519357,186598,2,Goods Vehicle,GDS =< 3.5T,Going Ahead Other,No Skidding/Overturn,On Main CW - Not Rest.,Jct App,None,Did Not Leave,None,Front Hit First,Comm To/From Work,Male,21,17-24
1210340092,Croydon,20,530916,166021,2,Car,Car,Going Ahead Other,No Skidding/Overturn,On Main CW - Not Rest.,Not At Jct,None,Did Not Leave,None,Front Hit First,Unknown,Male,31,25-34
1210340096,Waltham Forest,13,539010,189057,1,Private Hire,Private Hire - Licensed,Change Lane To Right,No Skidding/Overturn,On Main CW - Not Rest.,Not At Jct,None,Did Not Leave,None,Front Hit First,Jny Part Of Work,Male,39,35-64
1210340098,Lewisham,7,541314,172243,1,Car,Car,Unknown (S/R),Unknown (S/R),Unknown (S/R),Unknown (S/R),Unknown (S/R),Unknown (S/R),Unknown (S/R),Front Hit First,Comm To/From Work,Male,61,35-64
1210340102,Barnet,30,524971,191197,2,Car,Car,Unknown (S/R),Unknown (S/R),Unknown (S/R),Not At Jct,Unknown (S/R),Unknown (S/R),Unknown (S/R),Front Hit First,Unknown,Female,35,35-64
1210340106,Hillingdon,26,510098,185992,1,Car,Car,Turning Right,No Skidding/Overturn,On Main CW - Not Rest.,Jct App,None,Did Not Leave,None,Front Hit First,Other/Not Known,Male,56,35-64
1210340119,Hounslow,25,513521,175897,1,Car,Car,Going Ahead Other,No Skidding/Overturn,On Main CW - Not Rest.,Jct App,None,Did Not Leave,None,Front Hit First,Unknown,Male,52,35-64
1210340120,Richmond-Upon-Thames,24,514148,169463,1,Car,Car,Turning Left,No Skidding/Overturn,On Main CW - Not Rest.,Jct Mid,None,Did Not Leave,None,Front Hit First,Unknown,Female,51,35-64
1210340126,Islington,3,530327,186994,1,Goods Vehicle,GDS =< 3.5T,Turning Left,No Skidding/Overturn,Footway,Jct Cleared,Hit Parked Veh,Did Not Leave,None,Front Hit First,Unknown,Male,28,25-34
1210340131,Newham,17,539872,184765,1,Bus Or Coach,London Bus,Going Ahead Other,No Skidding/Overturn,On Main CW - Not Rest.,Jct App,None,Did Not Leave,None,Front Hit First,Jny Part Of Work,Male,39,35-64
1210340140,Lambeth,9,531233,177668,1,Car,Car,Going Ahead Left Bend,No Skidding/Overturn,On Main CW - Not Rest.,Jct Mid,None,Did Not Leave,None,Front Hit First,Other/Not Known,Male,56,35-64
1210340151,Ealing,27,511317,182829,1,Car,Car,Turning Right,No Skidding/Overturn,On Main CW - Not Rest.,Jct Mid,None,Did Not Leave,None,Front Hit First,Comm To/From Work,Male,30,25-34
1210340154,Hammersmith & Fulham,11,524557,178407,1,Car,Car,Slowing Or Stopping,No Skidding/Overturn,On Main CW - Not Rest.,Jct App,None,Did Not Leave,None,Front Hit First,Jny Part Of Work,Male,21,17-24
1210340160,Camden,2,528821,182648,1,Goods Vehicle,GDS 3.5-7.5T,Overtaking Nearside,No Skidding/Overturn,On Main CW - Not Rest.,Not At Jct,None,Did Not Leave,None,Front Hit First,Comm To/From Work,Male,30,25-34
1210340176,Hammersmith & Fulham,11,522698,178755,2,Car,Car,Going Ahead Other,No Skidding/Overturn,On Main CW - Not Rest.,Entering Main Rd,None,Did Not Leave,None,Front Hit First,Other/Not Known,Male,51,35-64
1210340187,Newham,17,540059,182311,2,Car,Car,Going Ahead Other,No Skidding/Overturn,On Main CW - Not Rest.,Not At Jct,Hit Parked Veh,Did Not Leave,None,Front Hit First,Unknown,Male,18,17-24
1210340191,Havering,15,551754,189350,1,Car,Car,Waiting To Turn Right,No Skidding/Overturn,On Main CW - Not Rest.,Jct Mid,None,Did Not Leave,None,Front Hit First,Unknown,Female,32,25-34
1210340196,Bexley,18,551579,177008,2,Car,Car,Going Ahead Other,No Skidding/Overturn,On Main CW - Not Rest.,Not At Jct,None,Did Not Leave,None,Front Hit First,Unknown,Male,29,25-34
1210340205,Redbridge,14,545097,192670,1,Car,Car,Going Ahead Other,No Skidding/Overturn,On Main CW - Not Rest.,Leaving Main Rd,None,Did Not Leave,None,Front Hit First,Comm To/From Work,Male,71,65+
1210340209,Islington,3,531198,184150,1,Car,Car,Going Ahead Other,No Skidding/Overturn,On Main CW - Not Rest.,Jct Mid,None,Did Not Leave,None,Front Hit First,Unknown,Male,20,17-24
1210340236,Camden,2,530890,181933,1,Goods Vehicle,GDS =< 3.5T,Turning Right,No Skidding/Overturn,On Main CW - Not Rest.,Not At Jct,None,Did Not Leave,None,Front Hit First,Jny Part Of Work,Male,35,35-64
1210340253,Southwark,8,534185,177998,2,Car,Car,Waiting To Turn Left,No Skidding/Overturn,On Main CW - Not Rest.,Jct App,None,Did Not Leave,None,Front Hit First,Comm To/From Work,Male,87,65+
1210340259,Merton,22,523307,169341,1,Car,Car,Unknown (S/R),Unknown (S/R),Unknown (S/R),Unknown (S/R),Unknown (S/R),Unknown (S/R),Unknown (S/R),Front Hit First,Other/Not Known,Male,58,35-64