_Collision Id,Borough Name,Borough Number,Easting,Northing,_Vehicle Id,Vehicle Type Banded,Vehicle Type,Vehicle Manoeuvres,Vehicle Skidding and Overturning,Vehicle Restricted Lane,Location of Vehicle at First Impact,Vehicle Hit Object in Carriageway,Vehicle Leaving Carriageway,Vehicle Hit Object Off Carriageway,First Point of Impact,Journey Purpose,Driver Gender,Driver Age,Driver age (Banded)
1210342126,Bexley,18,546528,174442,1,Car,Car,Going Ahead Other,No Skidding/Overturn,On Main CW - Not Rest.,Not At Jct,None,Did Not Leave,None,Front Hit First,Unknown,Not Traced,20,17-24
1210342127,Enfield,32,533855,194884,2,Car,Car,Going Ahead Other,No Skidding/Overturn,On Main CW - Not Rest.,Jct App,None,Did Not Leave,None,Front Hit First,Unknown,Male,30,25-34
1210342132,Newham,17,542314,184364,1,Other Vehicle,Other Vehicle,Unknown (S/R),No Skidding/Overturn,On Main CW - Not Rest.,Jct Mid,Unknown (S/R),Did Not Leave,None,Front Hit First,Unknown,Male,32,25-34
1210342163,Kingston-Upon-Thames,23,517868,164046,1,Car,Car,Waiting To Turn Left,No Skidding/Overturn,On Main CW - Not Rest.,Entering R'about,None,Did Not Leave,None,Front Hit First,Other/Not Known,Male,58,35-64
1210342168,Wandsworth,10,522658,173137,2,Car,Car,Slowing Or Stopping,No Skidding/Overturn,On Main CW - Not Rest.,Not At Jct,None,Did Not Leave,None,Front Hit First,Other/Not Known,Male,51,35-64
1210342171,Lewisham,7,535799,173173,1,Car,Car,Waiting To Turn Right,No Skidding/Overturn,On Main CW - Not Rest.,Jct Mid,None,Did Not Leave,None,Front Hit First,Unknown,Female,67,65+
1210342181,Wandsworth,10,524076,175005,1,Car,Car,Turning Right,No Skidding/Overturn,On Main CW - Not Rest.,Jct Cleared,None,Did Not Leave,None,Front Hit First,Other/Not Known,Male,40,35-64
1210342182,Sutton,21,529428,167125,1,Car,Car,Going Ahead Other,No Skidding/Overturn,On Main CW - Not Rest.,Jct App,Hit Parked Veh,Did Not Leave,None,Front Hit First,Other/Not Known,Male,41,35-64
1210342188,Bexley,18,547729,173888,1,Car,Car,Going Ahead Right Bend,No Skidding/Overturn,On Main CW - Not Rest.,Jct App,None,Did Not Leave,None,Front Hit First,Other/Not Known,Male,23,17-24
1210342192,Enfield,32,534084,193364,1,Car,Car,Going Ahead Other,No Skidding/Overturn,On Main CW - Not Rest.,Jct App,None,Left Cwy Offside,Wall Or Fence,Front Hit First,Unknown,Male,28,25-34
1210342194,Hounslow,25,512290,176489,1,Car,Car,Turning Right,No Skidding/Overturn,On Main CW - Not Rest.,Jct Mid,None,Did Not Leave,None,Front Hit First,Other/Not Known,Male,70,65+
1210342227,Enfield,32,534356,192803,1,Car,Car,Going Ahead Other,No Skidding/Overturn,On Main CW - Not Rest.,Not At Jct,None,Did Not Leave,None,Front Hit First,Other/Not Known,Male,56,35-64
1210342231,Lambeth,9,529981,172832,1,Car,Car,Going Ahead Other,No Skidding/Overturn,On Main CW - Not Rest.,Not At Jct,Hit Parked Veh,Did Not Leave,None,Front Hit First,Other/Not Known,Male,28,25-34
1210342235,Barking & Dagenham,16,547723,187223,1,Car,Car,Going Ahead Other,No Skidding/Overturn,On Main CW - Not Rest.,Jct Mid,None,Did Not Leave,None,Front Hit First,Other/Not Known,Male,30,25-34
1210342236,Enfield,32,530166,192125,2,Car,Car,Going Ahead Other,No Skidding/Overturn,On Main CW - Not Rest.,Jct Mid,None,Did Not Leave,None,Front Hit First,Jny Part Of Work,Male,24,17-24
1210342238,Hillingdon,26,508507,186927,2,Car,Car,Moving Off,No Skidding/Overturn,On Main CW - Not Rest.,Entering Main Rd,None,Did Not Leave,None,Front Hit First,Other/Not Known,Not Traced,25,25-34
1210342241,Hillingdon,26,509842,179854,1,Car,Car,Going Ahead Other,No Skidding/Overturn,On Main CW - Not Rest.,Entering R'about,None,Did Not Leave,None,Front Hit First,Other/Not Known,Male,17,17-24
1210342246,Southwark,8,534338,176778,2,Car,Car,Turning Right,No Skidding/Overturn,Bus Lane,Not At Jct,None,Did Not Leave,None,Front Hit First,Jny Part Of Work,Male,53,35-64
1210342250,Bromley,19,540467,167421,1,Car,Car,Going Ahead Other,No Skidding/Overturn,Tram Track,Leaving R'about,None,Did Not Leave,None,Front Hit First,Unknown,Male,85,65+
1210342262,Hillingdon,26,509644,178317,1,Car,Car,Unknown (S/R),Unknown (S/R),On Main CW - Not Rest.,Not At Jct,Unknown (S/R),Unknown (S/R),Unknown (S/R),Front Hit First,Other/Not Known,Male,24,17-24
1210342272,Bromley,19,540890,165542,1,Car,Car,Going Ahead Other,No Skidding/Overturn,On Main CW - Not Rest.,Jct App,None,Did Not Leave,None,Front Hit First,Unknown,Female,41,35-64
1210342279,Wandsworth,10,527425,175462,1,Car,Car,Turning Left,No Skidding/Overturn,On Main CW - Not Rest.,Leaving Main Rd,None,Did Not Leave,None,Front Hit First,Other/Not Known,Female,45,35-64
1210342280,Redbridge,14,540674,189526,2,Car,Car,Unknown (S/R),Unknown (S/R),Unknown (S/R),Unknown (S/R),Unknown (S/R),Unknown (S/R),Unknown (S/R),Front Hit First,Unknown,Male,31,25-34
1210342287,Sutton,21,526199,163693,2,Goods Vehicle,GDS =< 3.5T,Moving Off,No Skidding/Overturn,On Main CW - Not Rest.,Not At Jct,None,Did Not Leave,None,Front Hit First,Unknown,Male,29,25-34
1210342290,Southwark,8,531922,178986,1,Car,Car,Moving Off,No Skidding/Overturn,On Main CW - Not Rest.,Jct App,None,Did Not Leave,None,Front Hit First,Unknown,Male,24,17-24
1210342293,Brent,28,520845,188487,1,Car,Car,Turning Right,No Skidding/Overturn,On Main CW - Not Rest.,Jct App,None,Did Not Leave,None,Front Hit First,Other/Not Known,Male,58,35-64
1210342298,Greenwich,6,543251,174440,2,Car,Car,Moving Off,No Skidding/Overturn,On Main CW - Not Rest.,Jct Mid,None,Did Not Leave,None,Front Hit First,Other/Not Known,Male,69,65+
1210342299,Richmond-Upon-Thames,24,514963,174047,1,Car,Car,Turning Right,No Skidding/Overturn,On Main CW - Not Rest.,Jct App,None,Did Not Leave,None,Front Hit First,Other/Not Known,Female,22,17-24
1210342304,Merton,22,523888,169932,1,Car,Car,Turning Right,No Skidding/Overturn,On Main CW - Not Rest.,Jct App,None,Did Not Leave,None,Front Hit First,Other/Not Known,Female,59,35-64
1210342305,Croydon,20,532198,168834,1,Car,Car,Turning Right,No Skidding/Overturn,On Main CW - Not Rest.,Jct Mid,None,Did Not Leave,None,Front Hit First,Other/Not Known,Male,87,65+
1210342308,Brent,28,521746,185621,1,Other Vehicle,Other Vehicle,Slowing Or Stopping,No Skidding/Overturn,On Main CW - Not Rest.,Jct App,None,Did Not Leave,None,Front Hit First,Jny Part Of Work,Male,29,25-34
1210342314,Croydon,20,532578,164565,2,Car,Car,Going Ahead Held Up,No Skidding/Overturn,On Main CW - Not Rest.,Entering Main Rd,None,Did Not Leave,None,Front Hit First,Other/Not Known,Male,47,35-64
1210342317,Wandsworth,10,522386,173773,1,Car,Car,Going Ahead Other,No Skidding/Overturn,On Main CW - Not Rest.,Jct Mid,None,Did Not Leave,None,Front Hit First,Other/Not Known,Male,40,35-64
1210342334,Havering,15,551799,187226,3,Car,Car,Unknown (S/R),Unknown (S/R),Unknown (S/R),Not At Jct,Unknown (S/R),Unknown (S/R),Unknown (S/R),Front Hit First,Unknown,Not Traced,19,17-24
1210342335,Barnet,30,522850,191558,2,Car,Car,Going Ahead Right Bend,No Skidding/Overturn,Footway,Not At Jct,None,Did Not Leave,None,Front Hit First,Other/Not Known,Male,61,35-64
1210342354,Kensington & Chelsea,12,526945,177494,2,Car,Car,Unknown (S/R),Unknown (S/R),Unknown (S/R),Unknown (S/R),Unknown (S/R),Unknown (S/R),Unknown (S/R),Front Hit First,Unknown,Not Traced,28,25-34
1210342357,Brent,28,520468,186533,2,Car,Car,Change Lane To Left,No Skidding/Overturn,On Main CW - Not Rest.,Jct App,None,Did Not Leave,None,Front Hit First,Other/Not Known,Male,36,35-64
1210342361,Haringey,31,530972,188411,2,Car,Car,Unknown (S/R),Unknown (S/R),Unknown (S/R),Unknown (S/R),Unknown (S/R),Unknown (S/R),Unknown (S/R),Front Hit First,Unknown,Not Traced,75,65+
1210342367,Wandsworth,10,527453,177065,1,Car,Car,Going Ahead Other,Overturn,On Main CW - Not Rest.,Jct App,Hit Parked Veh,Did Not Leave,None,Front Hit First,Other/Not Known,Male,19,17-24
1210342371,Southwark,8,532503,178971,1,Car,Car,Overtake Move Veh O/S,Skid/Over,On Main CW - Not Rest.,Jct App,Hit Kerb,Did Not Leave,None,Front Hit First,Unknown,Male,47,35-64
1210342378,Southwark,8,535155,177854,1,Car,Car,Unknown (S/R),Unknown (S/R),Unknown (S/R),Unknown (S/R),Unknown (S/R),Unknown (S/R),Unknown (S/R),Front Hit First,Comm To/From Work,Female,24,17-24
1210342386,Wandsworth,10,527638,171808,1,Car,Car,Going Ahead Other,No Skidding/Overturn,On Main CW - Not Rest.,Jct App,None,Did Not Leave,None,Front Hit First,Other/Not Known,Male,34,25-34
1210342391,Ealing,27,515322,185181,1,Car,Car,U-turning,No Skidding/Overturn,On Main CW - Not Rest.,Jct App,None,Did Not Leave,None,Front Hit First,Other/Not Known,Male,48,35-64
1210342407,Southwark,8,535572,178729,1,Car,Car,Going Ahead Other,No Skidding/Overturn,On Main CW - Not Rest.,Jct Cleared,None,Did Not Leave,None,Front Hit First,Other/Not Known,Male,44,35-64
1210342414,Lambeth,9,532625,173067,2,Car,Car,Unknown (S/R),Unknown (S/R),Unknown (S/R),Not At Jct,Unknown (S/R),Unknown (S/R),Unknown (S/R),Front Hit First,Unknown,Not Traced,44,35-64
1210342417,Tower Hamlets,5,534386,182122,1,Private Hire,Private Hire - Licensed,Slowing Or Stopping,No Skidding/Overturn,On Main CW - Not Rest.,Jct Mid,None,Did Not Leave,None,Front Hit First,Jny Part Of Work,Male,60,35-64
1210342421,Ealing,27,514250,180017,1,Car,Car,Turning Right,No Skidding/Overturn,On Main CW - Not Rest.,Jct Cleared,None,Did Not Leave,None,Front Hit First,Unknown,Male,27,25-34
1210342423,Croydon,20,532894,169974,1,Car,Car,Going Ahead Other,Skidded,Footway,Not At Jct,Hit Bollard,Left Cwy Nearside,Hit Tree,Front Hit First,Unknown,Male,21,17-24
1210342424,Barnet,30,525984,193963,1,Car,Car,Going Ahead Other,No Skidding/Overturn,On Main CW - Not Rest.,Not At Jct,Hit Parked Veh,Did Not Leave,None,Front Hit First,Comm To/From Work,Male,42,35-64
1210342429,Hammersmith & Fulham,11,523491,181086,2,Goods Vehicle,GDS =< 3.5T,Going Ahead Other,No Skidding/Overturn,On Main CW - Not Rest.,Jct Mid,None,Did Not Leave,None,Front Hit First,Unknown,Not Traced,52,35-64
1210342442,Enfield,32,535505,195685,1,Car,Car,Moving Off,No Skidding/Overturn,On Main CW - Not Rest.,Jct App,None,Did Not Leave,None,Front Hit First,Comm To/From Work,Female,49,35-64
1210342454,Westminster,1,526980,180992,1,Private Hire,Private Hire - Licensed,Moving Off,No Skidding/Overturn,On Main CW - Not Rest.,Leaving R'about,None,Did Not Leave,None,Front Hit First,Unknown,Male,35,35-64
1210342455,Haringey,31,533890,191244,3,Car,Car,Going Ahead Held Up,No Skidding/Overturn,On Main CW - Not Rest.,Jct App,None,Did Not Leave,None,Front Hit First,Comm To/From Work,Male,49,35-64
1210342486,Haringey,31,531883,187917,1,Car,Car,Turning Right,No Skidding/Overturn,On Main CW - Not Rest.,Jct Mid,None,Did Not Leave,None,Front Hit First,Comm To/From Work,Male,49,35-64
1210342488,Hillingdon,26,505712,185618,3,Car,Car,Going Ahead Other,No Skidding/Overturn,On Main CW - Not Rest.,Not At Jct,None,Did Not Leave,None,Front Hit First,Comm To/From Work,Male,28,25-34
1210342491,Havering,15,550683,189556,1,Car,Car,Going Ahead Other,No Skidding/Overturn,On Main CW - Not Rest.,Jct Mid,None,Did Not Leave,None,Front Hit First,Jny Part Of Work,Female,27,25-34
1210342499,Bexley,18,547180,171592,2,Goods Vehicle,GDS =< 3.5T,Slowing Or Stopping,No Skidding/Overturn,On Main CW - Not Rest.,Not At Jct,None,Did Not Leave,None,Front Hit First,Jny Part Of Work,Male,55,35-64
1210342504,Bromley,19,540362,170942,1,Car,Car,Overtake Move Veh O/S,No Skidding/Overturn,On Main CW - Not Rest.,Jct Mid,None,Did Not Leave,None,Front Hit First,Jny Part Of Work,Male,40,35-64
1210342506,Greenwich,6,544061,178572,2,Car,Car,Unknown (S/R),Unknown (S/R),Unknown (S/R),Unknown (S/R),Unknown (S/R),Unknown (S/R),Unknown (S/R),Front Hit First,Unknown,Not Traced,28,25-34
1210342516,Wandsworth,10,523827,174918,2,Car,Car,Unknown (S/R),Unknown (S/R),Unknown (S/R),Unknown (S/R),Unknown (S/R),Unknown (S/R),Unknown (S/R),Front Hit First,Unknown,Male,21,17-24
1210342522,Newham,17,542597,183571,2,Car,Car,Unknown (S/R),No Skidding/Overturn,On Main CW - Not Rest.,Unknown (S/R),None,Did Not Leave,None,Front Hit First,Unknown,Female,35,35-64
1210342523,Tower Hamlets,5,534408,182289,1,Car,Car,Unknown (S/R),Unknown (S/R),Unknown (S/R),Not At Jct,Unknown (S/R),Unknown (S/R),Unknown (S/R),Front Hit First,Other/Not Known,Female,29,25-34
1210342542,Ealing,27,514327,182261,1,Car,Car,Turning Right,No Skidding/Overturn,On Main CW - Not Rest.,Entering Main Rd,None,Did Not Leave,None,Front Hit First,Other/Not Known,Female,69,65+
1210342548,Brent,28,519428,186433,2,Car,Car,Waiting To Turn Left,No Skidding/Overturn,On Main CW - Not Rest.,Jct App,None,Did Not Leave,None,Front Hit First,Taking Pupil To/From Sch,Male,65,65+
1210342566,Havering,15,551102,191690,1,Car,Car,Turning Right,No Skidding/Overturn,On Main CW - Not Rest.,Jct App,None,Did Not Leave,None,Front Hit First,Other/Not Known,Female,55,35-64
1210342572,Barking & Dagenham,16,548842,186315,1,Car,Car,U-turning,No Skidding/Overturn,On Main CW - Not Rest.,Jct Cleared,None,Did Not Leave,None,Front Hit First,Unknown,Female,52,35-64
1210342578,Sutton,21,523007,165408,1,Car,Car,Turning Right,No Skidding/Overturn,On Main CW - Not Rest.,Jct Mid,None,Did Not Leave,None,Front Hit First,Taking Pupil To/From Sch,Female,51,35-64
1210342598,Redbridge,14,546266,187388,1,Car,Car,Going Ahead Other,No Skidding/Overturn,On Main CW - Not Rest.,Not At Jct,None,Did Not Leave,None,Front Hit First,Unknown,Male,18,17-24
1210342604,Hackney,4,534230,183733,1,Car,Car,Turning Right,No Skidding/Overturn,On Main CW - Not Rest.,Jct Cleared,None,Left Cwy Offside,Hit Oth Object,Front Hit First,Taking Pupil To/From Sch,Female,41,35-64
1210342609,Barnet,30,519469,192808,1,Car,Car,Unknown (S/R),Unknown (S/R),Unknown (S/R),Unknown (S/R),Unknown (S/R),Unknown (S/R),Unknown (S/R),Front Hit First,Unknown,Male,74,65+
1210342623,Enfield,32,533531,196542,2,Car,Car,Turning Right,Skidded,On Main CW - Not Rest.,Jct App,None,Did Not Leave,None,Front Hit First,Unknown,Not Traced,21,17-24
1210342639,Brent,28,520784,185461,1,Car,Car,Going Ahead Other,No Skidding/Overturn,Footway,Leaving R'about,Hit Kerb,Left Cwy Nearside,Wall Or Fence,Front Hit First,Unknown,Male,25,25-34
1210342656,Wandsworth,10,527367,175447,1,Bus Or Coach,London Bus,Turning Right,No Skidding/Overturn,On Main CW - Not Rest.,Entering Main Rd,None,Did Not Leave,None,Front Hit First,Jny Part Of Work,Female,24,17-24
1210342673,Croydon,20,529148,157701,2,Car,Car,Turning Right,No Skidding/Overturn,On Main CW - Not Rest.,Entering Main Rd,None,Did Not Leave,None,Front Hit First,Other/Not Known,Female,49,35-64
1210342679,Westminster,1,529927,178639,1,Taxi,Taxi,Unknown (S/R),Unknown (S/R),Unknown (S/R),Unknown (S/R),Unknown (S/R),Unknown (S/R),Unknown (S/R),Front Hit First,Other/Not Known,Male,30,25-34
1210342681,Camden,2,525173,185869,1,Car,Car,Moving Off,No Skidding/Overturn,On Main CW - Not Rest.,Jct App,None,Did Not Leave,None,Front Hit First,Comm To/From Work,Male,42,35-64
1210342691,Newham,17,541450,184427,1,Car,Car,Unknown (S/R),Unknown (S/R),Unknown (S/R),Unknown (S/R),Unknown (S/R),Unknown (S/R),Unknown (S/R),Front Hit First,Other/Not Known,Male,49,35-64
1210342714,Ealing,27,517707,178987,1,Car,Car,Going Ahead Right Bend,No Skidding/Overturn,On Main CW - Not Rest.,Jct Cleared,None,Did Not Leave,None,Front Hit First,Other/Not Known,Male,39,35-64
1210342715,Islington,3,530699,185770,1,Other Vehicle,Other Vehicle,Moving Off,No Skidding/Overturn,Footway,Not At Jct,None,Did Not Leave,None,Front Hit First,Unknown,Male,19,17-24
1210342717,Enfield,32,530836,192472,3,Car,Car,Going Ahead Other,No Skidding/Overturn,On Main CW - Not Rest.,Not At Jct,None,Did Not Leave,None,Front Hit First,Unknown,Male,27,25-34
1210342725,Hounslow,25,514432,174546,1,Car,Car,Turning Right,No Skidding/Overturn,On Main CW - Not Rest.,Jct Mid,None,Did Not Leave,None,Front Hit First,Other/Not Known,Male,61,35-64
1210342726,Lambeth,9,531283,177502,2,Other Vehicle,Other Vehicle,Moving Off,No Skidding/Overturn,On Main CW - Not Rest.,Jct Mid,None,Did Not Leave,None,Front Hit First,Other/Not Known,Male,41,35-64
1210342736,Islington,3,530587,185002,1,Car,Car,Going Ahead Other,No Skidding/Overturn,On Main CW - Not Rest.,Jct App,None,Did Not Leave,None,Front Hit First,Other/Not Known,Male,35,35-64
1210342737,Greenwich,6,543678,174680,1,Car,Car,Going Ahead Other,No Skidding/Overturn,On Main CW - Not Rest.,Not At Jct,Hit Parked Veh,Did Not Leave,None,Front Hit First,Jny Part Of Work,Female,73,65+
1210342763,Richmond-Upon-Thames,24,515044,173168,1,Car,Car,Turning Right,No Skidding/Overturn,On Main CW - Not Rest.,Jct App,None,Did Not Leave,None,Front Hit First,Unknown,Male,82,65+
1210342767,Croydon,20,530752,166892,1,Car,Car,Going Ahead Other,No Skidding/Overturn,On Main CW - Not Rest.,Jct App,None,Did Not Leave,None,Front Hit First,Other/Not Known,Male,43,35-64
1210342773,Croydon,20,532864,168290,1,Car,Car,Turning Right,No Skidding/Overturn,On Main CW - Not Rest.,Jct App,None,Did Not Leave,None,Front Hit First,Unknown,Male,23,17-24
1210342774,Wandsworth,10,527427,171427,1,Car,Car,Overtake Stat Veh O/S,No Skidding/Overturn,On Main CW - Not Rest.,Not At Jct,None,Did Not Leave,None,Front Hit First,Unknown,Male,32,25-34
1210342792,Islington,3,530435,185967,2,Private Hire,Private Hire - Licensed,Going Ahead Held Up,No Skidding/Overturn,On Main CW - Not Rest.,Jct App,None,Did Not Leave,None,Front Hit First,Jny Part Of Work,Male,37,35-64
1210342795,Islington,3,530457,185995,2,Goods Vehicle,GDS => 7.5T,Going Ahead Held Up,No Skidding/Overturn,On Main CW - Not Rest.,Jct App,None,Did Not Leave,None,Front Hit First,Jny Part Of Work,Male,49,35-64
1210342802,Tower Hamlets,5,536741,183704,1,Goods Vehicle,GDS =< 3.5T,Turning Right,No Skidding/Overturn,On Main CW - Not Rest.,Jct Cleared,None,Did Not Leave,None,Front Hit First,Jny Part Of Work,Male,40,35-64
1210342808,Bromley,19,538902,165145,1,Car,Car,Going Ahead Other,No Skidding/Overturn,On Main CW - Not Rest.,Leaving R'about,None,Left Cwy Ahead At Junctn,None,Front Hit First,Unknown,Female,41,35-64
1210342812,Lewisham,7,535621,171475,1,Car,Car,Turning Right,No Skidding/Overturn,On Main CW - Not Rest.,Jct Mid,None,Did Not Leave,None,Front Hit First,Other/Not Known,Female,29,25-34
1210342816,Camden,2,527327,185505,1,Car,Car,Unknown (S/R),Unknown (S/R),Unknown (S/R),Unknown (S/R),Unknown (S/R),Unknown (S/R),Unknown (S/R),Front Hit First,Other/Not Known,Male,23,17-24
1210342827,Newham,17,538677,184420,1,Bus Or Coach,London Bus,Going Ahead Other,No Skidding/Overturn,On Main CW - Not Rest.,Not At Jct,None,Did Not Leave,None,Front Hit First,Jny Part Of Work,Female,42,35-64
1210342848,Harrow,29,518468,190354,1,Car,Car,Going Ahead Held Up,No Skidding/Overturn,On Main CW - Not Rest.,Jct Mid,None,Did Not Leave,None,Front Hit First,Comm To/From Work,Male,46,35-64
1210342850,Wandsworth,10,521355,174356,1,Car,Car,Unknown (S/R),Unknown (S/R),Unknown (S/R),Unknown (S/R),Unknown (S/R),Unknown (S/R),Unknown (S/R),Front Hit First,Unknown,Male,45,35-64
1210342859,Croydon,20,532963,163361,1,Car,Car,Turning Right,No Skidding/Overturn,On Main CW - Not Rest.,Jct App,None,Did Not Leave,None,Front Hit First,Other/Not Known,Female,51,35-64
1210342863,Harrow,29,512122,190617,1,Car,Car,Unknown (S/R),Unknown (S/R),Unknown (S/R),Unknown (S/R),Unknown (S/R),Unknown (S/R),Unknown (S/R),Front Hit First,Comm To/From Work,Female,35,35-64
1210342867,Camden,2,525967,185376,1,Car,Car,Turning Right,No Skidding/Overturn,On Main CW - Not Rest.,Jct Cleared,Hit Oth Object,Left Cwy Nearside,Wall Or Fence,Front Hit First,Other/Not Known,Female,67,65+
1210342880,Barnet,30,523972,189569,1,Car,Car,Moving Off,No Skidding/Overturn,On Main CW - Not Rest.,Jct App,None,Did Not Leave,None,Front Hit First,Other/Not Known,Male,50,35-64
1210342910,Wandsworth,10,523639,173652,1,Car,Car,Moving Off,No Skidding/Overturn,On Main CW - Not Rest.,Entering R'about,None,Did Not Leave,None,Front Hit First,Unknown,Female,61,35-64
1210342933,Sutton,21,530098,164842,1,Car,Car,Going Ahead Other,No Skidding/Overturn,On Main CW - Not Rest.,Jct App,None,Did Not Leave,None,Front Hit First,Other/Not Known,Male,49,35-64
1210342936,Greenwich,6,539664,177214,1,Car,Car,Going Ahead Other,No Skidding/Overturn,On Main CW - Not Rest.,Not At Jct,None,Did Not Leave,None,Front Hit First,Other/Not Known,Female,61,35-64
1210342948,Havering,15,551111,182805,1,Car,Car,Going Ahead Other,No Skidding/Overturn,On Main CW - Not Rest.,Jct App,None,Did Not Leave,None,Front Hit First,Jny Part Of Work,Male,45,35-64
1210342966,Enfield,32,532457,196587,1,Car,Car,Going Ahead Right Bend,No Skidding/Overturn,On Main CW - Not Rest.,Jct Mid,None,Did Not Leave,None,Front Hit First,Taking Pupil To/From Sch,Female,41,35-64
1210342973,Southwark,8,534233,174211,1,Car,Car,Moving Off,No Skidding/Overturn,On Main CW - Not Rest.,Jct Mid,None,Did Not Leave,None,Front Hit First,Comm To/From Work,Male,31,25-34
1210342974,Croydon,20,531220,166863,1,Car,Car,U-turning,No Skidding/Overturn,On Main CW - Not Rest.,Jct App,None,Did Not Leave,None,Front Hit First,Taking Pupil To/From Sch,Female,34,25-34
1210342975,Newham,17,543792,183601,2,Car,Car,Slowing Or Stopping,No Skidding/Overturn,On Main CW - Not Rest.,Entering R'about,None,Did Not Leave,None,Front Hit First,Comm To/From Work,Male,43,35-64
1210342980,Hackney,4,535752,185095,1,Car,Car,Turning Right,No Skidding/Overturn,On Main CW - Not Rest.,Jct Cleared,None,Did Not Leave,None,Front Hit First,Other/Not Known,Male,36,35-64
1210342983,Croydon,20,532581,165475,2,Car,Car,Going Ahead Other,No Skidding/Overturn,On Main CW - Not Rest.,Not At Jct,None,Left Cwy Nearside,None,Front Hit First,Comm To/From Work,Male,42,35-64
1210343004,Ealing,27,516369,181960,1,Car,Car,Going Ahead Other,No Skidding/Overturn,On Main CW - Not Rest.,Entering R'about,None,Did Not Leave,None,Front Hit First,Other/Not Known,Female,30,25-34
1210343006,Richmond-Upon-Thames,24,515373,172930,1,Car,Car,Overtaking Nearside,No Skidding/Overturn,On Main CW - Not Rest.,Jct Cleared,None,Did Not Leave,None,Front Hit First,Taking Pupil To/From Sch,Female,57,35-64
1210343018,Lambeth,9,531442,173265,1,Car,Car,Going Ahead Other,No Skidding/Overturn,On Main CW - Not Rest.,Jct Mid,None,Did Not Leave,None,Front Hit First,Jny Part Of Work,Male,23,17-24
1210343021,Westminster,1,528760,182114,2,Car,Car,Unknown (S/R),Unknown (S/R),Unknown (S/R),Not At Jct,Unknown (S/R),Unknown (S/R),Unknown (S/R),Front Hit First,Unknown,Male,29,25-34
1210343022,Camden,2,529280,183407,1,Private Hire,Private Hire - Licensed,Turning Right,No Skidding/Overturn,On Main CW - Not Rest.,Jct Mid,None,Did Not Leave,None,Front Hit First,Jny Part Of Work,Male,65,65+
1210343028,Westminster,1,527683,182222,1,Car,Car,Going Ahead Other,No Skidding/Overturn,On Main CW - Not Rest.,Jct App,None,Did Not Leave,None,Front Hit First,Taking Pupil To/From Sch,Female,40,35-64
1210343030,Lambeth,9,530797,179462,2,Car,Car,Unknown (S/R),Unknown (S/R),Unknown (S/R),Entering Main Rd,Unknown (S/R),Unknown (S/R),Unknown (S/R),Front Hit First,Unknown,Male,61,35-64
1210343037,Westminster,1,528340,181518,1,Car,Car,Turning Right,No Skidding/Overturn,On Main CW - Not Rest.,Jct App,None,Did Not Leave,None,Front Hit First,Jny Part Of Work,Male,60,35-64
1210343039,Bromley,19,542204,172837,1,Car,Car,Going Ahead Other,No Skidding/Overturn,On Main CW - Not Rest.,Not At Jct,None,Did Not Leave,None,Front Hit First,Jny Part Of Work,Male,43,35-64
1210343047,Harrow,29,514150,187175,1,Car,Car,Moving Off,No Skidding/Overturn,On Main CW - Not Rest.,Jct App,None,Did Not Leave,None,Front Hit First,Other/Not Known,Male,53,35-64
1210343059,Newham,17,540486,183131,1,Car,Car,Going Ahead Other,No Skidding/Overturn,On Main CW - Not Rest.,Jct Cleared,None,Did Not Leave,None,Front Hit First,Other/Not Known,Female,72,65+
1210343062,Hounslow,25,520445,178043,1,Car,Car,Waiting To Turn Right,No Skidding/Overturn,On Main CW - Not Rest.,Jct App,None,Did Not Leave,None,Front Hit First,Jny Part Of Work,Female,59,35-64
1210343081,Ealing,27,518563,182257,1,Car,Car,Going Ahead Other,Skidded,On Main CW - Not Rest.,Leaving Main Rd,None,Did Not Leave,None,Front Hit First,Jny Part Of Work,Male,21,17-24
1210343083,Newham,17,541931,183974,1,Car,Car,Moving Off,No Skidding/Overturn,On Main CW - Not Rest.,Jct Cleared,None,Did Not Leave,None,Front Hit First,Other/Not Known,Male,46,35-64
1210343086,Barking & Dagenham,16,549591,183305,1,Car,Car,Going Ahead Other,No Skidding/Overturn,On Main CW - Not Rest.,Jct Mid,None,Did Not Leave,None,Front Hit First,Other/Not Known,Male,19,17-24
1210343092,Hackney,4,533560,185643,2,Car,Car,Unknown (S/R),Unknown (S/R),Unknown (S/R),Unknown (S/R),Unknown (S/R),Unknown (S/R),Unknown (S/R),Front Hit First,Unknown,Female,52,35-64
1210343093,Waltham Forest,13,538708,189994,1,Car,Car,Going Ahead Other,Skidded,Footway,Jct App,None,Left Cwy Nearside/Rebound,Wall Or Fence,Front Hit First,Other/Not Known,Male,22,17-24
1210343103,Tower Hamlets,5,534186,182567,1,Car,Car,Going Ahead Other,No Skidding/Overturn,On Main CW - Not Rest.,Not At Jct,None,Did Not Leave,None,Front Hit First,Unknown,Male,58,35-64