_Collision Id,Borough Name,Borough Number,Easting,Northing,_Vehicle Id,Vehicle Type Banded,Vehicle Type,Vehicle Manoeuvres,Vehicle Skidding and Overturning,Vehicle Restricted Lane,Location of Vehicle at First Impact,Vehicle Hit Object in Carriageway,Vehicle Leaving Carriageway,Vehicle Hit Object Off Carriageway,First Point of Impact,Journey Purpose,Driver Gender,Driver Age,Driver age (Banded)
1210346774,Haringey,31,532596,189227,1,Car,Car,Going Ahead Other,No Skidding/Overturn,On Main CW - Not Rest.,Jct App,Hit Kerb,Left Cwy Nearside,None,Front Hit First,Other/Not Known,Male,29,25-34
1210346775,Westminster,1,530248,178932,1,Car,Car,Going Ahead Other,Skidded,On Main CW - Not Rest.,Jct Mid,Hit Kerb,Left Cwy Nearside,Hit Lamp Post,Front Hit First,Other/Not Known,Male,34,25-34
1210346788,Brent,28,517841,188944,2,Car,Car,Moving Off,No Skidding/Overturn,On Main CW - Not Rest.,Jct Cleared,None,Did Not Leave,None,Front Hit First,Other/Not Known,Male,51,35-64
1210346799,Lambeth,9,528927,174484,2,Car,Car,Unknown (S/R),Unknown (S/R),Unknown (S/R),Unknown (S/R),Unknown (S/R),Unknown (S/R),Unknown (S/R),Front Hit First,Unknown,Not Traced,35,35-64
1210346820,Croydon,20,533274,168511,1,Car,Car,Moving Off,No Skidding/Overturn,On Main CW - Not Rest.,Jct Mid,None,Left Cwy Nearside,Wall Or Fence,Front Hit First,Taking Pupil To/From Sch,Male,55,35-64
1210346832,Waltham Forest,13,536708,188864,1,Car,Car,Waiting To Turn Right,No Skidding/Overturn,Footway,Jct App,None,Did Not Leave,None,Front Hit First,Unknown,Male,45,35-64
1210346843,Bexley,18,547661,178918,1,Car,Car,Going Ahead Other,No Skidding/Overturn,On Main CW - Not Rest.,Not At Jct,None,Did Not Leave,None,Front Hit First,Other/Not Known,Female,52,35-64
1210346855,Barnet,30,523313,187833,1,Car,Car,Going Ahead Other,No Skidding/Overturn,On Main CW - Not Rest.,Jct App,None,Did Not Leave,None,Front Hit First,Other/Not Known,Female,53,35-64
1210346856,Croydon,20,530566,168212,1,Car,Car,Going Ahead Held Up,No Skidding/Overturn,On Main CW - Not Rest.,Jct App,None,Did Not Leave,None,Front Hit First,Taking Pupil To/From Sch,Male,51,35-64
1210346857,Ealing,27,515743,179686,2,Car,Car,Turning Right,No Skidding/Overturn,On Main CW - Not Rest.,Leaving Main Rd,None,Did Not Leave,None,Front Hit First,Unknown,Female,24,17-24
1210346859,Lambeth,9,531822,175656,1,Car,Car,Going Ahead Other,No Skidding/Overturn,On Main CW - Not Rest.,Jct App,None,Did Not Leave,None,Front Hit First,Other/Not Known,Male,54,35-64
1210346861,Camden,2,525063,184096,2,Car,Car,Unknown (S/R),Unknown (S/R),Unknown (S/R),Unknown (S/R),Unknown (S/R),Unknown (S/R),Unknown (S/R),Front Hit First,Unknown,Female,64,35-64
1210346879,Richmond-Upon-Thames,24,520137,175298,1,Car,Car,Turning Right,No Skidding/Overturn,On Main CW - Not Rest.,Jct Mid,None,Did Not Leave,None,Front Hit First,Comm To/From Work,Male,57,35-64
1210346883,Bromley,19,544695,166869,1,Car,Car,Turning Right,No Skidding/Overturn,On Main CW - Not Rest.,Jct Mid,None,Did Not Leave,None,Front Hit First,Taking Pupil To/From Sch,Female,68,65+
1210346906,Hammersmith & Fulham,11,523154,178207,1,Car,Car,Unknown (S/R),Unknown (S/R),Unknown (S/R),Unknown (S/R),Unknown (S/R),Unknown (S/R),Unknown (S/R),Front Hit First,Unknown,Not Traced,49,35-64
1210346938,Bromley,19,542700,165394,1,Car,Car,Going Ahead Other,No Skidding/Overturn,On Main CW - Not Rest.,Jct App,None,Did Not Leave,None,Front Hit First,Comm To/From Work,Female,47,35-64
1210346941,Westminster,1,527911,181967,2,Goods Vehicle,GDS =< 3.5T,Going Ahead Other,No Skidding/Overturn,On Main CW - Not Rest.,Jct App,None,Did Not Leave,None,Front Hit First,Jny Part Of Work,Male,21,17-24
1210346945,Ealing,27,511860,182972,2,Car,Car,Going Ahead Held Up,No Skidding/Overturn,On Main CW - Not Rest.,Jct App,None,Did Not Leave,None,Front Hit First,Other/Not Known,Female,32,25-34
1210346952,Barnet,30,519419,191390,2,Car,Car,Unknown (S/R),Unknown (S/R),Unknown (S/R),Unknown (S/R),Unknown (S/R),Unknown (S/R),Unknown (S/R),Front Hit First,Unknown,Male,59,35-64
1210346954,Islington,3,530785,182843,1,Bus Or Coach,London Bus,Turning Right,No Skidding/Overturn,On Main CW - Not Rest.,Jct Mid,None,Did Not Leave,None,Front Hit First,Jny Part Of Work,Male,21,17-24
1210346957,Sutton,21,525294,165984,2,Car,Car,Going Ahead Other,No Skidding/Overturn,On Main CW - Not Rest.,Jct App,None,Did Not Leave,None,Front Hit First,Other/Not Known,Male,24,17-24
1210346964,Tower Hamlets,5,535630,180806,1,Private Hire,Private Hire - Licensed,Going Ahead Other,No Skidding/Overturn,On Main CW - Not Rest.,Jct Cleared,None,Did Not Leave,None,Front Hit First,Unknown,Male,52,35-64
1210346984,Bromley,19,534832,169619,3,Car,Car,Going Ahead Other,Skidded,On Main CW - Not Rest.,Jct App,Hit Parked Veh,Did Not Leave,None,Front Hit First,Jny Part Of Work,Male,52,35-64
1210346991,Hackney,4,532826,183892,1,Goods Vehicle,GDS =< 3.5T,Slowing Or Stopping,No Skidding/Overturn,On Main CW - Not Rest.,Jct App,None,Did Not Leave,None,Front Hit First,Comm To/From Work,Male,67,65+
1210346998,Barking & Dagenham,16,550145,185370,1,Car,Car,Going Ahead Other,No Skidding/Overturn,On Main CW - Not Rest.,Jct App,None,Did Not Leave,None,Front Hit First,Taking Pupil To/From Sch,Male,36,35-64
1210347014,Wandsworth,10,527717,175162,2,Car,Car,Unknown (S/R),Unknown (S/R),Unknown (S/R),Unknown (S/R),Unknown (S/R),Unknown (S/R),Unknown (S/R),Front Hit First,Unknown,Not Traced,51,35-64
1210347026,Kingston-Upon-Thames,23,518461,164776,1,Car,Car,Going Ahead Other,No Skidding/Overturn,On Main CW - Not Rest.,Jct App,None,Did Not Leave,None,Front Hit First,Comm To/From Work,Male,22,17-24
1210347049,Hammersmith & Fulham,11,523267,178501,2,Goods Vehicle,GDS =< 3.5T,Going Ahead Left Bend,No Skidding/Overturn,On Main CW - Not Rest.,Not At Jct,None,Did Not Leave,None,Front Hit First,Jny Part Of Work,Male,62,35-64
1210347062,Greenwich,6,544072,172476,2,Car,Car,Unknown (S/R),Unknown (S/R),Unknown (S/R),Not At Jct,Unknown (S/R),Unknown (S/R),Unknown (S/R),Front Hit First,Unknown,Not Traced,51,35-64
1210347065,Havering,15,551793,188578,1,Car,Car,Going Ahead Other,No Skidding/Overturn,On Main CW - Not Rest.,Jct App,None,Did Not Leave,None,Front Hit First,Taking Pupil To/From Sch,Female,50,35-64
1210347071,Kensington & Chelsea,12,525395,178784,1,Goods Vehicle,GDS => 7.5T,Moving Off,No Skidding/Overturn,On Main CW - Not Rest.,Jct Cleared,None,Did Not Leave,None,Front Hit First,Jny Part Of Work,Male,37,35-64
1210347079,Brent,28,520498,187691,1,Car,Car,U-turning,No Skidding/Overturn,On Main CW - Not Rest.,Jct App,None,Did Not Leave,None,Front Hit First,Other/Not Known,Male,43,35-64
1210347080,Barnet,30,522405,189690,2,Car,Car,Slowing Or Stopping,No Skidding/Overturn,On Main CW - Not Rest.,Jct App,None,Did Not Leave,None,Front Hit First,Unknown,Female,24,17-24
1210347102,Southwark,8,532419,177602,1,Car,Car,Overtake Stat Veh O/S,No Skidding/Overturn,On Main CW - Not Rest.,Not At Jct,None,Did Not Leave,None,Front Hit First,Other/Not Known,Female,26,25-34
1210347103,Croydon,20,533511,168133,1,Car,Car,Turning Right,No Skidding/Overturn,On Main CW - Not Rest.,Entering Main Rd,None,Left Cwy Nearside,None,Front Hit First,Taking Pupil To/From Sch,Female,36,35-64
1210347106,Barnet,30,525265,189461,2,Private Hire,Private Hire - Licensed,Going Ahead Other,No Skidding/Overturn,On Main CW - Not Rest.,Not At Jct,None,Did Not Leave,None,Front Hit First,Jny Part Of Work,Male,38,35-64
1210347116,Haringey,31,532661,191341,2,Car,Car,Going Ahead Other,No Skidding/Overturn,On Main CW - Not Rest.,Leaving Main Rd,None,Did Not Leave,None,Front Hit First,Other/Not Known,Female,59,35-64
1210347123,Tower Hamlets,5,533970,181200,2,Car,Car,Turning Right,No Skidding/Overturn,On Main CW - Not Rest.,Jct Mid,None,Did Not Leave,None,Front Hit First,Unknown,Female,41,35-64
1210347124,Enfield,32,534293,196286,2,Car,Car,Unknown (S/R),Unknown (S/R),Unknown (S/R),Unknown (S/R),Unknown (S/R),Unknown (S/R),Unknown (S/R),Front Hit First,Unknown,Not Traced,33,25-34
1210347127,Richmond-Upon-Thames,24,517801,175297,1,Car,Car,Going Ahead Held Up,No Skidding/Overturn,On Main CW - Not Rest.,Jct App,None,Did Not Leave,None,Front Hit First,Comm To/From Work,Male,43,35-64
1210347139,Hounslow,25,510301,174740,2,Goods Vehicle,GDS => 7.5T,Going Ahead Other,No Skidding/Overturn,On Main CW - Not Rest.,Jct App,None,Did Not Leave,None,Front Hit First,Comm To/From Work,Male,33,25-34
1210347140,Hillingdon,26,510001,178931,1,Car,Car,Unknown (S/R),No Skidding/Overturn,On Main CW - Not Rest.,Entering Main Rd,Unknown (S/R),Did Not Leave,None,Front Hit First,Comm To/From Work,Male,25,25-34
1210347148,Lewisham,7,536982,176431,1,Goods Vehicle,GDS =< 3.5T,Turning Right,No Skidding/Overturn,On Main CW - Not Rest.,Jct App,None,Did Not Leave,None,Front Hit First,Jny Part Of Work,Male,36,35-64
1210347160,Barnet,30,519539,191235,1,Bus Or Coach,London Bus,Going Ahead Other,No Skidding/Overturn,On Main CW - Not Rest.,Jct App,None,Did Not Leave,None,Front Hit First,Jny Part Of Work,Male,59,35-64
1210347163,Brent,28,516216,188022,1,Car,Car,Going Ahead Other,No Skidding/Overturn,Bus Lane,Not At Jct,None,Did Not Leave,None,Front Hit First,Other/Not Known,Male,37,35-64
1210347175,Bromley,19,539290,169369,1,Bus Or Coach,London Bus,Turning Right,No Skidding/Overturn,On Main CW - Not Rest.,Jct App,None,Did Not Leave,None,Front Hit First,Jny Part Of Work,Male,59,35-64
1210347188,Kensington & Chelsea,12,527382,177651,1,Taxi,Taxi,Going Ahead Other,No Skidding/Overturn,On Main CW - Not Rest.,Jct App,None,Did Not Leave,None,Front Hit First,Other/Not Known,Male,43,35-64
1210347198,Tower Hamlets,5,534735,183432,1,Car,Car,Moving Off,No Skidding/Overturn,On Main CW - Not Rest.,Jct App,Hit Parked Veh,Did Not Leave,None,Front Hit First,Other/Not Known,Female,23,17-24
1210347203,Brent,28,524709,183098,1,Car,Car,Unknown (S/R),Unknown (S/R),Unknown (S/R),Unknown (S/R),Unknown (S/R),Unknown (S/R),Unknown (S/R),Front Hit First,Other/Not Known,Male,46,35-64
1210347210,Hackney,4,532025,187438,1,Car,Car,Unknown (S/R),Unknown (S/R),Unknown (S/R),Unknown (S/R),Unknown (S/R),Unknown (S/R),Unknown (S/R),Front Hit First,Other/Not Known,Male,31,25-34
1210347212,Hillingdon,26,506314,178455,3,Car,Car,Going Ahead Other,No Skidding/Overturn,On Main CW - Not Rest.,Not At Jct,None,Did Not Leave,None,Front Hit First,Unknown,Male,21,17-24
1210347213,Sutton,21,530006,164962,1,Car,Car,Going Ahead Other,No Skidding/Overturn,On Main CW - Not Rest.,Jct Mid,None,Did Not Leave,None,Front Hit First,Comm To/From Work,Male,27,25-34
1210347218,Wandsworth,10,525967,173087,2,Car,Car,Going Ahead Other,No Skidding/Overturn,On Main CW - Not Rest.,Jct App,None,Did Not Leave,None,Front Hit First,Jny Part Of Work,Male,44,35-64
1210347226,Enfield,32,534231,193003,1,Car,Car,Going Ahead Other,No Skidding/Overturn,On Main CW - Not Rest.,Not At Jct,None,Did Not Leave,None,Front Hit First,Unknown,Male,24,17-24
1210347229,Waltham Forest,13,539166,194646,1,Car,Car,Slowing Or Stopping,No Skidding/Overturn,On Main CW - Not Rest.,Not At Jct,None,Did Not Leave,None,Front Hit First,Comm To/From Work,Female,62,35-64
1210347230,Bexley,18,551449,174782,1,Car,Car,Turning Left,Skidded,On Main CW - Not Rest.,Jct Mid,None,Did Not Leave,None,Front Hit First,Comm To/From Work,Male,31,25-34
1210347235,Hammersmith & Fulham,11,523906,179117,1,Car,Car,Going Ahead Other,No Skidding/Overturn,On Main CW - Not Rest.,Jct App,None,Did Not Leave,None,Front Hit First,Other/Not Known,Male,57,35-64
1210347248,Hounslow,25,510366,174101,2,Car,Car,Unknown (S/R),Unknown (S/R),Unknown (S/R),Unknown (S/R),Unknown (S/R),Unknown (S/R),Unknown (S/R),Front Hit First,Unknown,Not Traced,37,35-64
1210347249,Lewisham,7,536510,175171,1,Car,Car,Overtake Stat Veh O/S,No Skidding/Overturn,On Main CW - Not Rest.,Not At Jct,None,Did Not Leave,None,Front Hit First,Other/Not Known,Male,21,17-24
1210347265,Hounslow,25,521442,177857,1,Car,Car,Change Lane To Left,No Skidding/Overturn,On Main CW - Not Rest.,Leaving R'about,None,Did Not Leave,None,Front Hit First,Unknown,Male,51,35-64
1210347275,Lambeth,9,529470,173691,2,Car,Car,Turning Right,No Skidding/Overturn,On Main CW - Not Rest.,Jct Mid,None,Did Not Leave,None,Front Hit First,Unknown,Male,76,65+
1210347281,Hounslow,25,513394,175646,1,Goods Vehicle,GDS =< 3.5T,Going Ahead Other,No Skidding/Overturn,On Main CW - Not Rest.,Jct App,None,Did Not Leave,None,Front Hit First,Jny Part Of Work,Male,37,35-64
1210347295,Kensington & Chelsea,12,526365,177870,1,Car,Car,Going Ahead Other,No Skidding/Overturn,On Main CW - Not Rest.,Jct App,None,Did Not Leave,None,Front Hit First,Other/Not Known,Male,36,35-64
1210347296,Croydon,20,532376,162874,1,Car,Car,Going Ahead Other,No Skidding/Overturn,On Main CW - Not Rest.,Jct Cleared,Hit Parked Veh,Did Not Leave,None,Front Hit First,Unknown,Male,37,35-64
1210347299,Lambeth,9,530759,171491,1,Car,Car,Going Ahead Other,No Skidding/Overturn,On Main CW - Not Rest.,Not At Jct,None,Did Not Leave,None,Front Hit First,Other/Not Known,Female,37,35-64
1210347314,Croydon,20,531349,161083,1,Car,Car,Unknown (S/R),Unknown (S/R),Unknown (S/R),Unknown (S/R),Unknown (S/R),Unknown (S/R),Unknown (S/R),Front Hit First,Unknown,Male,32,25-34
1210347319,Sutton,21,525763,165125,2,Car,Car,Going Ahead Other,No Skidding/Overturn,On Main CW - Not Rest.,Jct Mid,None,Left Cwy Ahead At Junctn,None,Front Hit First,Other/Not Known,Female,49,35-64
1210347325,Waltham Forest,13,535846,189395,1,Car,Car,Going Ahead Other,No Skidding/Overturn,On Main CW - Not Rest.,Jct App,None,Left Cwy Nearside,None,Front Hit First,Comm To/From Work,Female,46,35-64
1210347344,Haringey,31,533397,189046,2,Car,Car,Going Ahead Other,No Skidding/Overturn,On Main CW - Not Rest.,Not At Jct,None,Did Not Leave,None,Front Hit First,Other/Not Known,Female,33,25-34
1210347359,Greenwich,6,541151,178487,1,Bus Or Coach,London Bus,Going Ahead Other,No Skidding/Overturn,On Main CW - Not Rest.,Jct App,None,Did Not Leave,None,Front Hit First,Other/Not Known,Male,26,25-34
1210347367,Merton,22,525814,168483,1,Car,Car,Turning Left,No Skidding/Overturn,On Main CW - Not Rest.,Jct App,None,Did Not Leave,None,Front Hit First,Unknown,Male,21,17-24
1210347374,Greenwich,6,543317,178645,1,Car,Car,Going Ahead Held Up,No Skidding/Overturn,On Main CW - Not Rest.,Jct Mid,Hit Animal (Not Rid-horse),Did Not Leave,None,Front Hit First,Jny Part Of Work,Male,58,35-64
1210347375,Bexley,18,551197,175239,1,Car,Car,Unknown (S/R),Unknown (S/R),Unknown (S/R),Unknown (S/R),Unknown (S/R),Unknown (S/R),Unknown (S/R),Front Hit First,Unknown,Female,28,25-34
1210347376,Barking & Dagenham,16,548459,189070,1,Car,Car,Turning Right,No Skidding/Overturn,On Main CW - Not Rest.,Jct Mid,None,Did Not Leave,None,Front Hit First,Unknown,Female,51,35-64
1210347380,Kingston-Upon-Thames,23,521940,167806,2,Car,Car,Going Ahead Held Up,No Skidding/Overturn,On Main CW - Not Rest.,Not At Jct,None,Did Not Leave,None,Front Hit First,Other/Not Known,Male,37,35-64
1210347391,Southwark,8,532546,176738,1,Car,Car,Turning Left,No Skidding/Overturn,On Main CW - Not Rest.,Jct App,None,Did Not Leave,None,Front Hit First,Taking Pupil To/From Sch,Female,40,35-64
1210347392,Barking & Dagenham,16,547452,185258,1,Car,Car,Turning Right,No Skidding/Overturn,On Main CW - Not Rest.,Jct App,None,Did Not Leave,None,Front Hit First,Other/Not Known,Female,27,25-34
1210347393,Ealing,27,511560,179237,1,Car,Car,Turning Left,No Skidding/Overturn,On Main CW - Not Rest.,Jct Cleared,None,Did Not Leave,None,Front Hit First,Unknown,Male,55,35-64
1210347395,Harrow,29,517749,191184,1,Car,Car,Going Ahead Other,No Skidding/Overturn,On Main CW - Not Rest.,Jct Cleared,None,Did Not Leave,None,Front Hit First,Other/Not Known,Male,37,35-64
1210347410,Brent,28,524698,184590,2,Car,Car,Moving Off,No Skidding/Overturn,On Main CW - Not Rest.,Jct Mid,None,Left Cwy Nearside,None,Front Hit First,Other/Not Known,Male,56,35-64
1210347411,Richmond-Upon-Thames,24,514194,173974,2,Car,Car,Unknown (S/R),Unknown (S/R),Unknown (S/R),Unknown (S/R),Unknown (S/R),Unknown (S/R),Unknown (S/R),Front Hit First,Unknown,Not Traced,38,35-64
1210347421,Hounslow,25,511522,176368,2,Car,Car,Going Ahead Other,No Skidding/Overturn,On Main CW - Not Rest.,Jct Mid,None,Did Not Leave,None,Front Hit First,Unknown,Male,33,25-34
1210347428,Waltham Forest,13,537560,185844,1,Car,Car,Going Ahead Other,No Skidding/Overturn,On Main CW - Not Rest.,Jct App,None,Did Not Leave,None,Front Hit First,Unknown,Male,44,35-64
1210347433,Hammersmith & Fulham,11,522089,180644,2,Car,Car,Going Ahead Other,No Skidding/Overturn,On Main CW - Not Rest.,Jct Mid,None,Did Not Leave,None,Front Hit First,Jny Part Of Work,Male,42,35-64
1210347442,Brent,28,521521,184797,2,Goods Vehicle,GDS =< 3.5T,Turning Right,No Skidding/Overturn,On Main CW - Not Rest.,Jct Mid,None,Did Not Leave,None,Front Hit First,Jny Part Of Work,Male,61,35-64
1210347445,Camden,2,527910,185020,1,Goods Vehicle,Goods Unknown kg (S/R),Turning Right,No Skidding/Overturn,On Main CW - Not Rest.,Jct App,None,Did Not Leave,None,Front Hit First,Unknown,Male,53,35-64
1210347471,Greenwich,6,541050,176239,1,Goods Vehicle,GDS => 7.5T,Going Ahead Other,No Skidding/Overturn,On Main CW - Not Rest.,Not At Jct,None,Did Not Leave,None,Front Hit First,Jny Part Of Work,Male,45,35-64
1210347475,Barnet,30,524065,191493,1,Goods Vehicle,GDS =< 3.5T,Overtaking Nearside,No Skidding/Overturn,On Main CW - Not Rest.,Not At Jct,None,Did Not Leave,None,Front Hit First,Jny Part Of Work,Male,54,35-64
1210347504,Hackney,4,533485,182302,2,Car,Car,Unknown (S/R),Unknown (S/R),Unknown (S/R),Unknown (S/R),Unknown (S/R),Unknown (S/R),Unknown (S/R),Front Hit First,Unknown,Not Traced,48,35-64
1210347505,Ealing,27,517942,181067,1,Goods Vehicle,Goods Unknown kg (S/R),Unknown (S/R),Unknown (S/R),Unknown (S/R),Unknown (S/R),Unknown (S/R),Unknown (S/R),Unknown (S/R),Front Hit First,Unknown,Male,59,35-64
1210347506,Camden,2,525381,183679,1,Car,Car,Unknown (S/R),Unknown (S/R),Unknown (S/R),Unknown (S/R),Unknown (S/R),Unknown (S/R),Unknown (S/R),Front Hit First,Unknown,Male,69,65+
1210347509,Ealing,27,517908,180813,1,Car,Car,Turning Right,No Skidding/Overturn,On Main CW - Not Rest.,Jct Cleared,None,Did Not Leave,None,Front Hit First,Unknown,Male,21,17-24
1210347514,Southwark,8,535034,176623,1,Private Hire,Private Hire - Licensed,Moving Off,No Skidding/Overturn,On Main CW - Not Rest.,Jct App,None,Did Not Leave,None,Front Hit First,Jny Part Of Work,Male,58,35-64
1210347545,Hounslow,25,508539,173008,1,Car,Car,Going Ahead Other,No Skidding/Overturn,Footway,Not At Jct,None,Left Cwy Offside/Rebound,Hit Oth Object,Front Hit First,Comm To/From Work,Male,21,17-24
1210347548,Enfield,32,531764,193946,1,Car,Car,Going Ahead Other,No Skidding/Overturn,On Main CW - Not Rest.,Not At Jct,None,Did Not Leave,None,Front Hit First,Other/Not Known,Female,82,65+
1210347552,Newham,17,542759,181678,2,Goods Vehicle,GDS =< 3.5T,Unknown (S/R),Unknown (S/R),Unknown (S/R),Unknown (S/R),Unknown (S/R),Unknown (S/R),Unknown (S/R),Front Hit First,Unknown,Not Traced,34,25-34
1210347554,Islington,3,530259,187406,2,Car,Car,Unknown (S/R),Unknown (S/R),Unknown (S/R),Unknown (S/R),Unknown (S/R),Unknown (S/R),Unknown (S/R),Front Hit First,Unknown,Male,71,65+
1210347559,Lambeth,9,529558,173928,2,Car,Car,Turning Left,No Skidding/Overturn,On Main CW - Not Rest.,Jct Mid,None,Did Not Leave,None,Front Hit First,Unknown,Male,30,25-34
1210347565,Croydon,20,531814,165772,1,Goods Vehicle,GDS =< 3.5T,Going Ahead Other,No Skidding/Overturn,On Main CW - Not Rest.,Jct App,None,Did Not Leave,None,Front Hit First,Other/Not Known,Male,43,35-64
1210347566,Bromley,19,543477,171218,1,Car,Car,Going Ahead Other,No Skidding/Overturn,On Main CW - Not Rest.,Jct App,None,Did Not Leave,None,Front Hit First,Comm To/From Work,Female,62,35-64
1210347577,Bromley,19,545451,164339,1,Car,Car,U-turning,No Skidding/Overturn,On Main CW - Not Rest.,Jct Mid,Hit Parked Veh,Did Not Leave,None,Front Hit First,Other/Not Known,Female,80,65+
1210347582,Barking & Dagenham,16,550260,184622,1,Car,Car,Going Ahead Other,No Skidding/Overturn,On Main CW - Not Rest.,Jct App,None,Did Not Leave,None,Front Hit First,Other/Not Known,Male,21,17-24
1210347594,Havering,15,553522,190406,1,Car,Car,Unknown (S/R),Unknown (S/R),Unknown (S/R),Unknown (S/R),Unknown (S/R),Unknown (S/R),Unknown (S/R),Front Hit First,Other/Not Known,Male,25,25-34
1210347610,Haringey,31,528802,189645,1,Bus Or Coach,London Bus,Turning Right,No Skidding/Overturn,On Main CW - Not Rest.,Jct Mid,Hit Parked Veh,Left Cwy Offside,Hit Bus Stop,Front Hit First,Jny Part Of Work,Male,63,35-64
1210347614,Kingston-Upon-Thames,23,519849,166005,1,Car,Car,Slowing Or Stopping,No Skidding/Overturn,On Main CW - Not Rest.,Not At Jct,None,Did Not Leave,None,Front Hit First,Unknown,Female,59,35-64
1210347617,Waltham Forest,13,538121,194055,1,Car,Car,Going Ahead Held Up,No Skidding/Overturn,On Main CW - Not Rest.,Jct Cleared,None,Did Not Leave,None,Front Hit First,Other/Not Known,Male,79,65+
1210347625,Lambeth,9,531078,175606,1,Taxi,Taxi,U-turning,No Skidding/Overturn,On Main CW - Not Rest.,Not At Jct,None,Did Not Leave,None,Front Hit First,Jny Part Of Work,Male,37,35-64
1210347630,Westminster,1,526407,180694,2,Taxi,Taxi,Unknown (S/R),Unknown (S/R),Unknown (S/R),Unknown (S/R),Unknown (S/R),Unknown (S/R),Unknown (S/R),Front Hit First,Unknown,Male,59,35-64
1210347635,Merton,22,524648,170138,1,Car,Car,Moving Off,No Skidding/Overturn,On Main CW - Not Rest.,Jct Cleared,None,Did Not Leave,None,Front Hit First,Unknown,Male,42,35-64
1210347638,Hackney,4,531897,187277,3,Car,Car,Slowing Or Stopping,No Skidding/Overturn,On Main CW - Not Rest.,Not At Jct,None,Did Not Leave,None,Front Hit First,Comm To/From Work,Male,42,35-64
1210347642,Enfield,32,532379,197351,1,Car,Car,Turning Right,No Skidding/Overturn,On Main CW - Not Rest.,Jct Mid,None,Did Not Leave,None,Front Hit First,Unknown,Male,39,35-64
1210347646,Bromley,19,544026,170663,1,Taxi,Taxi,Going Ahead Other,No Skidding/Overturn,On Main CW - Not Rest.,Jct App,None,Did Not Leave,None,Front Hit First,Jny Part Of Work,Male,58,35-64
1210347647,Bromley,19,537394,169786,1,Car,Car,Moving Off,No Skidding/Overturn,On Main CW - Not Rest.,Jct App,None,Did Not Leave,None,Front Hit First,Other/Not Known,Male,25,25-34
1210347649,Westminster,1,529942,178267,2,Car,Car,Unknown (S/R),Unknown (S/R),Unknown (S/R),Unknown (S/R),Unknown (S/R),Unknown (S/R),Unknown (S/R),Front Hit First,Unknown,Female,53,35-64
1210347651,Hillingdon,26,507801,181586,2,Car,Car,Going Ahead Other,No Skidding/Overturn,On Main CW - Not Rest.,Jct Mid,None,Did Not Leave,None,Front Hit First,Other/Not Known,Male,36,35-64
1210347657,Newham,17,539252,183909,1,Car,Car,Turning Right,No Skidding/Overturn,On Main CW - Not Rest.,Jct App,None,Did Not Leave,None,Front Hit First,Other/Not Known,Male,36,35-64
1210347674,Bexley,18,551894,176446,1,Car,Car,Going Ahead Other,No Skidding/Overturn,On Main CW - Not Rest.,Jct App,Hit Parked Veh,Did Not Leave,None,Front Hit First,Unknown,Female,27,25-34
1210347676,Newham,17,538837,184268,1,Car,Car,Going Ahead Other,No Skidding/Overturn,On Main CW - Not Rest.,Not At Jct,None,Did Not Leave,None,Front Hit First,Other/Not Known,Male,25,25-34
1210347688,Enfield,32,533300,194558,2,Car,Car,Going Ahead Other,No Skidding/Overturn,On Main CW - Not Rest.,Jct Mid,None,Did Not Leave,None,Front Hit First,Other/Not Known,Male,22,17-24
1210347689,Tower Hamlets,5,537302,184242,1,Car,Car,Turning Right,No Skidding/Overturn,On Main CW - Not Rest.,Jct Mid,None,Did Not Leave,None,Front Hit First,Pupil Riding To/From Sch,Male,18,17-24
1210347701,Islington,3,529675,186697,1,Car,Car,Going Ahead Other,No Skidding/Overturn,On Main CW - Not Rest.,Jct Cleared,None,Did Not Leave,None,Front Hit First,Unknown,Male,43,35-64
1210347714,Lewisham,7,535975,175780,2,Taxi,Taxi,Going Ahead Other,No Skidding/Overturn,On Main CW - Not Rest.,Jct App,None,Did Not Leave,None,Front Hit First,Taking Pupil To/From Sch,Female,53,35-64
1210347721,Barnet,30,523173,196239,1,Car,Car,Turning Left,No Skidding/Overturn,On Main CW - Not Rest.,Entering Main Rd,None,Left Cwy Ahead At Junctn,Wall Or Fence,Front Hit First,Jny Part Of Work,Female,66,65+
1210347756,Hounslow,25,513395,175644,1,Bus Or Coach,London Bus,Going Ahead Right Bend,No Skidding/Overturn,On Main CW - Not Rest.,Jct Mid,None,Did Not Leave,None,Front Hit First,Jny Part Of Work,Male,41,35-64
1210347758,Bromley,19,542198,167501,1,Car,Car,Going Ahead Left Bend,Skidded,On Main CW - Not Rest.,Leaving Main Rd,None,Did Not Leave,None,Front Hit First,Jny Part Of Work,Male,58,35-64
1210347760,Barnet,30,521172,192360,1,Car,Car,Going Ahead Other,No Skidding/Overturn,On Main CW - Not Rest.,Not At Jct,Hit Kerb,Left Cwy Nearside,Wall Or Fence,Front Hit First,Other/Not Known,Female,42,35-64
1210347761,Barnet,30,520257,191998,2,Car,Car,Moving Off,No Skidding/Overturn,On Main CW - Not Rest.,Entering Main Rd,None,Did Not Leave,None,Front Hit First,Unknown,Male,69,65+