_Collision Id,Borough Name,Borough Number,Easting,Northing,_Vehicle Id,Vehicle Type Banded,Vehicle Type,Vehicle Manoeuvres,Vehicle Skidding and Overturning,Vehicle Restricted Lane,Location of Vehicle at First Impact,Vehicle Hit Object in Carriageway,Vehicle Leaving Carriageway,Vehicle Hit Object Off Carriageway,First Point of Impact,Journey Purpose,Driver Gender,Driver Age,Driver age (Banded)
1210347780,Southwark,8,534026,176702,1,Car,Car,Going Ahead Other,No Skidding/Overturn,On Main CW - Not Rest.,Jct Mid,None,Did Not Leave,None,Front Hit First,Other/Not Known,Male,28,25-34
1210347788,Wandsworth,10,527981,172316,1,Car,Car,Moving Off,No Skidding/Overturn,On Main CW - Not Rest.,Jct Mid,None,Did Not Leave,None,Front Hit First,Other/Not Known,Female,68,65+
1210347797,Haringey,31,533835,190203,2,Car,Car,Unknown (S/R),Unknown (S/R),Unknown (S/R),Unknown (S/R),Unknown (S/R),Unknown (S/R),Unknown (S/R),Front Hit First,Unknown,Male,75,65+
1210347803,Croydon,20,532128,166051,1,Car,Car,Turning Left,No Skidding/Overturn,On Main CW - Not Rest.,Jct App,None,Did Not Leave,None,Front Hit First,Unknown,Male,27,25-34
1210347818,Brent,28,522814,187001,1,Car,Car,Going Ahead Other,No Skidding/Overturn,On Main CW - Not Rest.,Entering Main Rd,Hit Bollard,Left Cwy Ahead At Junctn,Hit Nr/Off Bar,Front Hit First,Other/Not Known,Male,67,65+
1210347826,Redbridge,14,543944,186933,1,Car,Car,Turning Right,No Skidding/Overturn,On Main CW - Not Rest.,Jct App,Hit Oth Object,Did Not Leave,None,Front Hit First,Other/Not Known,Female,40,35-64
1210347829,Newham,17,540406,182312,1,Car,Car,Going Ahead Held Up,No Skidding/Overturn,On Main CW - Not Rest.,Jct App,None,Did Not Leave,None,Front Hit First,Other/Not Known,Male,69,65+
1210347830,Lewisham,7,536144,176870,1,Car,Car,Unknown (S/R),Unknown (S/R),Unknown (S/R),Unknown (S/R),Unknown (S/R),Unknown (S/R),Unknown (S/R),Front Hit First,Unknown,Male,61,35-64
1210347831,Bexley,18,547498,172384,1,Car,Car,Moving Off,No Skidding/Overturn,On Main CW - Not Rest.,Jct App,None,Did Not Leave,None,Front Hit First,Unknown,Female,41,35-64
1210347844,Bromley,19,539801,169437,1,Car,Car,Going Ahead Left Bend,Skid/Over,On Main CW - Not Rest.,Not At Jct,None,Left Cwy Nearside/Rebound,Wall Or Fence,Front Hit First,Unknown,Male,28,25-34
1210347845,Waltham Forest,13,537701,188202,1,Car,Car,Going Ahead Other,No Skidding/Overturn,On Main CW - Not Rest.,Not At Jct,None,Did Not Leave,None,Front Hit First,Other/Not Known,Male,67,65+
1210347846,Hammersmith & Fulham,11,523748,177567,1,Car,Car,Turning Left,No Skidding/Overturn,On Main CW - Not Rest.,Jct App,None,Did Not Leave,None,Front Hit First,Other/Not Known,Female,52,35-64
1210347849,Redbridge,14,545042,191525,1,Car,Car,Moving Off,No Skidding/Overturn,On Main CW - Not Rest.,Jct App,None,Left Cwy Nearside,None,Front Hit First,Unknown,Male,20,17-24
1210347852,Havering,15,558301,188764,1,Goods Vehicle,GDS =< 3.5T,Slowing Or Stopping,No Skidding/Overturn,On Main CW - Not Rest.,Not At Jct,None,Did Not Leave,None,Front Hit First,Other/Not Known,Male,34,25-34
1210347855,Croydon,20,532432,164629,1,Car,Car,Unknown (S/R),Unknown (S/R),Unknown (S/R),Not At Jct,Unknown (S/R),Unknown (S/R),Unknown (S/R),Front Hit First,Other/Not Known,Male,21,17-24
1210347862,Lambeth,9,530402,177216,1,Car,Car,Turning Right,No Skidding/Overturn,On Main CW - Not Rest.,Entering Main Rd,None,Did Not Leave,None,Front Hit First,Jny Part Of Work,Male,53,35-64
1210347863,Bromley,19,547295,168321,1,Car,Car,Going Ahead Other,No Skidding/Overturn,On Main CW - Not Rest.,Not At Jct,None,Did Not Leave,None,Front Hit First,Unknown,Male,43,35-64
1210347867,Hillingdon,26,507497,178822,2,Car,Car,Going Ahead Right Bend,No Skidding/Overturn,On Main CW - Not Rest.,Entering R'about,None,Did Not Leave,None,Front Hit First,Unknown,Male,28,25-34
1210347871,Havering,15,553855,188245,2,Car,Car,Going Ahead Other,No Skidding/Overturn,On Main CW - Not Rest.,Jct App,None,Did Not Leave,None,Front Hit First,Jny Part Of Work,Male,49,35-64
1210347874,Bromley,19,541191,168548,2,Car,Car,Going Ahead Other,No Skidding/Overturn,On Main CW - Not Rest.,Jct App,Hit Prev Acc,Did Not Leave,None,Front Hit First,Other/Not Known,Male,21,17-24
1210347877,Hackney,4,533526,184268,1,Car,Car,Moving Off,No Skidding/Overturn,On Main CW - Not Rest.,Jct Mid,None,Did Not Leave,None,Front Hit First,Unknown,Male,22,17-24
1210347892,Hounslow,25,517495,178150,2,Car,Car,Going Ahead Other,No Skidding/Overturn,On Main CW - Not Rest.,Jct Mid,None,Did Not Leave,None,Front Hit First,Unknown,Female,24,17-24
1210347893,Hounslow,25,517498,178148,2,Car,Car,Going Ahead Other,No Skidding/Overturn,On Main CW - Not Rest.,Jct App,None,Did Not Leave,None,Front Hit First,Comm To/From Work,Male,54,35-64
1210347897,Newham,17,543041,186085,2,Car,Car,U-turning,No Skidding/Overturn,On Main CW - Not Rest.,Entering Main Rd,None,Did Not Leave,None,Front Hit First,Unknown,Male,35,35-64
1210347904,Newham,17,543692,183781,1,Goods Vehicle,GDS => 7.5T,Going Ahead Other,Skidded,On Main CW - Not Rest.,Not At Jct,None,Did Not Leave,None,Front Hit First,Jny Part Of Work,Male,52,35-64
1210347909,Southwark,8,534451,175110,2,Car,Car,Going Ahead Other,No Skidding/Overturn,On Main CW - Not Rest.,Jct App,None,Did Not Leave,None,Front Hit First,Unknown,Male,23,17-24
1210347910,Harrow,29,514782,193030,1,Car,Car,Going Ahead Right Bend,Skidded,On Main CW - Not Rest.,Not At Jct,Hit Kerb,Left Cwy Nearside,Hit Lamp Post,Front Hit First,Jny Part Of Work,Male,26,25-34
1210347925,Brent,28,520650,185072,1,Goods Vehicle,GDS =< 3.5T,Going Ahead Other,No Skidding/Overturn,On Main CW - Not Rest.,Jct App,None,Did Not Leave,None,Front Hit First,Other/Not Known,Male,37,35-64
1210347926,Lambeth,9,530745,172713,1,Car,Car,Going Ahead Other,No Skidding/Overturn,On Main CW - Not Rest.,Jct App,None,Did Not Leave,None,Front Hit First,Unknown,Male,22,17-24
1210347933,Enfield,32,528934,192107,1,Car,Car,Unknown (S/R),Unknown (S/R),Unknown (S/R),Unknown (S/R),Unknown (S/R),Unknown (S/R),Unknown (S/R),Front Hit First,Other/Not Known,Male,22,17-24
1210347938,Greenwich,6,546245,178403,1,Car,Car,Unknown (S/R),No Skidding/Overturn,On Main CW - Not Rest.,Unknown (S/R),None,Did Not Leave,None,Front Hit First,Other/Not Known,Male,48,35-64
1210347939,Lambeth,9,531546,172981,1,Car,Car,Going Ahead Other,No Skidding/Overturn,On Main CW - Not Rest.,Jct Mid,None,Did Not Leave,None,Front Hit First,Other/Not Known,Male,22,17-24
1210347943,Tower Hamlets,5,533972,181206,2,Car,Car,Unknown (S/R),Unknown (S/R),Unknown (S/R),Unknown (S/R),Unknown (S/R),Unknown (S/R),Unknown (S/R),Front Hit First,Unknown,Not Traced,40,35-64
1210347951,Croydon,20,534559,166911,1,Car,Car,Going Ahead Other,No Skidding/Overturn,On Main CW - Not Rest.,Jct Cleared,None,Did Not Leave,None,Front Hit First,Other/Not Known,Female,36,35-64
1210347959,Hammersmith & Fulham,11,523470,178188,1,Car,Car,Turning Right,No Skidding/Overturn,On Main CW - Not Rest.,Jct App,None,Did Not Leave,None,Front Hit First,Other/Not Known,Male,52,35-64
1210347967,Merton,22,529266,167670,2,Goods Vehicle,GDS =< 3.5T,Slowing Or Stopping,No Skidding/Overturn,On Main CW - Not Rest.,Not At Jct,None,Did Not Leave,None,Front Hit First,Unknown,Male,43,35-64
1210347970,Barnet,30,524626,191105,1,Car,Car,Going Ahead Other,Skidded,On Main CW - Not Rest.,Not At Jct,Hit Brdg Side,Left Cwy Nearside,None,Front Hit First,Unknown,Male,34,25-34
1210347971,Lambeth,9,529418,170040,1,Car,Car,Turning Right,No Skidding/Overturn,On Main CW - Not Rest.,Jct Mid,None,Did Not Leave,None,Front Hit First,Unknown,Male,43,35-64
1210347973,Barnet,30,523894,187693,2,Car,Car,Going Ahead Other,No Skidding/Overturn,On Main CW - Not Rest.,Not At Jct,None,Did Not Leave,None,Front Hit First,Other/Not Known,Male,29,25-34
1210347974,Sutton,21,527513,163802,2,Goods Vehicle,GDS =< 3.5T,Overtake Stat Veh O/S,Skidded,On Main CW - Not Rest.,Not At Jct,None,Did Not Leave,None,Front Hit First,Unknown,Male,36,35-64
1210347988,Lambeth,9,531317,177845,1,Car,Car,Going Ahead Other,No Skidding/Overturn,On Main CW - Not Rest.,Jct App,None,Did Not Leave,None,Front Hit First,Unknown,Male,35,35-64
1210347992,Barnet,30,519851,193359,2,Car,Car,Going Ahead Other,No Skidding/Overturn,On Main CW - Not Rest.,Jct App,None,Did Not Leave,None,Front Hit First,Unknown,Male,36,35-64
1210347993,Wandsworth,10,523579,175213,2,Car,Car,Turning Right,No Skidding/Overturn,On Main CW - Not Rest.,Leaving Main Rd,None,Did Not Leave,None,Front Hit First,Other/Not Known,Male,49,35-64
1210348035,Havering,15,553418,190529,2,Car,Car,Unknown (S/R),Unknown (S/R),Unknown (S/R),Unknown (S/R),Unknown (S/R),Unknown (S/R),Unknown (S/R),Front Hit First,Unknown,Male,34,25-34
1210348068,Enfield,32,535725,191660,1,Bus Or Coach,London Bus,Turning Left,Skidded,On Main CW - Not Rest.,Leaving Main Rd,Hit Oth Object,Did Not Leave,None,Front Hit First,Jny Part Of Work,Male,40,35-64
1210348073,Brent,28,516269,185894,1,Car,Car,Unknown (S/R),Unknown (S/R),Unknown (S/R),Unknown (S/R),Unknown (S/R),Unknown (S/R),Unknown (S/R),Front Hit First,Other/Not Known,Male,47,35-64
1210348078,Greenwich,6,541830,176961,1,Car,Car,Moving Off,No Skidding/Overturn,On Main CW - Not Rest.,Entering Main Rd,Hit Animal (Not Rid-horse),Left Cwy Nearside/Rebound,Hit Lamp Post,Front Hit First,Other/Not Known,Female,70,65+
1210348092,Harrow,29,514026,186428,1,Car,Car,Unknown (S/R),Unknown (S/R),Unknown (S/R),Not At Jct,Unknown (S/R),Unknown (S/R),Unknown (S/R),Front Hit First,Other/Not Known,Female,47,35-64
1210348101,Hackney,4,533789,183597,1,Car,Car,Going Ahead Other,No Skidding/Overturn,On Main CW - Not Rest.,Jct Cleared,None,Did Not Leave,None,Front Hit First,Unknown,Female,50,35-64
1210348106,Bromley,19,541394,168563,2,Car,Car,Going Ahead Other,No Skidding/Overturn,On Main CW - Not Rest.,Jct Mid,Hit Parked Veh,Did Not Leave,None,Front Hit First,Comm To/From Work,Male,41,35-64
1210348110,Croydon,20,532626,169153,2,Car,Car,Going Ahead Other,Skidded,Footway,Jct App,Hit Kerb,Did Not Leave,None,Front Hit First,Other/Not Known,Male,24,17-24
1210348117,Tower Hamlets,5,535797,183053,1,Car,Car,Going Ahead Other,No Skidding/Overturn,On Main CW - Not Rest.,Not At Jct,Hit Parked Veh,Did Not Leave,None,Front Hit First,Unknown,Male,20,17-24
1210348124,Croydon,20,531428,166443,1,Car,Car,Going Ahead Other,No Skidding/Overturn,On Main CW - Not Rest.,Not At Jct,None,Did Not Leave,None,Front Hit First,Other/Not Known,Female,34,25-34
1210348129,Hillingdon,26,509729,187037,1,Goods Vehicle,GDS =< 3.5T,Going Ahead Other,No Skidding/Overturn,On Main CW - Not Rest.,Not At Jct,None,Did Not Leave,None,Front Hit First,Jny Part Of Work,Male,25,25-34
1210348137,Brent,28,522828,186984,1,Car,Car,Going Ahead Other,No Skidding/Overturn,On Main CW - Not Rest.,Jct Cleared,Hit Bollard,Did Not Leave,None,Front Hit First,Other/Not Known,Male,50,35-64
1210348139,Hackney,4,533093,187502,2,Car,Car,Unknown (S/R),Unknown (S/R),Unknown (S/R),Not At Jct,Unknown (S/R),Unknown (S/R),Unknown (S/R),Front Hit First,Unknown,Male,28,25-34
1210348144,Brent,28,518479,186351,1,Car,Car,Going Ahead Other,No Skidding/Overturn,On Main CW - Not Rest.,Not At Jct,Hit Parked Veh,Did Not Leave,None,Front Hit First,Unknown,Male,25,25-34
1210348145,Westminster,1,528807,180663,1,Private Hire,Private Hire - Licensed,Going Ahead Left Bend,No Skidding/Overturn,On Main CW - Not Rest.,Jct App,None,Did Not Leave,None,Front Hit First,Other/Not Known,Male,44,35-64
1210348169,Barking & Dagenham,16,548363,189068,1,Car,Car,Overtake Move Veh O/S,No Skidding/Overturn,On Main CW - Not Rest.,Jct Cleared,None,Did Not Leave,None,Front Hit First,Unknown,Male,44,35-64
1210348173,Richmond-Upon-Thames,24,518601,174073,1,Car,Car,Change Lane To Left,No Skidding/Overturn,Footway,Jct App,Hit Bollard,Left Cwy Nearside,None,Front Hit First,Other/Not Known,Female,88,65+
1210348183,Brent,28,519653,185801,1,Car,Car,Slowing Or Stopping,No Skidding/Overturn,On Main CW - Not Rest.,Jct App,None,Did Not Leave,None,Front Hit First,Jny Part Of Work,Male,57,35-64
1210348195,Greenwich,6,542559,175854,2,Car,Car,Turning Right,No Skidding/Overturn,On Main CW - Not Rest.,Jct Cleared,None,Did Not Leave,None,Front Hit First,Unknown,Male,34,25-34
1210348207,Bromley,19,544788,167746,2,Car,Car,Going Ahead Other,Skidded,On Main CW - Not Rest.,Jct Mid,None,Did Not Leave,None,Front Hit First,Other/Not Known,Female,39,35-64
1210348208,Tower Hamlets,5,535902,181687,1,Car,Car,Going Ahead Other,No Skidding/Overturn,On Main CW - Not Rest.,Entering R'about,None,Left Cwy Ahead At Junctn,None,Front Hit First,Comm To/From Work,Female,31,25-34
1210348219,Southwark,8,531963,179111,1,Bus Or Coach,London Bus,Going Ahead Right Bend,No Skidding/Overturn,On Main CW - Not Rest.,Entering R'about,None,Did Not Leave,None,Front Hit First,Jny Part Of Work,Male,63,35-64
1210348227,Brent,28,517981,184871,1,Car,Car,Unknown (S/R),Unknown (S/R),Unknown (S/R),Unknown (S/R),Unknown (S/R),Unknown (S/R),Unknown (S/R),Front Hit First,Other/Not Known,Male,25,25-34
1210348229,Greenwich,6,545124,179679,1,Goods Vehicle,GDS =< 3.5T,Slowing Or Stopping,Skidded,On Main CW - Not Rest.,Jct App,None,Did Not Leave,None,Front Hit First,Jny Part Of Work,Male,19,17-24
1210348230,Bexley,18,545339,175861,1,Car,Car,Turning Right,No Skidding/Overturn,On Main CW - Not Rest.,Jct Mid,None,Left Cwy Offside,None,Front Hit First,Jny Part Of Work,Male,47,35-64
1210348245,Bromley,19,537452,169774,1,Car,Car,Unknown (S/R),Unknown (S/R),Unknown (S/R),Unknown (S/R),Unknown (S/R),Unknown (S/R),Unknown (S/R),Front Hit First,Other/Not Known,Female,28,25-34
1210348253,Brent,28,520463,185176,1,Car,Car,Going Ahead Other,No Skidding/Overturn,On Main CW - Not Rest.,Jct App,Hit Parked Veh,Did Not Leave,None,Front Hit First,Comm To/From Work,Male,30,25-34
1210348257,Lewisham,7,536484,175873,1,Car,Car,Going Ahead Other,No Skidding/Overturn,On Main CW - Not Rest.,Entering R'about,None,Did Not Leave,None,Front Hit First,Other/Not Known,Male,72,65+
1210348264,Barnet,30,520232,190312,3,Car,Car,Going Ahead Other,No Skidding/Overturn,On Main CW - Not Rest.,Not At Jct,None,Did Not Leave,None,Front Hit First,Other/Not Known,Female,70,65+
1210348265,Barnet,30,524010,188453,1,Goods Vehicle,GDS =< 3.5T,Moving Off,No Skidding/Overturn,On Main CW - Not Rest.,Jct App,None,Did Not Leave,None,Front Hit First,Unknown,Male,30,25-34
1210348274,Enfield,32,534343,197462,1,Car,Car,Unknown (S/R),Unknown (S/R),Unknown (S/R),Unknown (S/R),Unknown (S/R),Unknown (S/R),Unknown (S/R),Front Hit First,Comm To/From Work,Female,34,25-34
1210348275,Bexley,18,546373,175855,1,Car,Car,Moving Off,No Skidding/Overturn,On Main CW - Not Rest.,Jct Cleared,None,Did Not Leave,None,Front Hit First,Jny Part Of Work,Male,36,35-64
1210348283,Ealing,27,514056,183458,1,Car,Car,Unknown (S/R),Unknown (S/R),Unknown (S/R),Unknown (S/R),Unknown (S/R),Unknown (S/R),Unknown (S/R),Front Hit First,Other/Not Known,Female,38,35-64
1210348288,Ealing,27,514912,183545,1,Car,Car,Turning Left,No Skidding/Overturn,On Main CW - Not Rest.,Entering Main Rd,None,Did Not Leave,None,Front Hit First,Comm To/From Work,Male,38,35-64
1210348295,Harrow,29,515841,189242,1,Car,Car,Unknown (S/R),Unknown (S/R),Unknown (S/R),Unknown (S/R),Unknown (S/R),Unknown (S/R),Unknown (S/R),Front Hit First,Other/Not Known,Male,56,35-64
1210348300,Enfield,32,528939,192472,1,Car,Car,Going Ahead Other,No Skidding/Overturn,On Main CW - Not Rest.,Leaving R'about,None,Did Not Leave,None,Front Hit First,Jny Part Of Work,Male,22,17-24
1210348302,Haringey,31,533136,189409,1,Car,Car,Turning Right,No Skidding/Overturn,On Main CW - Not Rest.,Jct Cleared,None,Did Not Leave,None,Front Hit First,Unknown,Male,67,65+
1210348303,Camden,2,530103,182823,2,Private Hire,Private Hire - Licensed,Turning Right,No Skidding/Overturn,On Main CW - Not Rest.,Jct Cleared,None,Left Cwy Nearside,None,Front Hit First,Jny Part Of Work,Male,49,35-64
1210348309,Southwark,8,532312,178279,1,Bus Or Coach,London Bus,Moving Off,No Skidding/Overturn,On Main CW - Not Rest.,Jct Cleared,None,Did Not Leave,None,Front Hit First,Jny Part Of Work,Male,38,35-64
1210348310,Camden,2,526477,186867,1,Other Vehicle,Minibus,Going Ahead Other,Skidded,On Main CW - Not Rest.,Not At Jct,None,Did Not Leave,None,Front Hit First,Jny Part Of Work,Female,55,35-64
1210348316,Haringey,31,533629,188523,2,Car,Car,Turning Right,No Skidding/Overturn,On Main CW - Not Rest.,Entering Main Rd,None,Left Cwy Nearside,None,Front Hit First,Other/Not Known,Male,26,25-34
1210348334,Croydon,20,532704,169116,1,Taxi,Taxi,Unknown (S/R),Unknown (S/R),Unknown (S/R),Unknown (S/R),Unknown (S/R),Unknown (S/R),Unknown (S/R),Front Hit First,Jny Part Of Work,Male,48,35-64
1210348335,Hillingdon,26,510860,182320,2,Car,Car,Turning Right,No Skidding/Overturn,On Main CW - Not Rest.,Jct App,None,Did Not Leave,None,Front Hit First,Other/Not Known,Male,26,25-34
1210348364,Ealing,27,514206,180250,1,Car,Car,Going Ahead Other,No Skidding/Overturn,On Main CW - Not Rest.,Jct App,None,Did Not Leave,None,Front Hit First,Other/Not Known,Male,44,35-64
1210348365,Merton,22,526383,169564,1,Car,Car,Going Ahead Other,No Skidding/Overturn,On Main CW - Not Rest.,Jct App,Hit Bollard,Did Not Leave,None,Front Hit First,Other/Not Known,Male,18,17-24
1210348370,Hillingdon,26,507473,178746,2,Goods Vehicle,GDS 3.5-7.5T,Change Lane To Left,No Skidding/Overturn,On Main CW - Not Rest.,Jct Cleared,None,Did Not Leave,None,Front Hit First,Jny Part Of Work,Male,41,35-64
1210348385,Camden,2,529797,181455,1,Goods Vehicle,GDS =< 3.5T,Turning Right,No Skidding/Overturn,On Main CW - Not Rest.,Jct Mid,None,Did Not Leave,None,Front Hit First,Jny Part Of Work,Male,51,35-64
1210348388,Hounslow,25,510987,174486,1,Car,Car,Moving Off,No Skidding/Overturn,Footway,Entering Main Rd,None,Did Not Leave,None,Front Hit First,Other/Not Known,Male,56,35-64
1210348409,Newham,17,540321,183932,2,Car,Car,Going Ahead Other,No Skidding/Overturn,On Main CW - Not Rest.,Jct App,None,Did Not Leave,None,Front Hit First,Unknown,Male,20,17-24
1210348418,Harrow,29,519420,190176,1,Car,Car,Slowing Or Stopping,No Skidding/Overturn,On Main CW - Not Rest.,Not At Jct,None,Did Not Leave,None,Front Hit First,Other/Not Known,Female,35,35-64
1210348422,Southwark,8,534865,179561,2,Car,Car,Turning Right,No Skidding/Overturn,On Main CW - Not Rest.,Leaving Main Rd,None,Did Not Leave,None,Front Hit First,Unknown,Female,36,35-64
1210348434,Barnet,30,522466,191216,1,Car,Car,U-turning,No Skidding/Overturn,On Main CW - Not Rest.,Not At Jct,None,Did Not Leave,None,Front Hit First,Comm To/From Work,Male,33,25-34
1210348452,Havering,15,553431,189945,1,Car,Car,Going Ahead Other,No Skidding/Overturn,On Main CW - Not Rest.,Jct App,None,Did Not Leave,None,Front Hit First,Other/Not Known,Male,45,35-64
1210348455,Southwark,8,533309,174921,2,Car,Car,Unknown (S/R),Unknown (S/R),Unknown (S/R),Unknown (S/R),Unknown (S/R),Unknown (S/R),Unknown (S/R),Front Hit First,Unknown,Male,37,35-64
1210348460,Barking & Dagenham,16,549140,185783,2,Other Vehicle,Other Vehicle,Going Ahead Other,No Skidding/Overturn,Footway,Jct App,Hit Parked Veh,Did Not Leave,None,Front Hit First,Unknown,Male,43,35-64
1210348463,Ealing,27,516415,178884,2,Car,Car,Unknown (S/R),Unknown (S/R),Unknown (S/R),Unknown (S/R),Unknown (S/R),Unknown (S/R),Unknown (S/R),Front Hit First,Unknown,Female,54,35-64
1210348470,Waltham Forest,13,539946,186227,1,Car,Car,Going Ahead Held Up,No Skidding/Overturn,On Main CW - Not Rest.,Jct App,None,Did Not Leave,None,Front Hit First,Other/Not Known,Male,36,35-64
1210348477,Hounslow,25,521145,177934,1,Car,Car,Turning Right,No Skidding/Overturn,On Main CW - Not Rest.,Leaving Main Rd,None,Did Not Leave,None,Front Hit First,Unknown,Male,49,35-64
1210348478,Hackney,4,537469,184769,2,Car,Car,Unknown (S/R),Unknown (S/R),Unknown (S/R),Unknown (S/R),Unknown (S/R),Unknown (S/R),Unknown (S/R),Front Hit First,Unknown,Female,22,17-24
1210348497,Camden,2,530573,181395,1,Car,Car,Going Ahead Other,No Skidding/Overturn,On Main CW - Not Rest.,Jct Mid,None,Did Not Leave,None,Front Hit First,Other/Not Known,Male,24,17-24
1210348500,Camden,2,528052,186979,3,Car,Car,Turning Right,No Skidding/Overturn,On Main CW - Not Rest.,Jct Cleared,None,Did Not Leave,None,Front Hit First,Other/Not Known,Male,54,35-64
1210348509,Brent,28,523808,185714,2,Car,Car,Going Ahead Other,No Skidding/Overturn,On Main CW - Not Rest.,Jct Mid,None,Left Cwy Ahead At Junctn,None,Front Hit First,Unknown,Male,27,25-34
1210348512,Redbridge,14,540444,187135,1,Car,Car,Going Ahead Other,No Skidding/Overturn,On Main CW - Not Rest.,Jct App,None,Did Not Leave,None,Front Hit First,Other/Not Known,Female,24,17-24
1210348515,Brent,28,516058,187943,1,Car,Car,Going Ahead Other,Skidded,On Main CW - Not Rest.,Entering R'about,Hit Roundabout,Did Not Leave,None,Front Hit First,Other/Not Known,Male,21,17-24
1210348530,Haringey,31,531829,189976,1,Car,Car,Turning Right,No Skidding/Overturn,On Main CW - Not Rest.,Jct App,None,Did Not Leave,None,Front Hit First,Jny Part Of Work,Female,47,35-64
1210348535,Merton,22,526726,170283,1,Goods Vehicle,GDS =< 3.5T,Turning Right,No Skidding/Overturn,On Main CW - Not Rest.,Jct App,None,Did Not Leave,None,Front Hit First,Jny Part Of Work,Female,34,25-34
1210348536,Kingston-Upon-Thames,23,518008,164815,2,Car,Car,Unknown (S/R),Unknown (S/R),Unknown (S/R),Unknown (S/R),Unknown (S/R),Unknown (S/R),Unknown (S/R),Front Hit First,Unknown,Female,30,25-34
1210348562,Harrow,29,516580,190478,1,Car,Car,Going Ahead Right Bend,No Skidding/Overturn,On Main CW - Not Rest.,Entering R'about,Hit Kerb,Did Not Leave,None,Front Hit First,Other/Not Known,Female,80,65+
1210348579,Croydon,20,534323,166852,1,Goods Vehicle,GDS =< 3.5T,Going Ahead Other,No Skidding/Overturn,On Main CW - Not Rest.,Jct App,None,Did Not Leave,None,Front Hit First,Jny Part Of Work,Female,48,35-64
1210348581,Tower Hamlets,5,537731,183015,1,Other Vehicle,Other Vehicle,Going Ahead Other,No Skidding/Overturn,Footway,Not At Jct,None,Did Not Leave,None,Front Hit First,Unknown,Not Traced,31,25-34
1210348608,Newham,17,543599,183978,2,Goods Vehicle,GDS =< 3.5T,Going Ahead Other,No Skidding/Overturn,On Main CW - Not Rest.,Not At Jct,None,Did Not Leave,None,Front Hit First,Jny Part Of Work,Male,22,17-24
1210348622,Redbridge,14,544918,190569,2,Car,Car,Turning Right,No Skidding/Overturn,On Main CW - Not Rest.,Entering Main Rd,None,Did Not Leave,None,Front Hit First,Comm To/From Work,Male,44,35-64
1210348627,Barnet,30,527986,191527,1,Car,Car,Going Ahead Held Up,No Skidding/Overturn,On Main CW - Not Rest.,Jct Mid,None,Did Not Leave,None,Front Hit First,Other/Not Known,Male,34,25-34
1210348636,Brent,28,518910,185466,2,Car,Car,Moving Off,No Skidding/Overturn,On Main CW - Not Rest.,Jct Cleared,None,Did Not Leave,None,Front Hit First,Unknown,Male,44,35-64
1210348639,Southwark,8,534393,178241,2,Car,Car,Turning Right,No Skidding/Overturn,On Main CW - Not Rest.,Jct Mid,None,Did Not Leave,None,Front Hit First,Taking Pupil To/From Sch,Female,29,25-34
1210348644,Wandsworth,10,527468,171110,1,Car,Car,Unknown (S/R),Unknown (S/R),Unknown (S/R),Unknown (S/R),Unknown (S/R),Unknown (S/R),Unknown (S/R),Front Hit First,Other/Not Known,Male,47,35-64
1210348647,Hammersmith & Fulham,11,521905,179253,1,Car,Car,Going Ahead Other,No Skidding/Overturn,On Main CW - Not Rest.,Not At Jct,None,Did Not Leave,None,Front Hit First,Other/Not Known,Female,41,35-64
1210348652,Westminster,1,530063,180884,1,Taxi,Taxi,Unknown (S/R),Unknown (S/R),Unknown (S/R),Unknown (S/R),Unknown (S/R),Unknown (S/R),Unknown (S/R),Front Hit First,Unknown,Female,51,35-64
1210348653,Barnet,30,527206,195364,1,Car,Car,Unknown (S/R),Unknown (S/R),Unknown (S/R),Unknown (S/R),Unknown (S/R),Unknown (S/R),Unknown (S/R),Front Hit First,Jny Part Of Work,Male,34,25-34
1210348657,Bromley,19,548068,162903,3,Car,Car,Slowing Or Stopping,No Skidding/Overturn,On Main CW - Not Rest.,Jct App,None,Did Not Leave,None,Front Hit First,Unknown,Male,34,25-34
1210348658,Bexley,18,550408,176281,1,Car,Car,Moving Off,No Skidding/Overturn,On Main CW - Not Rest.,Jct App,None,Did Not Leave,None,Front Hit First,Other/Not Known,Female,72,65+
1210348671,Richmond-Upon-Thames,24,520502,175768,2,Car,Car,Going Ahead Held Up,No Skidding/Overturn,On Main CW - Not Rest.,Not At Jct,None,Did Not Leave,None,Front Hit First,Other/Not Known,Male,77,65+
1210348672,Havering,15,552385,181355,3,Car,Car,Slowing Or Stopping,Skidded,On Main CW - Not Rest.,Not At Jct,None,Did Not Leave,None,Front Hit First,Comm To/From Work,Female,44,35-64
1210348676,Westminster,1,523858,182705,1,Goods Vehicle,GDS =< 3.5T,Going Ahead Right Bend,No Skidding/Overturn,On Main CW - Not Rest.,Not At Jct,None,Did Not Leave,None,Front Hit First,Unknown,Male,32,25-34
1210348682,Brent,28,519683,186593,1,Goods Vehicle,GDS =< 3.5T,Going Ahead Right Bend,No Skidding/Overturn,On Main CW - Not Rest.,Jct Cleared,None,Did Not Leave,None,Front Hit First,Jny Part Of Work,Male,35,35-64
1210348685,Redbridge,14,547155,192145,1,Goods Vehicle,GDS =< 3.5T,Turning Right,No Skidding/Overturn,On Main CW - Not Rest.,Jct Mid,None,Did Not Leave,None,Front Hit First,Comm To/From Work,Male,44,35-64